ISO-10303-21;
HEADER;

/* File generated by Shapr3D Version 5.822.0.8527 */

FILE_DESCRIPTION(('HOOPS Exchange Step'),'2;1');

FILE_NAME('/Users/mairisskuja/Library/Containers/com.shapr3d.shapr/Data/tmp/export/temp_export',
'2025-04-06T21:55:43+03:00',
('mairisskuja'),
('Shapr3D Limited'),
'HOOPS Exchange 2024.8',
'Shapr3D',
'Authorized');

FILE_SCHEMA( ('AP242_MANAGED_MODEL_BASED_3D_ENGINEERING_MIM_LF {1 0 10303 442 1 1 4}') );

ENDSEC;

DATA;
#3=(NAMED_UNIT(*)PLANE_ANGLE_UNIT()SI_UNIT($,.RADIAN.));
#4=PLANE_ANGLE_MEASURE_WITH_UNIT(PLANE_ANGLE_MEASURE(0.0174532925),#3);
#5=(CONVERSION_BASED_UNIT('DEGREE',#4)NAMED_UNIT(#6)PLANE_ANGLE_UNIT());
#6=DIMENSIONAL_EXPONENTS(0.,0.,0.,0.,0.,0.,0.);
#7=(NAMED_UNIT(*)SI_UNIT($,.STERADIAN.)SOLID_ANGLE_UNIT());
#8=(LENGTH_UNIT()NAMED_UNIT(*)SI_UNIT(.MILLI.,.METRE.));
#9=UNCERTAINTY_MEASURE_WITH_UNIT(LENGTH_MEASURE(1.000000E-03),#8,'DISTANCE_ACCURACY_VALUE','Maximum Tolerance applied to model');
#10=(GEOMETRIC_REPRESENTATION_CONTEXT(3)GLOBAL_UNCERTAINTY_ASSIGNED_CONTEXT((#9))GLOBAL_UNIT_ASSIGNED_CONTEXT((#8,#5,#7))REPRESENTATION_CONTEXT('','root'));
#12=CARTESIAN_POINT('',(0.,0.,0.));
#13=DIRECTION('',(0.,0.,1.));
#14=DIRECTION('',(1.,0.,0.));
#15=AXIS2_PLACEMENT_3D('',#12,#13,#14);
#26=(NAMED_UNIT(*)PLANE_ANGLE_UNIT()SI_UNIT($,.RADIAN.));
#27=PLANE_ANGLE_MEASURE_WITH_UNIT(PLANE_ANGLE_MEASURE(0.0174532925),#26);
#28=(CONVERSION_BASED_UNIT('DEGREE',#27)NAMED_UNIT(#29)PLANE_ANGLE_UNIT());
#29=DIMENSIONAL_EXPONENTS(0.,0.,0.,0.,0.,0.,0.);
#30=(NAMED_UNIT(*)SI_UNIT($,.STERADIAN.)SOLID_ANGLE_UNIT());
#31=(LENGTH_UNIT()NAMED_UNIT(*)SI_UNIT(.MILLI.,.METRE.));
#32=UNCERTAINTY_MEASURE_WITH_UNIT(LENGTH_MEASURE(1.000000E-03),#31,'DISTANCE_ACCURACY_VALUE','Maximum Tolerance applied to model');
#33=(GEOMETRIC_REPRESENTATION_CONTEXT(3)GLOBAL_UNCERTAINTY_ASSIGNED_CONTEXT((#32))GLOBAL_UNIT_ASSIGNED_CONTEXT((#31,#28,#30))REPRESENTATION_CONTEXT('','Stealth_Press_Rev1S'));
#45=CARTESIAN_POINT('',(0.,0.,0.));
#46=DIRECTION('',(0.,0.,1.));
#47=DIRECTION('',(1.,0.,-0.));
#48=AXIS2_PLACEMENT_3D('',#45,#46,#47);
#49=ITEM_DEFINED_TRANSFORMATION('','',#48,#15);
#50=(REPRESENTATION_RELATIONSHIP('','',#35,#16)REPRESENTATION_RELATIONSHIP_WITH_TRANSFORMATION(#49)SHAPE_REPRESENTATION_RELATIONSHIP());
#51=NEXT_ASSEMBLY_USAGE_OCCURRENCE('Stealth_Press_Rev1S_1','Stealth_Press_Rev1S','Stealth_Press_Rev1S',#25,#44,$);
#52=PRODUCT_DEFINITION_SHAPE('','',#51);
#53=CONTEXT_DEPENDENT_SHAPE_REPRESENTATION(#50,#52);
#54=(NAMED_UNIT(*)PLANE_ANGLE_UNIT()SI_UNIT($,.RADIAN.));
#55=PLANE_ANGLE_MEASURE_WITH_UNIT(PLANE_ANGLE_MEASURE(0.0174532925),#54);
#56=(CONVERSION_BASED_UNIT('DEGREE',#55)NAMED_UNIT(#57)PLANE_ANGLE_UNIT());
#57=DIMENSIONAL_EXPONENTS(0.,0.,0.,0.,0.,0.,0.);
#58=(NAMED_UNIT(*)SI_UNIT($,.STERADIAN.)SOLID_ANGLE_UNIT());
#59=(LENGTH_UNIT()NAMED_UNIT(*)SI_UNIT(.MILLI.,.METRE.));
#60=UNCERTAINTY_MEASURE_WITH_UNIT(LENGTH_MEASURE(1.000000E-05),#59,'DISTANCE_ACCURACY_VALUE','Maximum Tolerance applied to model');
#61=(GEOMETRIC_REPRESENTATION_CONTEXT(3)GLOBAL_UNCERTAINTY_ASSIGNED_CONTEXT((#60))GLOBAL_UNIT_ASSIGNED_CONTEXT((#59,#56,#58))REPRESENTATION_CONTEXT('','Iron Mounts'));
#73=CARTESIAN_POINT('',(0.,0.,0.));
#74=DIRECTION('',(0.,0.,1.));
#75=DIRECTION('',(1.,0.,-0.));
#76=AXIS2_PLACEMENT_3D('',#73,#74,#75);
#77=ITEM_DEFINED_TRANSFORMATION('','',#76,#15);
#78=(REPRESENTATION_RELATIONSHIP('','',#63,#35)REPRESENTATION_RELATIONSHIP_WITH_TRANSFORMATION(#77)SHAPE_REPRESENTATION_RELATIONSHIP());
#79=NEXT_ASSEMBLY_USAGE_OCCURRENCE('Iron Mounts_2','Iron Mounts','Iron Mounts',#44,#72,$);
#80=PRODUCT_DEFINITION_SHAPE('','',#79);
#81=CONTEXT_DEPENDENT_SHAPE_REPRESENTATION(#78,#80);
#83=CARTESIAN_POINT('',(148.054169167,267.038539072,99.12));
#84=DIRECTION('',(0.,0.,1.));
#85=DIRECTION('',(-0.64278761,-0.766044443,0.));
#86=AXIS2_PLACEMENT_3D('',#83,#84,#85);
#87=PLANE('',#86);
#88=CARTESIAN_POINT('',(11.448171876,253.859923357,99.12));
#89=VERTEX_POINT('',#88);
#90=CARTESIAN_POINT('',(15.141674701,250.840855561,99.12));
#91=VERTEX_POINT('',#90);
#92=CARTESIAN_POINT('',(11.448171876,253.859923357,99.12));
#93=CARTESIAN_POINT('',(11.084471311,253.62687251,99.12));
#94=CARTESIAN_POINT('',(10.869075831,253.256109798,99.12));
#95=CARTESIAN_POINT('',(10.653680351,252.885347086,99.12));
#96=CARTESIAN_POINT('',(10.653680351,252.355686069,99.12));
#97=CARTESIAN_POINT('',(10.653680351,251.826025052,99.12));
#98=CARTESIAN_POINT('',(10.869075831,251.451731267,99.12));
#99=CARTESIAN_POINT('',(11.084471311,251.077437482,99.12));
#100=CARTESIAN_POINT('',(11.448171876,250.840855561,99.12));
#101=CARTESIAN_POINT('',(11.811872441,250.60427364,99.12));
#102=CARTESIAN_POINT('',(12.29209843,250.498341436,99.12));
#103=CARTESIAN_POINT('',(12.772324418,250.392409233,99.12));
#104=CARTESIAN_POINT('',(13.301985435,250.392409233,99.12));
#105=CARTESIAN_POINT('',(13.831646452,250.392409233,99.12));
#106=CARTESIAN_POINT('',(14.308341368,250.498341436,99.12));
#107=CARTESIAN_POINT('',(14.785036283,250.60427364,99.12));
#108=CARTESIAN_POINT('',(15.141674701,250.840855561,99.12));
#109=B_SPLINE_CURVE_WITH_KNOTS('',2,(#92,#93,#94,#95,#96,#97,#98,#99,#100,#101,#102,#103,#104,#105,#106,#107,#108),.UNSPECIFIED.,.F.,.F.,(3,2,2,2,2,2,2,2,3),(0.,0.0625,0.125,0.1875,0.25,0.3125,0.375,0.4375,0.5),.UNSPECIFIED.);
#110=EDGE_CURVE('',#89,#91,#109,.T.);
#111=ORIENTED_EDGE('',*,*,#110,.T.);
#112=CARTESIAN_POINT('',(15.141674701,250.840855561,99.12));
#113=CARTESIAN_POINT('',(15.498313119,251.077437482,99.12));
#114=CARTESIAN_POINT('',(15.710177526,251.451731267,99.12));
#115=CARTESIAN_POINT('',(15.922041933,251.826025052,99.12));
#116=CARTESIAN_POINT('',(15.922041933,252.355686069,99.12));
#117=CARTESIAN_POINT('',(15.922041933,252.885347086,99.12));
#118=CARTESIAN_POINT('',(15.710177526,253.256109798,99.12));
#119=CARTESIAN_POINT('',(15.498313119,253.62687251,99.12));
#120=CARTESIAN_POINT('',(15.141674701,253.859923357,99.12));
#121=CARTESIAN_POINT('',(14.785036283,254.092974205,99.12));
#122=CARTESIAN_POINT('',(14.308341368,254.198906408,99.12));
#123=CARTESIAN_POINT('',(13.831646452,254.304838612,99.12));
#124=CARTESIAN_POINT('',(13.301985435,254.304838612,99.12));
#125=CARTESIAN_POINT('',(12.772324418,254.304838612,99.12));
#126=CARTESIAN_POINT('',(12.29209843,254.198906408,99.12));
#127=CARTESIAN_POINT('',(11.811872441,254.092974205,99.12));
#128=CARTESIAN_POINT('',(11.448171876,253.859923357,99.12));
#129=B_SPLINE_CURVE_WITH_KNOTS('',2,(#112,#113,#114,#115,#116,#117,#118,#119,#120,#121,#122,#123,#124,#125,#126,#127,#128),.UNSPECIFIED.,.F.,.F.,(3,2,2,2,2,2,2,2,3),(0.5,0.5625,0.625,0.6875,0.75,0.8125,0.875,0.9375,1.),.UNSPECIFIED.);
#130=EDGE_CURVE('',#91,#89,#129,.T.);
#131=ORIENTED_EDGE('',*,*,#130,.T.);
#132=EDGE_LOOP('',(#111,#131));
#133=FACE_BOUND('',#132,.T.);
#134=CARTESIAN_POINT('',(-6.706793144,239.928682758,99.12));
#135=VERTEX_POINT('',#134);
#136=CARTESIAN_POINT('',(-4.854570926,241.257395061,99.12));
#137=VERTEX_POINT('',#136);
#138=CARTESIAN_POINT('',(-3.182988707,236.971859752,99.12));
#139=DIRECTION('',(-0.,-0.,-1.));
#140=DIRECTION('',(1.,0.,-0.));
#141=AXIS2_PLACEMENT_3D('',#138,#139,#140);
#142=CIRCLE('',#141,4.6);
#143=EDGE_CURVE('',#135,#137,#142,.T.);
#144=ORIENTED_EDGE('',*,*,#143,.T.);
#145=CARTESIAN_POINT('',(-10.,250.,99.12));
#146=VERTEX_POINT('',#145);
#147=CARTESIAN_POINT('',(0.,250.,99.12));
#148=DIRECTION('',(0.,0.,1.));
#149=DIRECTION('',(1.,0.,-0.));
#150=AXIS2_PLACEMENT_3D('',#147,#148,#149);
#151=CIRCLE('',#150,10.);
#152=EDGE_CURVE('',#137,#146,#151,.T.);
#153=ORIENTED_EDGE('',*,*,#152,.T.);
#154=CARTESIAN_POINT('',(-7.866289004,243.825739129,99.12));
#155=VERTEX_POINT('',#154);
#156=CARTESIAN_POINT('',(0.,250.,99.12));
#157=DIRECTION('',(0.,0.,1.));
#158=DIRECTION('',(1.,0.,-0.));
#159=AXIS2_PLACEMENT_3D('',#156,#157,#158);
#160=CIRCLE('',#159,10.);
#161=EDGE_CURVE('',#146,#155,#160,.T.);
#162=ORIENTED_EDGE('',*,*,#161,.T.);
#163=CARTESIAN_POINT('',(-8.861030794,241.730739766,99.12));
#164=VERTEX_POINT('',#163);
#165=CARTESIAN_POINT('',(-12.384835232,244.687562771,99.12));
#166=DIRECTION('',(-0.,-0.,-1.));
#167=DIRECTION('',(1.,0.,-0.));
#168=AXIS2_PLACEMENT_3D('',#165,#166,#167);
#169=CIRCLE('',#168,4.6);
#170=EDGE_CURVE('',#155,#164,#169,.T.);
#171=ORIENTED_EDGE('',*,*,#170,.T.);
#172=CARTESIAN_POINT('',(-11.271455192,238.858107831,99.12));
#173=VERTEX_POINT('',#172);
#174=CARTESIAN_POINT('',(-8.861030794,241.730739766,99.12));
#175=DIRECTION('',(-0.64278761,-0.766044443,0.));
#176=VECTOR('',#175,3.749954668);
#177=LINE('',#174,#176);
#178=EDGE_CURVE('',#164,#173,#177,.T.);
#179=ORIENTED_EDGE('',*,*,#178,.T.);
#180=CARTESIAN_POINT('',(-15.254886296,242.200603403,99.12));
#181=VERTEX_POINT('',#180);
#182=CARTESIAN_POINT('',(-11.271455192,238.858107831,99.12));
#183=DIRECTION('',(-0.766044443,0.64278761,0.));
#184=VECTOR('',#183,5.2);
#185=LINE('',#182,#184);
#186=EDGE_CURVE('',#173,#181,#185,.T.);
#187=ORIENTED_EDGE('',*,*,#186,.T.);
#188=CARTESIAN_POINT('',(-15.197688491,242.891058623,99.12));
#189=VERTEX_POINT('',#188);
#190=CARTESIAN_POINT('',(-15.254886296,242.200603403,99.12));
#191=DIRECTION('',(0.08255792,0.996586268,-0.));
#192=VECTOR('',#191,0.692820323);
#193=LINE('',#190,#192);
#194=EDGE_CURVE('',#181,#189,#193,.T.);
#195=ORIENTED_EDGE('',*,*,#194,.T.);
#196=CARTESIAN_POINT('',(-15.123425951,242.979561272,99.12));
#197=VERTEX_POINT('',#196);
#198=CARTESIAN_POINT('',(-15.123425951,242.979561272,99.12));
#199=DIRECTION('',(-0.64278761,-0.766044443,0.));
#200=VECTOR('',#199,0.115532003);
#201=LINE('',#198,#200);
#202=EDGE_CURVE('',#197,#189,#201,.T.);
#203=ORIENTED_EDGE('',*,*,#202,.F.);
#204=CARTESIAN_POINT('',(16.684910508,250.094908733,99.12));
#205=VERTEX_POINT('',#204);
#206=CARTESIAN_POINT('',(-0.015089493,250.094908733,99.12));
#207=DIRECTION('',(0.,0.,1.));
#208=DIRECTION('',(1.,0.,-0.));
#209=AXIS2_PLACEMENT_3D('',#206,#207,#208);
#210=CIRCLE('',#209,16.7);
#211=EDGE_CURVE('',#205,#197,#210,.T.);
#212=ORIENTED_EDGE('',*,*,#211,.F.);
#213=CARTESIAN_POINT('',(-4.332275979,233.962584014,99.12));
#214=VERTEX_POINT('',#213);
#215=CARTESIAN_POINT('',(-0.015089493,250.094908733,99.12));
#216=DIRECTION('',(0.,0.,1.));
#217=DIRECTION('',(1.,0.,-0.));
#218=AXIS2_PLACEMENT_3D('',#215,#216,#217);
#219=CIRCLE('',#218,16.7);
#220=EDGE_CURVE('',#214,#205,#219,.T.);
#221=ORIENTED_EDGE('',*,*,#220,.F.);
#222=CARTESIAN_POINT('',(-5.231398339,233.7261063,99.12));
#223=VERTEX_POINT('',#222);
#224=CARTESIAN_POINT('',(-4.332275979,233.962584014,99.12));
#225=DIRECTION('',(-0.967109851,-0.254359069,-0.));
#226=VECTOR('',#225,0.929700342);
#227=LINE('',#224,#226);
#228=EDGE_CURVE('',#214,#223,#227,.T.);
#229=ORIENTED_EDGE('',*,*,#228,.T.);
#230=CARTESIAN_POINT('',(-9.087907044,236.962101334,99.12));
#231=VERTEX_POINT('',#230);
#232=CARTESIAN_POINT('',(-5.231398339,233.7261063,99.12));
#233=DIRECTION('',(-0.766044443,0.64278761,0.));
#234=VECTOR('',#233,5.034314576);
#235=LINE('',#232,#234);
#236=EDGE_CURVE('',#223,#231,#235,.T.);
#237=ORIENTED_EDGE('',*,*,#236,.T.);
#238=CARTESIAN_POINT('',(-9.07606099,237.105099292,99.12));
#239=VERTEX_POINT('',#238);
#240=CARTESIAN_POINT('',(-9.087907044,236.962101334,99.12));
#241=DIRECTION('',(0.08255792,0.996586268,-0.));
#242=VECTOR('',#241,0.143487787);
#243=LINE('',#240,#242);
#244=EDGE_CURVE('',#231,#239,#243,.T.);
#245=ORIENTED_EDGE('',*,*,#244,.T.);
#246=CARTESIAN_POINT('',(-9.07606099,237.105099292,99.12));
#247=DIRECTION('',(0.64278761,0.766044443,0.));
#248=VECTOR('',#247,3.685926439);
#249=LINE('',#246,#248);
#250=EDGE_CURVE('',#239,#135,#249,.T.);
#251=ORIENTED_EDGE('',*,*,#250,.T.);
#252=EDGE_LOOP('',(#144,#153,#162,#171,#179,#187,#195,#203,#212,#221,#229,#237,#245,#251));
#253=FACE_BOUND('',#252,.T.);
#254=CARTESIAN_POINT('',(10.787861142,249.601448781,99.12));
#255=VERTEX_POINT('',#254);
#256=CARTESIAN_POINT('',(10.787861142,245.985629572,99.12));
#257=VERTEX_POINT('',#256);
#258=CARTESIAN_POINT('',(10.787861142,249.601448781,99.12));
#259=DIRECTION('',(0.,-1.,0.));
#260=VECTOR('',#259,3.615819209);
#261=LINE('',#258,#260);
#262=EDGE_CURVE('',#255,#257,#261,.T.);
#263=ORIENTED_EDGE('',*,*,#262,.T.);
#264=CARTESIAN_POINT('',(11.776561707,245.985629572,99.12));
#265=VERTEX_POINT('',#264);
#266=CARTESIAN_POINT('',(10.787861142,245.985629572,99.12));
#267=DIRECTION('',(1.,0.,-0.));
#268=VECTOR('',#267,0.988700565);
#269=LINE('',#266,#268);
#270=EDGE_CURVE('',#257,#265,#269,.T.);
#271=ORIENTED_EDGE('',*,*,#270,.T.);
#272=CARTESIAN_POINT('',(13.54209843,247.934782114,99.12));
#273=VERTEX_POINT('',#272);
#274=CARTESIAN_POINT('',(11.776561707,245.985629572,99.12));
#275=DIRECTION('',(0.671335102,0.741153952,0.));
#276=VECTOR('',#275,2.629888886);
#277=LINE('',#274,#276);
#278=EDGE_CURVE('',#265,#273,#277,.T.);
#279=ORIENTED_EDGE('',*,*,#278,.T.);
#280=CARTESIAN_POINT('',(14.156505209,247.016703018,99.12));
#281=VERTEX_POINT('',#280);
#282=CARTESIAN_POINT('',(13.54209843,247.934782114,99.12));
#283=CARTESIAN_POINT('',(13.718652102,248.118397934,99.12));
#284=CARTESIAN_POINT('',(13.902267921,248.231392284,99.12));
#285=CARTESIAN_POINT('',(14.08588374,248.344386634,99.12));
#286=CARTESIAN_POINT('',(14.311872441,248.344386634,99.12));
#287=CARTESIAN_POINT('',(14.580234023,248.344386634,99.12));
#288=CARTESIAN_POINT('',(14.746194475,248.174895109,99.12));
#289=CARTESIAN_POINT('',(14.912154927,248.005403583,99.12));
#290=CARTESIAN_POINT('',(14.912154927,247.722917708,99.12));
#291=CARTESIAN_POINT('',(14.912154927,247.426307538,99.12));
#292=CARTESIAN_POINT('',(14.703821594,247.239160645,99.12));
#293=CARTESIAN_POINT('',(14.49548826,247.052013753,99.12));
#294=CARTESIAN_POINT('',(14.156505209,247.016703018,99.12));
#295=B_SPLINE_CURVE_WITH_KNOTS('',2,(#282,#283,#284,#285,#286,#287,#288,#289,#290,#291,#292,#293,#294),.UNSPECIFIED.,.F.,.F.,(3,2,2,2,2,2,3),(0.,0.145586897,0.291173794,0.464058235,0.636942675,0.818471338,1.),.UNSPECIFIED.);
#296=EDGE_CURVE('',#273,#281,#295,.T.);
#297=ORIENTED_EDGE('',*,*,#296,.T.);
#298=CARTESIAN_POINT('',(14.311872441,245.879697369,99.12));
#299=VERTEX_POINT('',#298);
#300=CARTESIAN_POINT('',(14.156505209,247.016703018,99.12));
#301=DIRECTION('',(0.13538782,-0.990792682,0.));
#302=VECTOR('',#301,1.147571708);
#303=LINE('',#300,#302);
#304=EDGE_CURVE('',#281,#299,#303,.T.);
#305=ORIENTED_EDGE('',*,*,#304,.T.);
#306=CARTESIAN_POINT('',(12.850008034,248.718680419,99.12));
#307=VERTEX_POINT('',#306);
#308=CARTESIAN_POINT('',(14.311872441,245.879697369,99.12));
#309=CARTESIAN_POINT('',(14.693228373,245.92207025,99.12));
#310=CARTESIAN_POINT('',(14.989838543,246.088030702,99.12));
#311=CARTESIAN_POINT('',(15.286448712,246.253991154,99.12));
#312=CARTESIAN_POINT('',(15.494782046,246.508228442,99.12));
#313=CARTESIAN_POINT('',(15.703115379,246.76246573,99.12));
#314=CARTESIAN_POINT('',(15.812578656,247.090855561,99.12));
#315=CARTESIAN_POINT('',(15.922041933,247.419245391,99.12));
#316=CARTESIAN_POINT('',(15.922041933,247.78647703,99.12));
#317=CARTESIAN_POINT('',(15.922041933,248.132522227,99.12));
#318=CARTESIAN_POINT('',(15.830234023,248.457380984,99.12));
#319=CARTESIAN_POINT('',(15.738426113,248.782239742,99.12));
#320=CARTESIAN_POINT('',(15.547748147,249.03647703,99.12));
#321=CARTESIAN_POINT('',(15.357070181,249.290714318,99.12));
#322=CARTESIAN_POINT('',(15.067522159,249.442550476,99.12));
#323=CARTESIAN_POINT('',(14.777974136,249.594386634,99.12));
#324=CARTESIAN_POINT('',(14.389556057,249.594386634,99.12));
#325=CARTESIAN_POINT('',(14.121194475,249.594386634,99.12));
#326=CARTESIAN_POINT('',(13.905798995,249.523765165,99.12));
#327=CARTESIAN_POINT('',(13.690403514,249.453143696,99.12));
#328=CARTESIAN_POINT('',(13.506787695,249.329556126,99.12));
#329=CARTESIAN_POINT('',(13.323171876,249.205968555,99.12));
#330=CARTESIAN_POINT('',(13.164273571,249.04707025,99.12));
#331=CARTESIAN_POINT('',(13.005375266,248.888171945,99.12));
#332=CARTESIAN_POINT('',(12.850008034,248.718680419,99.12));
#333=B_SPLINE_CURVE_WITH_KNOTS('',2,(#308,#309,#310,#311,#312,#313,#314,#315,#316,#317,#318,#319,#320,#321,#322,#323,#324,#325,#326,#327,#328,#329,#330,#331,#332),.UNSPECIFIED.,.F.,.F.,(3,2,2,2,2,2,2,2,2,2,2,2,3),(0.,0.096400162,0.192800324,0.289200485,0.385600647,0.476439261,0.567277875,0.658116489,0.748955103,0.811716327,0.874477552,0.937238776,1.),.UNSPECIFIED.);
#334=EDGE_CURVE('',#299,#307,#333,.T.);
#335=ORIENTED_EDGE('',*,*,#334,.T.);
#336=CARTESIAN_POINT('',(11.818934588,247.560488329,99.12));
#337=VERTEX_POINT('',#336);
#338=CARTESIAN_POINT('',(12.850008034,248.718680419,99.12));
#339=DIRECTION('',(-0.664929011,-0.74690656,0.));
#340=VECTOR('',#339,1.550651918);
#341=LINE('',#338,#340);
#342=EDGE_CURVE('',#307,#337,#341,.T.);
#343=ORIENTED_EDGE('',*,*,#342,.T.);
#344=CARTESIAN_POINT('',(11.818934588,249.601448781,99.12));
#345=VERTEX_POINT('',#344);
#346=CARTESIAN_POINT('',(11.818934588,247.560488329,99.12));
#347=DIRECTION('',(0.,1.,0.));
#348=VECTOR('',#347,2.040960452);
#349=LINE('',#346,#348);
#350=EDGE_CURVE('',#337,#345,#349,.T.);
#351=ORIENTED_EDGE('',*,*,#350,.T.);
#352=CARTESIAN_POINT('',(11.818934588,249.601448781,99.12));
#353=DIRECTION('',(-1.,0.,0.));
#354=VECTOR('',#353,1.031073446);
#355=LINE('',#352,#354);
#356=EDGE_CURVE('',#345,#255,#355,.T.);
#357=ORIENTED_EDGE('',*,*,#356,.T.);
#358=EDGE_LOOP('',(#263,#271,#279,#297,#305,#335,#343,#351,#357));
#359=FACE_BOUND('',#358,.T.);
#360=ADVANCED_FACE('',(#133,#253,#359),#87,.F.);
#361=CARTESIAN_POINT('',(-15.175645468,250.050337993,129.12));
#362=DIRECTION('',(0.,0.,1.));
#363=DIRECTION('',(1.,0.,0.));
#364=AXIS2_PLACEMENT_3D('',#361,#362,#363);
#365=PLANE('',#364);
#366=CARTESIAN_POINT('',(15.26914282,244.725342399,129.12));
#367=VERTEX_POINT('',#366);
#368=CARTESIAN_POINT('',(9.194454154,244.725342399,129.12));
#369=VERTEX_POINT('',#368);
#370=CARTESIAN_POINT('',(15.26914282,244.725342399,129.12));
#371=DIRECTION('',(-1.,-0.,0.));
#372=VECTOR('',#371,6.074688665);
#373=LINE('',#370,#372);
#374=EDGE_CURVE('',#367,#369,#373,.T.);
#375=ORIENTED_EDGE('',*,*,#374,.T.);
#376=CARTESIAN_POINT('',(1.625284021,239.525342399,129.12));
#377=VERTEX_POINT('',#376);
#378=CARTESIAN_POINT('',(0.,250.,129.12));
#379=DIRECTION('',(-0.,-0.,-1.));
#380=DIRECTION('',(1.,0.,-0.));
#381=AXIS2_PLACEMENT_3D('',#378,#379,#380);
#382=CIRCLE('',#381,10.6);
#383=EDGE_CURVE('',#369,#377,#382,.T.);
#384=ORIENTED_EDGE('',*,*,#383,.T.);
#385=CARTESIAN_POINT('',(12.169823065,239.525342399,129.12));
#386=VERTEX_POINT('',#385);
#387=CARTESIAN_POINT('',(1.625284021,239.525342399,129.12));
#388=DIRECTION('',(1.,0.,-0.));
#389=VECTOR('',#388,10.544539044);
#390=LINE('',#387,#389);
#391=EDGE_CURVE('',#377,#386,#390,.T.);
#392=ORIENTED_EDGE('',*,*,#391,.T.);
#393=CARTESIAN_POINT('',(12.322134472,239.59572282,129.12));
#394=VERTEX_POINT('',#393);
#395=CARTESIAN_POINT('',(12.169823065,239.725342399,129.12));
#396=DIRECTION('',(0.,0.,1.));
#397=DIRECTION('',(1.,0.,-0.));
#398=AXIS2_PLACEMENT_3D('',#395,#396,#397);
#399=CIRCLE('',#398,0.2);
#400=EDGE_CURVE('',#386,#394,#399,.T.);
#401=ORIENTED_EDGE('',*,*,#400,.T.);
#402=CARTESIAN_POINT('',(-0.015089493,250.094908733,129.12));
#403=DIRECTION('',(0.,0.,1.));
#404=DIRECTION('',(1.,0.,-0.));
#405=AXIS2_PLACEMENT_3D('',#402,#403,#404);
#406=CIRCLE('',#405,16.2);
#407=EDGE_CURVE('',#394,#367,#406,.T.);
#408=ORIENTED_EDGE('',*,*,#407,.T.);
#409=EDGE_LOOP('',(#375,#384,#392,#401,#408));
#410=FACE_BOUND('',#409,.T.);
#411=ADVANCED_FACE('',(#410),#365,.T.);
#412=CARTESIAN_POINT('',(-4.658359131,233.657857921,109.426441412));
#413=CARTESIAN_POINT('',(-4.658320735,233.65790368,109.426482896));
#414=CARTESIAN_POINT('',(-4.658282339,233.657949438,109.426524379));
#415=CARTESIAN_POINT('',(-4.658243944,233.657995196,109.426565863));
#416=CARTESIAN_POINT('',(-4.613500732,233.711318079,109.474907349));
#417=CARTESIAN_POINT('',(-4.579167053,233.773360223,109.523240656));
#418=CARTESIAN_POINT('',(-4.534734696,233.908710316,109.615082119));
#419=CARTESIAN_POINT('',(-4.524643536,233.981995365,109.658574736));
#420=CARTESIAN_POINT('',(-4.527179392,234.057244767,109.697475649));
#421=CARTESIAN_POINT('',(-4.527181308,234.057301628,109.697505043));
#422=CARTESIAN_POINT('',(-4.527183224,234.057358488,109.697534438));
#423=CARTESIAN_POINT('',(-4.52718514,234.057415348,109.697563832));
#424=CARTESIAN_POINT('',(-4.641719674,233.677691632,109.374359725));
#425=CARTESIAN_POINT('',(-4.641679905,233.677737835,109.374403618));
#426=CARTESIAN_POINT('',(-4.641640135,233.677784037,109.37444751));
#427=CARTESIAN_POINT('',(-4.641600366,233.677830239,109.374491402));
#428=CARTESIAN_POINT('',(-4.595256306,233.731670501,109.425639701));
#429=CARTESIAN_POINT('',(-4.559665447,233.795213814,109.476259688));
#430=CARTESIAN_POINT('',(-4.513751253,233.934986727,109.571096881));
#431=CARTESIAN_POINT('',(-4.503436669,234.011189689,109.615296013));
#432=CARTESIAN_POINT('',(-4.506310055,234.089683443,109.653937531));
#433=CARTESIAN_POINT('',(-4.506312226,234.089742755,109.653966729));
#434=CARTESIAN_POINT('',(-4.506314397,234.089802067,109.653995928));
#435=CARTESIAN_POINT('',(-4.506316568,234.089861378,109.654025126));
#436=CARTESIAN_POINT('',(-4.621091009,233.695312628,109.32370563));
#437=CARTESIAN_POINT('',(-4.621049999,233.695359158,109.3237521));
#438=CARTESIAN_POINT('',(-4.62100899,233.695405689,109.323798569));
#439=CARTESIAN_POINT('',(-4.620967981,233.695452219,109.323845038));
#440=CARTESIAN_POINT('',(-4.573179207,233.749674836,109.377996292));
#441=CARTESIAN_POINT('',(-4.536402177,233.814661148,109.431017136));
#442=CARTESIAN_POINT('',(-4.489005316,233.958853275,109.528845369));
#443=CARTESIAN_POINT('',(-4.478395707,234.038027991,109.573631658));
#444=CARTESIAN_POINT('',(-4.481470819,234.119834273,109.611770179));
#445=CARTESIAN_POINT('',(-4.481473142,234.119896088,109.611798997));
#446=CARTESIAN_POINT('',(-4.481475466,234.119957903,109.611827816));
#447=CARTESIAN_POINT('',(-4.48147779,234.120019718,109.611856634));
#448=CARTESIAN_POINT('',(-4.572055608,233.726238892,109.225180465));
#449=CARTESIAN_POINT('',(-4.572012531,233.726285882,109.225232452));
#450=CARTESIAN_POINT('',(-4.571969454,233.726332872,109.225284438));
#451=CARTESIAN_POINT('',(-4.571926377,233.726379862,109.225336424));
#452=CARTESIAN_POINT('',(-4.521727775,233.781138121,109.285916711));
#453=CARTESIAN_POINT('',(-4.482806732,233.848922533,109.34399212));
#454=CARTESIAN_POINT('',(-4.43243973,234.001971844,109.447798433));
#455=CARTESIAN_POINT('',(-4.421007576,234.087194787,109.493500879));
#456=CARTESIAN_POINT('',(-4.424048994,234.175731921,109.530111218));
#457=CARTESIAN_POINT('',(-4.424051292,234.175798822,109.530138882));
#458=CARTESIAN_POINT('',(-4.42405359,234.175865723,109.530166545));
#459=CARTESIAN_POINT('',(-4.424055888,234.175932623,109.530194209));
#460=CARTESIAN_POINT('',(-4.543563428,233.739571666,109.177167733));
#461=CARTESIAN_POINT('',(-4.543519518,233.739618787,109.177222671));
#462=CARTESIAN_POINT('',(-4.543475609,233.739665908,109.17727761));
#463=CARTESIAN_POINT('',(-4.5434317,233.739713028,109.177332549));
#464=CARTESIAN_POINT('',(-4.492263384,233.794623437,109.241353594));
#465=CARTESIAN_POINT('',(-4.452380047,233.863767639,109.302094273));
#466=CARTESIAN_POINT('',(-4.400519409,234.02127264,109.408900173));
#467=CARTESIAN_POINT('',(-4.388558043,234.109585043,109.454932574));
#468=CARTESIAN_POINT('',(-4.391364024,234.201554789,109.49051243));
#469=CARTESIAN_POINT('',(-4.391366144,234.201624284,109.490539315));
#470=CARTESIAN_POINT('',(-4.391368264,234.201693778,109.4905662));
#471=CARTESIAN_POINT('',(-4.391370384,234.201763273,109.490593085));
#472=CARTESIAN_POINT('',(-4.478523905,233.761658441,109.084943368));
#473=CARTESIAN_POINT('',(-4.478479008,233.761705674,109.085004483));
#474=CARTESIAN_POINT('',(-4.47843411,233.761752907,109.085065599));
#475=CARTESIAN_POINT('',(-4.478389213,233.76180014,109.085126714));
#476=CARTESIAN_POINT('',(-4.426069467,233.816841693,109.156345492));
#477=CARTESIAN_POINT('',(-4.384675795,233.888594666,109.222577102));
#478=CARTESIAN_POINT('',(-4.329896302,234.054852945,109.335228062));
#479=CARTESIAN_POINT('',(-4.31653138,234.149294821,109.381604433));
#480=CARTESIAN_POINT('',(-4.318183332,234.248032152,109.414580837));
#481=CARTESIAN_POINT('',(-4.31818458,234.248106761,109.414605755));
#482=CARTESIAN_POINT('',(-4.318185828,234.248181369,109.414630672));
#483=CARTESIAN_POINT('',(-4.318187076,234.248255977,109.41465559));
#484=CARTESIAN_POINT('',(-4.442786789,233.770149133,109.041808116));
#485=CARTESIAN_POINT('',(-4.442741747,233.770196347,109.041872388));
#486=CARTESIAN_POINT('',(-4.442696705,233.77024356,109.04193666));
#487=CARTESIAN_POINT('',(-4.442651664,233.770290773,109.042000932));
#488=CARTESIAN_POINT('',(-4.390163706,233.825309228,109.116898255));
#489=CARTESIAN_POINT('',(-4.348238641,233.898282703,109.185896795));
#490=CARTESIAN_POINT('',(-4.292064833,234.068743341,109.301331402));
#491=CARTESIAN_POINT('',(-4.277839787,234.166158602,109.347718774));
#492=CARTESIAN_POINT('',(-4.278584546,234.268156189,109.379151073));
#493=CARTESIAN_POINT('',(-4.278585108,234.268233261,109.379174824));
#494=CARTESIAN_POINT('',(-4.278585671,234.268310333,109.379198575));
#495=CARTESIAN_POINT('',(-4.278586234,234.268387405,109.379222326));
#496=CARTESIAN_POINT('',(-4.364540025,233.78265583,108.962412319));
#497=CARTESIAN_POINT('',(-4.364495689,233.782702978,108.962482663));
#498=CARTESIAN_POINT('',(-4.364451354,233.782750126,108.962553006));
#499=CARTESIAN_POINT('',(-4.364407019,233.782797273,108.96262335));
#500=CARTESIAN_POINT('',(-4.312742286,233.837739332,109.044595725));
#501=CARTESIAN_POINT('',(-4.270457679,233.912903332,109.118807099));
#502=CARTESIAN_POINT('',(-4.211830241,234.090914799,109.239119527));
#503=CARTESIAN_POINT('',(-4.195516753,234.193673173,109.28516036));
#504=CARTESIAN_POINT('',(-4.193585505,234.301465659,109.313174824));
#505=CARTESIAN_POINT('',(-4.193584045,234.30154711,109.313195992));
#506=CARTESIAN_POINT('',(-4.193582586,234.30162856,109.313217161));
#507=CARTESIAN_POINT('',(-4.193581127,234.301710011,109.313238329));
#508=CARTESIAN_POINT('',(-4.321810749,233.786646623,108.925920804));
#509=CARTESIAN_POINT('',(-4.321767275,233.786693726,108.9259941));
#510=CARTESIAN_POINT('',(-4.321723801,233.786740829,108.926067395));
#511=CARTESIAN_POINT('',(-4.321680327,233.786787931,108.926140691));
#512=CARTESIAN_POINT('',(-4.271019432,233.841677421,109.011553111));
#513=CARTESIAN_POINT('',(-4.228907866,233.917826359,109.088244041));
#514=CARTESIAN_POINT('',(-4.169203398,234.099233639,109.210682241));
#515=CARTESIAN_POINT('',(-4.151642751,234.204393987,109.256363364));
#516=CARTESIAN_POINT('',(-4.147917543,234.314753031,109.28248246));
#517=CARTESIAN_POINT('',(-4.147914728,234.314836421,109.282502196));
#518=CARTESIAN_POINT('',(-4.147911913,234.314919811,109.282521932));
#519=CARTESIAN_POINT('',(-4.147909098,234.315003201,109.282541669));
#520=CARTESIAN_POINT('',(-4.22890612,233.791212309,108.863742146));
#521=CARTESIAN_POINT('',(-4.228865749,233.791259485,108.863819965));
#522=CARTESIAN_POINT('',(-4.228825378,233.79130666,108.863897784));
#523=CARTESIAN_POINT('',(-4.228785007,233.791353836,108.863975603));
#524=CARTESIAN_POINT('',(-4.181740048,233.846328653,108.954659463));
#525=CARTESIAN_POINT('',(-4.141120131,233.923822674,109.034891279));
#526=CARTESIAN_POINT('',(-4.080203675,234.109599839,109.159702295));
#527=CARTESIAN_POINT('',(-4.059943094,234.217773333,109.204207824));
#528=CARTESIAN_POINT('',(-4.051740593,234.33128759,109.22671973));
#529=CARTESIAN_POINT('',(-4.051734395,234.331373364,109.226736741));
#530=CARTESIAN_POINT('',(-4.051728197,234.331459138,109.226753751));
#531=CARTESIAN_POINT('',(-4.051721999,234.331544912,109.226770762));
#532=CARTESIAN_POINT('',(-4.179763372,233.791696478,108.838609494));
#533=CARTESIAN_POINT('',(-4.179725222,233.791743802,108.838688863));
#534=CARTESIAN_POINT('',(-4.179687072,233.791791125,108.838768231));
#535=CARTESIAN_POINT('',(-4.179648922,233.791838448,108.8388476));
#536=CARTESIAN_POINT('',(-4.135192071,233.846985109,108.931337119));
#537=CARTESIAN_POINT('',(-4.095879302,233.924858464,109.012613394));
#538=CARTESIAN_POINT('',(-4.034820914,234.111623737,109.137675237));
#539=CARTESIAN_POINT('',(-4.013111914,234.220403617,109.181385799));
#540=CARTESIAN_POINT('',(-4.002237849,234.33450065,109.202226669));
#541=CARTESIAN_POINT('',(-4.002229632,234.334586865,109.202242417));
#542=CARTESIAN_POINT('',(-4.002221415,234.334673079,109.202258165));
#543=CARTESIAN_POINT('',(-4.002213199,234.334759293,109.202273913));
#544=CARTESIAN_POINT('',(-4.073088874,233.793049319,108.80591909));
#545=CARTESIAN_POINT('',(-4.073056514,233.793097007,108.805997686));
#546=CARTESIAN_POINT('',(-4.073024154,233.793144696,108.806076282));
#547=CARTESIAN_POINT('',(-4.072991795,233.793192384,108.806154878));
#548=CARTESIAN_POINT('',(-4.035282528,233.848764528,108.897743907));
#549=CARTESIAN_POINT('',(-4.000115879,233.925620477,108.977341846));
#550=CARTESIAN_POINT('',(-3.941063108,234.108342293,109.098515554));
#551=CARTESIAN_POINT('',(-3.917208982,234.214109128,109.140025666));
#552=CARTESIAN_POINT('',(-3.901133852,234.324954852,109.15879961));
#553=CARTESIAN_POINT('',(-3.901121705,234.32503861,109.158813796));
#554=CARTESIAN_POINT('',(-3.901109558,234.325122368,109.158827982));
#555=CARTESIAN_POINT('',(-3.901097411,234.325206125,109.158842168));
#556=CARTESIAN_POINT('',(-4.015204342,233.793839259,108.798621168));
#557=CARTESIAN_POINT('',(-4.015175586,233.793887301,108.798697343));
#558=CARTESIAN_POINT('',(-4.015146829,233.793935343,108.798773519));
#559=CARTESIAN_POINT('',(-4.015118073,233.793983385,108.798849694));
#560=CARTESIAN_POINT('',(-3.981607666,233.849967748,108.887617964));
#561=CARTESIAN_POINT('',(-3.949320368,233.925481461,108.964383737));
#562=CARTESIAN_POINT('',(-3.892456411,234.103156498,109.081343044));
#563=CARTESIAN_POINT('',(-3.867905855,234.205236005,109.121482799));
#564=CARTESIAN_POINT('',(-3.849258812,234.312194859,109.139984207));
#565=CARTESIAN_POINT('',(-3.849244721,234.31227568,109.139998187));
#566=CARTESIAN_POINT('',(-3.849230631,234.312356501,109.140012167));
#567=CARTESIAN_POINT('',(-3.849216541,234.312437321,109.140026147));
#568=CARTESIAN_POINT('',(-3.918177762,233.801936054,108.807564962));
#569=CARTESIAN_POINT('',(-3.918154865,233.801982798,108.807631692));
#570=CARTESIAN_POINT('',(-3.918131968,233.802029542,108.807698422));
#571=CARTESIAN_POINT('',(-3.918109072,233.802076285,108.807765152));
#572=CARTESIAN_POINT('',(-3.891427279,233.856547474,108.885526848));
#573=CARTESIAN_POINT('',(-3.864698528,233.926063014,108.952671819));
#574=CARTESIAN_POINT('',(-3.814703401,234.085903896,109.056779309));
#575=CARTESIAN_POINT('',(-3.791452227,234.176180555,109.093710143));
#576=CARTESIAN_POINT('',(-3.771500467,234.270795457,109.113053351));
#577=CARTESIAN_POINT('',(-3.771485391,234.270866951,109.113067967));
#578=CARTESIAN_POINT('',(-3.771470315,234.270938444,109.113082583));
#579=CARTESIAN_POINT('',(-3.771455239,234.271009937,109.1130972));
#580=CARTESIAN_POINT('',(-3.884216713,233.805835782,108.813819301));
#581=CARTESIAN_POINT('',(-3.88419583,233.805881749,108.813881924));
#582=CARTESIAN_POINT('',(-3.884174947,233.805927715,108.813944546));
#583=CARTESIAN_POINT('',(-3.884154064,233.805973681,108.814007169));
#584=CARTESIAN_POINT('',(-3.859818545,233.859538937,108.886982159));
#585=CARTESIAN_POINT('',(-3.8351366,233.926367728,108.950041973));
#586=CARTESIAN_POINT('',(-3.788027756,234.078537071,109.048789476));
#587=CARTESIAN_POINT('',(-3.765612284,234.163840625,109.084453167));
#588=CARTESIAN_POINT('',(-3.745679365,234.25325799,109.10426572));
#589=CARTESIAN_POINT('',(-3.745664303,234.253325556,109.104280691));
#590=CARTESIAN_POINT('',(-3.745649241,234.253393122,109.104295662));
#591=CARTESIAN_POINT('',(-3.745634179,234.253460688,109.104310632));
#592=CARTESIAN_POINT('',(-3.812213288,233.817281997,108.832472077));
#593=CARTESIAN_POINT('',(-3.812196463,233.817324849,108.832524565));
#594=CARTESIAN_POINT('',(-3.812179638,233.817367702,108.832577054));
#595=CARTESIAN_POINT('',(-3.812162813,233.817410554,108.832629542));
#596=CARTESIAN_POINT('',(-3.792556399,233.867347287,108.89379495));
#597=CARTESIAN_POINT('',(-3.772291789,233.926767062,108.94695137));
#598=CARTESIAN_POINT('',(-3.732262459,234.059206091,109.032469488));
#599=CARTESIAN_POINT('',(-3.712503073,234.132207595,109.064819738));
#600=CARTESIAN_POINT('',(-3.69389056,234.208706264,109.085297637));
#601=CARTESIAN_POINT('',(-3.693876496,234.208764069,109.085313111));
#602=CARTESIAN_POINT('',(-3.693862432,234.208821873,109.085328584));
#603=CARTESIAN_POINT('',(-3.693848367,234.208879677,109.085344058));
#604=CARTESIAN_POINT('',(-3.774094115,233.824869884,108.844895983));
#605=CARTESIAN_POINT('',(-3.774079336,233.824910373,108.844942425));
#606=CARTESIAN_POINT('',(-3.774064557,233.824950863,108.844988866));
#607=CARTESIAN_POINT('',(-3.774049779,233.824991352,108.845035308));
#608=CARTESIAN_POINT('',(-3.756827909,233.87217447,108.899154434));
#609=CARTESIAN_POINT('',(-3.738936938,233.926844806,108.946480486));
#610=CARTESIAN_POINT('',(-3.703114201,234.047170639,109.024112422));
#611=CARTESIAN_POINT('',(-3.685185525,234.112815716,109.054411579));
#612=CARTESIAN_POINT('',(-3.66789155,234.181557394,109.075084159));
#613=CARTESIAN_POINT('',(-3.667878482,234.181609337,109.07509978));
#614=CARTESIAN_POINT('',(-3.667865414,234.18166128,109.0751154));
#615=CARTESIAN_POINT('',(-3.667852346,234.181713223,109.075131021));
#616=CARTESIAN_POINT('',(-3.693818258,233.844190587,108.873753049));
#617=CARTESIAN_POINT('',(-3.693807578,233.84422386,108.8737863));
#618=CARTESIAN_POINT('',(-3.693796897,233.844257133,108.873819551));
#619=CARTESIAN_POINT('',(-3.693786217,233.844290405,108.873852802));
#620=CARTESIAN_POINT('',(-3.681340026,233.88306364,108.912600634));
#621=CARTESIAN_POINT('',(-3.668375815,233.925800681,108.947152721));
#622=CARTESIAN_POINT('',(-3.641930234,234.017457774,109.006479674));
#623=CARTESIAN_POINT('',(-3.628449424,234.066375819,109.031253238));
#624=CARTESIAN_POINT('',(-3.614983045,234.117397045,109.05062573));
#625=CARTESIAN_POINT('',(-3.614972869,234.117435598,109.050640368));
#626=CARTESIAN_POINT('',(-3.614962694,234.117474151,109.050655007));
#627=CARTESIAN_POINT('',(-3.614952518,234.117512704,109.050669645));
#628=CARTESIAN_POINT('',(-3.651704695,233.855909722,108.890114787));
#629=CARTESIAN_POINT('',(-3.651696065,233.855938123,108.890140921));
#630=CARTESIAN_POINT('',(-3.651687435,233.855966523,108.890167056));
#631=CARTESIAN_POINT('',(-3.651678805,233.855994924,108.89019319));
#632=CARTESIAN_POINT('',(-3.641622006,233.889090859,108.920647975));
#633=CARTESIAN_POINT('',(-3.631203422,233.924645432,108.948279121));
#634=CARTESIAN_POINT('',(-3.609907129,233.999763264,108.997194357));
#635=CARTESIAN_POINT('',(-3.599029625,234.039325792,109.018477969));
#636=CARTESIAN_POINT('',(-3.588060713,234.080389775,109.036313489));
#637=CARTESIAN_POINT('',(-3.588052424,234.080420804,109.036326966));
#638=CARTESIAN_POINT('',(-3.588044136,234.080451833,109.036340443));
#639=CARTESIAN_POINT('',(-3.588035848,234.080482862,109.03635392));
#640=CARTESIAN_POINT('',(-3.564344907,233.882661728,108.923704435));
#641=CARTESIAN_POINT('',(-3.56434047,233.882677736,108.923716801));
#642=CARTESIAN_POINT('',(-3.564336032,233.882693744,108.923729168));
#643=CARTESIAN_POINT('',(-3.564331595,233.882709752,108.923741534));
#644=CARTESIAN_POINT('',(-3.559160558,233.90136423,108.938152372));
#645=CARTESIAN_POINT('',(-3.553888605,233.920493699,108.951845451));
#646=CARTESIAN_POINT('',(-3.543149275,233.959667234,108.97778252));
#647=CARTESIAN_POINT('',(-3.537681853,233.979711461,108.990026613));
#648=CARTESIAN_POINT('',(-3.5321198,234.00020083,109.001530969));
#649=CARTESIAN_POINT('',(-3.532115597,234.000216313,109.001539662));
#650=CARTESIAN_POINT('',(-3.532111394,234.000231795,109.001548355));
#651=CARTESIAN_POINT('',(-3.532107191,234.000247277,109.001557048));
#652=CARTESIAN_POINT('',(-3.51911452,233.897679876,108.9408987));
#653=CARTESIAN_POINT('',(-3.51911223,233.897688366,108.940904441));
#654=CARTESIAN_POINT('',(-3.51910994,233.897696856,108.940910182));
#655=CARTESIAN_POINT('',(-3.519107651,233.897705345,108.940915923));
#656=CARTESIAN_POINT('',(-3.516439266,233.90759866,108.94760602));
#657=CARTESIAN_POINT('',(-3.513770169,233.917495309,108.9542909));
#658=CARTESIAN_POINT('',(-3.508430556,233.937295267,108.967650223));
#659=CARTESIAN_POINT('',(-3.505760038,233.947198576,108.974324665));
#660=CARTESIAN_POINT('',(-3.503088812,233.957105211,108.980993885));
#661=CARTESIAN_POINT('',(-3.503086793,233.957112697,108.980998924));
#662=CARTESIAN_POINT('',(-3.503084775,233.957120183,108.981003964));
#663=CARTESIAN_POINT('',(-3.503082756,233.957127668,108.981009003));
#664=CARTESIAN_POINT('',(-3.473052272,233.91350136,108.957285748));
#665=CARTESIAN_POINT('',(-3.473052247,233.913501455,108.957285812));
#666=CARTESIAN_POINT('',(-3.473052222,233.913501549,108.957285876));
#667=CARTESIAN_POINT('',(-3.473052197,233.913501644,108.95728594));
#668=CARTESIAN_POINT('',(-3.473022755,233.91361216,108.957360551));
#669=CARTESIAN_POINT('',(-3.472993308,233.913722695,108.957435134));
#670=CARTESIAN_POINT('',(-3.472934407,233.913943802,108.957584239));
#671=CARTESIAN_POINT('',(-3.472904953,233.914054374,108.957658763));
#672=CARTESIAN_POINT('',(-3.472875494,233.914164964,108.957733257));
#673=CARTESIAN_POINT('',(-3.472875471,233.914165048,108.957733313));
#674=CARTESIAN_POINT('',(-3.472875449,233.914165131,108.95773337));
#675=CARTESIAN_POINT('',(-3.472875427,233.914165215,108.957733426));
#676=B_SPLINE_SURFACE_WITH_KNOTS('',3,3,((#412,#413,#414,#415,#416,#417,#418,#419,#420,#421,#422,#423),(#424,#425,#426,#427,#428,#429,#430,#431,#432,#433,#434,#435),(#436,#437,#438,#439,#440,#441,#442,#443,#444,#445,#446,#447),(#448,#449,#450,#451,#452,#453,#454,#455,#456,#457,#458,#459),(#460,#461,#462,#463,#464,#465,#466,#467,#468,#469,#470,#471),(#472,#473,#474,#475,#476,#477,#478,#479,#480,#481,#482,#483),(#484,#485,#486,#487,#488,#489,#490,#491,#492,#493,#494,#495),(#496,#497,#498,#499,#500,#501,#502,#503,#504,#505,#506,#507),(#508,#509,#510,#511,#512,#513,#514,#515,#516,#517,#518,#519),(#520,#521,#522,#523,#524,#525,#526,#527,#528,#529,#530,#531),(#532,#533,#534,#535,#536,#537,#538,#539,#540,#541,#542,#543),(#544,#545,#546,#547,#548,#549,#550,#551,#552,#553,#554,#555),(#556,#557,#558,#559,#560,#561,#562,#563,#564,#565,#566,#567),(#568,#569,#570,#571,#572,#573,#574,#575,#576,#577,#578,#579),(#580,#581,#582,#583,#584,#585,#586,#587,#588,#589,#590,#591),(#592,#593,#594,#595,#596,#597,#598,#599,#600,#601,#602,#603),(#604,#605,#606,#607,#608,#609,#610,#611,#612,#613,#614,#615),(#616,#617,#618,#619,#620,#621,#622,#623,#624,#625,#626,#627),(#628,#629,#630,#631,#632,#633,#634,#635,#636,#637,#638,#639),(#640,#641,#642,#643,#644,#645,#646,#647,#648,#649,#650,#651),(#652,#653,#654,#655,#656,#657,#658,#659,#660,#661,#662,#663),(#664,#665,#666,#667,#668,#669,#670,#671,#672,#673,#674,#675)),.UNSPECIFIED.,.F.,.F.,.U.,(4,2,2,2,2,2,2,2,2,2,4),(4,3,2,3,4),(0.,0.000297661,0.000595321,0.000892982,0.001190642,0.001488303,0.001785963,0.001934794,0.002083624,0.002232454,0.002381284),(-0.000429068,0.,0.5,1.,1.000377812),.UNSPECIFIED.);
#677=CARTESIAN_POINT('',(-4.601732931,233.725342399,109.404854409));
#678=VERTEX_POINT('',#677);
#679=CARTESIAN_POINT('',(-4.658245505,233.657993335,109.426568369));
#680=VERTEX_POINT('',#679);
#681=CARTESIAN_POINT('',(-4.601732931,233.725342399,109.404854409));
#682=CARTESIAN_POINT('',(-4.620626444,233.702825988,109.411734405));
#683=CARTESIAN_POINT('',(-4.639463474,233.680376889,109.418974112));
#684=CARTESIAN_POINT('',(-4.658243957,233.65799518,109.42656591));
#685=B_SPLINE_CURVE_WITH_KNOTS('',3,(#681,#682,#683,#684),.UNSPECIFIED.,.F.,.F.,(4,4),(0.,0.000090557),.UNSPECIFIED.);
#686=EDGE_CURVE('',#678,#680,#685,.T.);
#687=ORIENTED_EDGE('',*,*,#686,.F.);
#688=CARTESIAN_POINT('',(-4.581218494,233.719685978,109.245408176));
#689=VERTEX_POINT('',#688);
#690=CARTESIAN_POINT('',(-4.581554607,233.719701976,109.245356789));
#691=CARTESIAN_POINT('',(-4.589553771,233.721932659,109.298371768));
#692=CARTESIAN_POINT('',(-4.596333044,233.723829399,109.351531265));
#693=CARTESIAN_POINT('',(-4.601732927,233.725342398,109.404854365));
#694=B_SPLINE_CURVE_WITH_KNOTS('',3,(#690,#691,#692,#693),.UNSPECIFIED.,.F.,.F.,(4,4),(0.000602563,0.000761491),.UNSPECIFIED.);
#695=EDGE_CURVE('',#689,#678,#694,.T.);
#696=ORIENTED_EDGE('',*,*,#695,.F.);
#697=CARTESIAN_POINT('',(-3.472797421,233.913833304,108.957509598));
#698=VERTEX_POINT('',#697);
#699=CARTESIAN_POINT('',(-3.473052197,233.913501644,108.95728594));
#700=CARTESIAN_POINT('',(-3.55136349,233.886642098,108.929450861));
#701=CARTESIAN_POINT('',(-3.627133344,233.862297762,108.899115729));
#702=CARTESIAN_POINT('',(-3.6973228,233.843857418,108.872875917));
#703=CARTESIAN_POINT('',(-3.767512255,233.825417075,108.846636105));
#704=CARTESIAN_POINT('',(-3.831936902,233.813066055,108.825210778));
#705=CARTESIAN_POINT('',(-3.890476752,233.805654702,108.813615933));
#706=CARTESIAN_POINT('',(-4.007556451,233.790831995,108.790426243));
#707=CARTESIAN_POINT('',(-4.103133861,233.793098655,108.807211284));
#708=CARTESIAN_POINT('',(-4.188509132,233.791666126,108.846201638));
#709=CARTESIAN_POINT('',(-4.273884402,233.790233596,108.885191992));
#710=CARTESIAN_POINT('',(-4.349930226,233.785986008,108.945795637));
#711=CARTESIAN_POINT('',(-4.415291679,233.774578453,109.014454828));
#712=CARTESIAN_POINT('',(-4.480653131,233.763170898,109.08311402));
#713=CARTESIAN_POINT('',(-4.5369915,233.744718055,109.162545416));
#714=CARTESIAN_POINT('',(-4.581372388,233.719873048,109.245408014));
#715=B_SPLINE_CURVE_WITH_KNOTS('',3,(#699,#700,#701,#702,#703,#704,#705,#706,#707,#708,#709,#710,#711,#712,#713,#714),.UNSPECIFIED.,.F.,.F.,(4,3,3,3,3,4),(0.000356756,0.000609822,0.000862888,0.00136902,0.001875152,0.002381284),.UNSPECIFIED.);
#716=EDGE_CURVE('',#698,#689,#715,.T.);
#717=ORIENTED_EDGE('',*,*,#716,.F.);
#718=CARTESIAN_POINT('',(-4.527173412,234.057243829,109.697477816));
#719=VERTEX_POINT('',#718);
#720=CARTESIAN_POINT('',(-4.527179391,234.057244738,109.697475634));
#721=CARTESIAN_POINT('',(-4.48544066,234.122122053,109.61039923));
#722=CARTESIAN_POINT('',(-4.427964922,234.178307149,109.52849171));
#723=CARTESIAN_POINT('',(-4.35478597,234.224785663,109.452559389));
#724=CARTESIAN_POINT('',(-4.281607019,234.271264178,109.376627067));
#725=CARTESIAN_POINT('',(-4.196006499,234.306485578,109.310364174));
#726=CARTESIAN_POINT('',(-4.09982975,234.323020194,109.254601491));
#727=CARTESIAN_POINT('',(-4.051741375,234.331287501,109.226720149));
#728=CARTESIAN_POINT('',(-4.002238813,234.334500622,109.202227132));
#729=CARTESIAN_POINT('',(-3.95168691,234.329727851,109.180513595));
#730=CARTESIAN_POINT('',(-3.901135006,234.32495508,109.158800057));
#731=CARTESIAN_POINT('',(-3.849241252,234.312152385,109.139969738));
#732=CARTESIAN_POINT('',(-3.797401387,234.284554771,109.122016639));
#733=CARTESIAN_POINT('',(-3.745561523,234.256957158,109.10406354));
#734=CARTESIAN_POINT('',(-3.694317205,234.213595528,109.087297499));
#735=CARTESIAN_POINT('',(-3.641444837,234.149486361,109.062858429));
#736=CARTESIAN_POINT('',(-3.588572469,234.085377195,109.03841936));
#737=CARTESIAN_POINT('',(-3.533300961,234.000043797,109.004253613));
#738=CARTESIAN_POINT('',(-3.472875494,233.914164964,108.957733257));
#739=B_SPLINE_CURVE_WITH_KNOTS('',3,(#720,#721,#722,#723,#724,#725,#726,#727,#728,#729,#730,#731,#732,#733,#734,#735,#736,#737,#738),.UNSPECIFIED.,.F.,.F.,(4,3,3,3,3,3,4),(0.,0.000595321,0.001190642,0.001488303,0.001785963,0.002083623,0.002381284),.UNSPECIFIED.);
#740=EDGE_CURVE('',#719,#698,#739,.T.);
#741=ORIENTED_EDGE('',*,*,#740,.F.);
#742=CARTESIAN_POINT('',(-4.658243944,233.657995196,109.426565863));
#743=CARTESIAN_POINT('',(-4.613500732,233.711318079,109.474907349));
#744=CARTESIAN_POINT('',(-4.579167053,233.773360223,109.523240656));
#745=CARTESIAN_POINT('',(-4.534734696,233.908710316,109.615082119));
#746=CARTESIAN_POINT('',(-4.524643536,233.981995365,109.658574736));
#747=CARTESIAN_POINT('',(-4.527179392,234.057244767,109.697475649));
#748=B_SPLINE_CURVE_WITH_KNOTS('',3,(#742,#743,#744,#745,#746,#747),.UNSPECIFIED.,.F.,.F.,(4,2,4),(0.,0.5,1.),.UNSPECIFIED.);
#749=EDGE_CURVE('',#680,#719,#748,.T.);
#750=ORIENTED_EDGE('',*,*,#749,.F.);
#751=EDGE_LOOP('',(#687,#696,#717,#741,#750));
#752=FACE_BOUND('',#751,.T.);
#753=ADVANCED_FACE('',(#752),#676,.T.);
#754=CARTESIAN_POINT('',(-23.897589178,240.754906257,122.711371046));
#755=DIRECTION('',(0.766044443,-0.64278761,0.));
#756=DIRECTION('',(0.64278761,0.766044443,0.));
#757=AXIS2_PLACEMENT_3D('',#754,#755,#756);
#758=CYLINDRICAL_SURFACE('',#757,1.75);
#759=CARTESIAN_POINT('',(-14.429400395,235.094615293,122.711371046));
#760=VERTEX_POINT('',#759);
#761=CARTESIAN_POINT('',(-15.348653727,235.865960426,122.711371046));
#762=VERTEX_POINT('',#761);
#763=CARTESIAN_POINT('',(-14.429400395,235.094615293,122.711371046));
#764=DIRECTION('',(-0.766044443,0.64278761,-0.));
#765=VECTOR('',#764,1.2);
#766=LINE('',#763,#765);
#767=EDGE_CURVE('',#760,#762,#766,.T.);
#768=ORIENTED_EDGE('',*,*,#767,.F.);
#769=CARTESIAN_POINT('',(-14.704460077,234.766811929,123.857929497));
#770=VERTEX_POINT('',#769);
#771=CARTESIAN_POINT('',(-15.554278712,233.754037518,122.711371046));
#772=DIRECTION('',(0.766044443,-0.64278761,-0.));
#773=DIRECTION('',(-0.64278761,-0.766044443,0.));
#774=AXIS2_PLACEMENT_3D('',#771,#772,#773);
#775=CIRCLE('',#774,1.75);
#776=EDGE_CURVE('',#760,#770,#775,.T.);
#777=ORIENTED_EDGE('',*,*,#776,.T.);
#778=CARTESIAN_POINT('',(-16.404097347,232.741263108,123.857929497));
#779=VERTEX_POINT('',#778);
#780=CARTESIAN_POINT('',(-14.704460077,234.766811929,123.857929497));
#781=CARTESIAN_POINT('',(-14.774440501,234.668887725,123.996296447));
#782=CARTESIAN_POINT('',(-14.890561062,234.525267562,124.168108432));
#783=CARTESIAN_POINT('',(-15.071935221,234.313172909,124.297975661));
#784=CARTESIAN_POINT('',(-15.083271105,234.299916993,124.306092363));
#785=CARTESIAN_POINT('',(-15.104955807,234.274553848,124.320867008));
#786=CARTESIAN_POINT('',(-15.121013022,234.255766814,124.330981132));
#787=CARTESIAN_POINT('',(-15.137070238,234.23697978,124.341095256));
#788=CARTESIAN_POINT('',(-15.152810088,234.218559328,124.350351052));
#789=CARTESIAN_POINT('',(-15.168193473,234.200552054,124.35883559));
#790=CARTESIAN_POINT('',(-15.198960243,234.164537507,124.375804665));
#791=CARTESIAN_POINT('',(-15.228295588,234.130182306,124.389691769));
#792=CARTESIAN_POINT('',(-15.255960385,234.097771427,124.401167066));
#793=CARTESIAN_POINT('',(-15.311289977,234.032949669,124.424117662));
#794=CARTESIAN_POINT('',(-15.359880416,233.975973084,124.437501972));
#795=CARTESIAN_POINT('',(-15.400717141,233.928050774,124.445923339));
#796=CARTESIAN_POINT('',(-15.482390593,233.832206154,124.462766072));
#797=CARTESIAN_POINT('',(-15.532897111,233.772759881,124.461371157));
#798=CARTESIAN_POINT('',(-15.550954911,233.751239528,124.461371046));
#799=CARTESIAN_POINT('',(-15.56901271,233.729719175,124.461370936));
#800=CARTESIAN_POINT('',(-15.618833421,233.669600224,124.462760363));
#801=CARTESIAN_POINT('',(-15.699035831,233.57252874,124.4459123));
#802=CARTESIAN_POINT('',(-15.779238241,233.475457256,124.429064238));
#803=CARTESIAN_POINT('',(-15.890954368,233.340084152,124.393305252));
#804=CARTESIAN_POINT('',(-16.021152237,233.181940333,124.297982452));
#805=CARTESIAN_POINT('',(-16.03742697,233.162172355,124.286067102));
#806=CARTESIAN_POINT('',(-16.043114115,233.155296001,124.281564714));
#807=CARTESIAN_POINT('',(-16.05378079,233.142402812,124.273104419));
#808=CARTESIAN_POINT('',(-16.064447465,233.129509622,124.264644124));
#809=CARTESIAN_POINT('',(-16.074904918,233.116902073,124.25602481));
#810=CARTESIAN_POINT('',(-16.085154781,233.104578222,124.247271317));
#811=CARTESIAN_POINT('',(-16.105654505,233.07993052,124.229764329));
#812=CARTESIAN_POINT('',(-16.125323243,233.05641835,124.211721624));
#813=CARTESIAN_POINT('',(-16.144182254,233.034016375,124.193330153));
#814=CARTESIAN_POINT('',(-16.181900278,232.989212426,124.15654721));
#815=CARTESIAN_POINT('',(-16.21637282,232.948857094,124.118385482));
#816=CARTESIAN_POINT('',(-16.247871492,232.912626687,124.080146997));
#817=CARTESIAN_POINT('',(-16.310868837,232.840165873,124.003670027));
#818=CARTESIAN_POINT('',(-16.36195194,232.784227116,123.927118121));
#819=CARTESIAN_POINT('',(-16.404097347,232.741263108,123.857929497));
#820=B_SPLINE_CURVE_WITH_KNOTS('',3,(#780,#781,#782,#783,#784,#785,#786,#787,#788,#789,#790,#791,#792,#793,#794,#795,#796,#797,#798,#799,#800,#801,#802,#803,#804,#805,
#806,#807,#808,#809,#810,#811,#812,#813,#814,#815,#816,#817,#818,#819),.UNSPECIFIED.,.F.,.F.,(4,3,3,3,3,3,3,3,3,3,3,3,3,4),(0.,0.25,0.265625,0.28125,0.3125,0.375,0.5,0.625,0.75,0.765625,0.78125,0.8125,0.875,1.),.UNSPECIFIED.);
#821=EDGE_CURVE('',#770,#779,#820,.T.);
#822=ORIENTED_EDGE('',*,*,#821,.T.);
#823=CARTESIAN_POINT('',(-15.554278712,233.754037518,122.711371046));
#824=DIRECTION('',(0.766044443,-0.64278761,-0.));
#825=DIRECTION('',(-0.64278761,-0.766044443,0.));
#826=AXIS2_PLACEMENT_3D('',#823,#824,#825);
#827=CIRCLE('',#826,1.75);
#828=EDGE_CURVE('',#779,#760,#827,.T.);
#829=ORIENTED_EDGE('',*,*,#828,.T.);
#830=ORIENTED_EDGE('',*,*,#767,.T.);
#831=CARTESIAN_POINT('',(-17.598410361,233.184804876,122.711371046));
#832=VERTEX_POINT('',#831);
#833=CARTESIAN_POINT('',(-16.473532044,234.525382651,122.711371046));
#834=DIRECTION('',(-0.766044443,0.64278761,0.));
#835=DIRECTION('',(-0.64278761,-0.766044443,0.));
#836=AXIS2_PLACEMENT_3D('',#833,#834,#835);
#837=CIRCLE('',#836,1.75);
#838=EDGE_CURVE('',#762,#832,#837,.T.);
#839=ORIENTED_EDGE('',*,*,#838,.T.);
#840=CARTESIAN_POINT('',(-16.473532044,234.525382651,122.711371046));
#841=DIRECTION('',(-0.766044443,0.64278761,0.));
#842=DIRECTION('',(-0.64278761,-0.766044443,0.));
#843=AXIS2_PLACEMENT_3D('',#840,#841,#842);
#844=CIRCLE('',#843,1.75);
#845=EDGE_CURVE('',#832,#762,#844,.T.);
#846=ORIENTED_EDGE('',*,*,#845,.T.);
#847=EDGE_LOOP('',(#768,#777,#822,#829,#830,#839,#846));
#848=FACE_BOUND('',#847,.T.);
#849=ADVANCED_FACE('',(#848),#758,.F.);
#850=CARTESIAN_POINT('',(-7.369706935,242.885740801,94.12));
#851=DIRECTION('',(-0.766044443,0.64278761,0.));
#852=DIRECTION('',(0.,0.,1.));
#853=AXIS2_PLACEMENT_3D('',#850,#851,#852);
#854=PLANE('',#853);
#855=CARTESIAN_POINT('',(-19.0641613,228.948832806,114.191067812));
#856=VERTEX_POINT('',#855);
#857=CARTESIAN_POINT('',(-18.198127893,229.980931231,110.938376618));
#858=VERTEX_POINT('',#857);
#859=CARTESIAN_POINT('',(-16.107338295,232.472637244,114.191067812));
#860=DIRECTION('',(0.766044443,-0.64278761,-0.));
#861=DIRECTION('',(-0.64278761,-0.766044443,0.));
#862=AXIS2_PLACEMENT_3D('',#859,#860,#861);
#863=CIRCLE('',#862,4.6);
#864=EDGE_CURVE('',#856,#858,#863,.T.);
#865=ORIENTED_EDGE('',*,*,#864,.T.);
#866=CARTESIAN_POINT('',(-10.858536877,238.727915186,99.52));
#867=VERTEX_POINT('',#866);
#868=CARTESIAN_POINT('',(-18.198127893,229.980931231,110.938376618));
#869=DIRECTION('',(0.454519478,0.54167522,-0.707106781));
#870=VECTOR('',#869,16.148023074);
#871=LINE('',#868,#870);
#872=EDGE_CURVE('',#858,#867,#871,.T.);
#873=ORIENTED_EDGE('',*,*,#872,.T.);
#874=CARTESIAN_POINT('',(-8.554613017,241.473624722,99.52));
#875=VERTEX_POINT('',#874);
#876=CARTESIAN_POINT('',(-10.858536877,238.727915186,99.52));
#877=DIRECTION('',(0.64278761,0.766044443,0.));
#878=VECTOR('',#877,3.584269243);
#879=LINE('',#876,#878);
#880=EDGE_CURVE('',#867,#875,#879,.T.);
#881=ORIENTED_EDGE('',*,*,#880,.T.);
#882=CARTESIAN_POINT('',(-8.554613017,241.473624722,124.12));
#883=VERTEX_POINT('',#882);
#884=CARTESIAN_POINT('',(-8.554613017,241.473624722,99.52));
#885=DIRECTION('',(-0.,-0.,1.));
#886=VECTOR('',#885,24.6);
#887=LINE('',#884,#886);
#888=EDGE_CURVE('',#875,#883,#887,.T.);
#889=ORIENTED_EDGE('',*,*,#888,.T.);
#890=CARTESIAN_POINT('',(-14.203798041,234.741188179,124.12));
#891=VERTEX_POINT('',#890);
#892=CARTESIAN_POINT('',(-8.554613017,241.473624722,124.12));
#893=DIRECTION('',(-0.64278761,-0.766044443,-0.));
#894=VECTOR('',#893,8.78857174);
#895=LINE('',#892,#894);
#896=EDGE_CURVE('',#883,#891,#895,.T.);
#897=ORIENTED_EDGE('',*,*,#896,.T.);
#898=CARTESIAN_POINT('',(-13.865867574,235.143918027,122.711371046));
#899=VERTEX_POINT('',#898);
#900=CARTESIAN_POINT('',(-15.247860935,233.496922474,122.711371046));
#901=DIRECTION('',(-0.766044443,0.64278761,0.));
#902=DIRECTION('',(-0.64278761,-0.766044443,0.));
#903=AXIS2_PLACEMENT_3D('',#900,#901,#902);
#904=CIRCLE('',#903,2.15);
#905=EDGE_CURVE('',#891,#899,#904,.T.);
#906=ORIENTED_EDGE('',*,*,#905,.T.);
#907=CARTESIAN_POINT('',(-16.291923829,232.25265677,124.12));
#908=VERTEX_POINT('',#907);
#909=CARTESIAN_POINT('',(-15.247860935,233.496922474,122.711371046));
#910=DIRECTION('',(-0.766044443,0.64278761,0.));
#911=DIRECTION('',(-0.64278761,-0.766044443,0.));
#912=AXIS2_PLACEMENT_3D('',#909,#910,#911);
#913=CIRCLE('',#912,2.15);
#914=EDGE_CURVE('',#899,#908,#913,.T.);
#915=ORIENTED_EDGE('',*,*,#914,.T.);
#916=CARTESIAN_POINT('',(-19.0641613,228.948832806,124.12));
#917=VERTEX_POINT('',#916);
#918=CARTESIAN_POINT('',(-16.291923829,232.25265677,124.12));
#919=DIRECTION('',(-0.64278761,-0.766044443,-0.));
#920=VECTOR('',#919,4.312835886);
#921=LINE('',#918,#920);
#922=EDGE_CURVE('',#908,#917,#921,.T.);
#923=ORIENTED_EDGE('',*,*,#922,.T.);
#924=CARTESIAN_POINT('',(-19.0641613,228.948832806,124.12));
#925=DIRECTION('',(0.,0.,-1.));
#926=VECTOR('',#925,9.928932188);
#927=LINE('',#924,#926);
#928=EDGE_CURVE('',#917,#856,#927,.T.);
#929=ORIENTED_EDGE('',*,*,#928,.T.);
#930=EDGE_LOOP('',(#865,#873,#881,#889,#897,#906,#915,#923,#929));
#931=FACE_BOUND('',#930,.T.);
#932=ADVANCED_FACE('',(#931),#854,.F.);
#933=CARTESIAN_POINT('',(-1.229769366,237.74389209,99.12));
#934=DIRECTION('',(-0.766044443,0.64278761,0.));
#935=DIRECTION('',(0.,0.,1.));
#936=AXIS2_PLACEMENT_3D('',#933,#934,#935);
#937=PLANE('',#936);
#938=CARTESIAN_POINT('',(-10.494924791,226.702109833,122.711371046));
#939=VERTEX_POINT('',#938);
#940=CARTESIAN_POINT('',(-7.730938068,229.996100938,122.711371046));
#941=VERTEX_POINT('',#940);
#942=CARTESIAN_POINT('',(-9.11293143,228.349105386,122.711371046));
#943=DIRECTION('',(-0.766044443,0.64278761,0.));
#944=DIRECTION('',(-0.64278761,-0.766044443,0.));
#945=AXIS2_PLACEMENT_3D('',#942,#943,#944);
#946=CIRCLE('',#945,2.15);
#947=EDGE_CURVE('',#939,#941,#946,.T.);
#948=ORIENTED_EDGE('',*,*,#947,.T.);
#949=CARTESIAN_POINT('',(-9.11293143,228.349105386,122.711371046));
#950=DIRECTION('',(-0.766044443,0.64278761,0.));
#951=DIRECTION('',(-0.64278761,-0.766044443,0.));
#952=AXIS2_PLACEMENT_3D('',#949,#950,#951);
#953=CIRCLE('',#952,2.15);
#954=EDGE_CURVE('',#941,#939,#953,.T.);
#955=ORIENTED_EDGE('',*,*,#954,.T.);
#956=EDGE_LOOP('',(#948,#955));
#957=FACE_BOUND('',#956,.T.);
#958=CARTESIAN_POINT('',(-4.601732931,233.725342399,99.398686772));
#959=VERTEX_POINT('',#958);
#960=CARTESIAN_POINT('',(-4.601732931,233.725342399,109.404854409));
#961=DIRECTION('',(0.,0.,-1.));
#962=VECTOR('',#961,10.006167637);
#963=LINE('',#960,#962);
#964=EDGE_CURVE('',#678,#959,#963,.T.);
#965=ORIENTED_EDGE('',*,*,#964,.F.);
#966=ORIENTED_EDGE('',*,*,#686,.T.);
#967=CARTESIAN_POINT('',(-4.781109873,233.511569284,110.04163265));
#968=VERTEX_POINT('',#967);
#969=CARTESIAN_POINT('',(-4.658245506,233.657993336,109.426568369));
#970=CARTESIAN_POINT('',(-4.698543746,233.609967764,109.51684248));
#971=CARTESIAN_POINT('',(-4.729665699,233.572878064,109.615510765));
#972=CARTESIAN_POINT('',(-4.750386926,233.548183467,109.720006934));
#973=CARTESIAN_POINT('',(-4.771108153,233.523488871,109.824503103));
#974=CARTESIAN_POINT('',(-4.781109872,233.511569286,109.931773884));
#975=CARTESIAN_POINT('',(-4.781109874,233.511569284,110.04163265));
#976=B_SPLINE_CURVE_WITH_KNOTS('',3,(#969,#970,#971,#972,#973,#974,#975),.UNSPECIFIED.,.F.,.F.,(4,3,4),(0.,0.000325109,0.000650217),.UNSPECIFIED.);
#977=EDGE_CURVE('',#680,#968,#976,.T.);
#978=ORIENTED_EDGE('',*,*,#977,.T.);
#979=CARTESIAN_POINT('',(-4.781109873,233.511569284,128.12));
#980=VERTEX_POINT('',#979);
#981=CARTESIAN_POINT('',(-4.781109874,233.511569284,110.04163265));
#982=DIRECTION('',(0.,0.,1.));
#983=VECTOR('',#982,18.07836735);
#984=LINE('',#981,#983);
#985=EDGE_CURVE('',#968,#980,#984,.T.);
#986=ORIENTED_EDGE('',*,*,#985,.T.);
#987=CARTESIAN_POINT('',(-12.907392978,223.827042206,128.12));
#988=VERTEX_POINT('',#987);
#989=CARTESIAN_POINT('',(-4.781109874,233.511569284,128.12));
#990=DIRECTION('',(-0.64278761,-0.766044443,0.));
#991=VECTOR('',#990,12.642252245);
#992=LINE('',#989,#991);
#993=EDGE_CURVE('',#980,#988,#992,.T.);
#994=ORIENTED_EDGE('',*,*,#993,.T.);
#995=CARTESIAN_POINT('',(-12.907392978,223.827042206,114.191067812));
#996=VERTEX_POINT('',#995);
#997=CARTESIAN_POINT('',(-12.907392978,223.827042206,128.12));
#998=DIRECTION('',(-0.,-0.,-1.));
#999=VECTOR('',#998,13.928932188);
#1000=LINE('',#997,#999);
#1001=EDGE_CURVE('',#988,#996,#1000,.T.);
#1002=ORIENTED_EDGE('',*,*,#1001,.T.);
#1003=CARTESIAN_POINT('',(-12.056956213,224.840553275,110.996955262));
#1004=VERTEX_POINT('',#1003);
#1005=CARTESIAN_POINT('',(-10.003820242,227.287385444,114.191067812));
#1006=DIRECTION('',(0.766044443,-0.64278761,-0.));
#1007=DIRECTION('',(-0.64278761,-0.766044443,0.));
#1008=AXIS2_PLACEMENT_3D('',#1005,#1006,#1007);
#1009=CIRCLE('',#1008,4.517157288);
#1010=EDGE_CURVE('',#996,#1004,#1009,.T.);
#1011=ORIENTED_EDGE('',*,*,#1010,.T.);
#1012=CARTESIAN_POINT('',(-12.056956213,224.840553275,110.996955262));
#1013=DIRECTION('',(0.454519478,0.54167522,-0.707106781));
#1014=VECTOR('',#1013,16.402428598);
#1015=LINE('',#1012,#1014);
#1016=EDGE_CURVE('',#1004,#959,#1015,.T.);
#1017=ORIENTED_EDGE('',*,*,#1016,.T.);
#1018=EDGE_LOOP('',(#965,#966,#978,#986,#994,#1002,#1011,#1017));
#1019=FACE_BOUND('',#1018,.T.);
#1020=ADVANCED_FACE('',(#957,#1019),#937,.F.);
#1021=CARTESIAN_POINT('',(-9.575645468,250.050337993,111.931153864));
#1022=DIRECTION('',(1.,0.,0.));
#1023=DIRECTION('',(0.,0.,-1.));
#1024=AXIS2_PLACEMENT_3D('',#1021,#1022,#1023);
#1025=CYLINDRICAL_SURFACE('',#1024,3.);
#1026=CARTESIAN_POINT('',(-9.999873304,250.050337993,108.931153864));
#1027=VERTEX_POINT('',#1026);
#1028=CARTESIAN_POINT('',(-14.975645468,250.050337993,108.931153864));
#1029=VERTEX_POINT('',#1028);
#1030=CARTESIAN_POINT('',(-9.999873304,250.050337993,108.931153864));
#1031=DIRECTION('',(-1.,-0.,0.));
#1032=VECTOR('',#1031,4.975772164);
#1033=LINE('',#1030,#1032);
#1034=EDGE_CURVE('',#1027,#1029,#1033,.T.);
#1035=ORIENTED_EDGE('',*,*,#1034,.F.);
#1036=CARTESIAN_POINT('',(-9.999998995,250.,114.930731905));
#1037=VERTEX_POINT('',#1036);
#1038=CARTESIAN_POINT('',(-9.999873304,250.050337993,108.931153864));
#1039=CARTESIAN_POINT('',(-9.998869416,250.249764787,108.931153864));
#1040=CARTESIAN_POINT('',(-9.99192774,250.445605806,108.950839368));
#1041=CARTESIAN_POINT('',(-9.979624124,250.638045729,108.989283776));
#1042=CARTESIAN_POINT('',(-9.973472315,250.734265691,109.008505979));
#1043=CARTESIAN_POINT('',(-9.965978194,250.829629322,109.032453807));
#1044=CARTESIAN_POINT('',(-9.957208172,250.924124138,109.061223939));
#1045=CARTESIAN_POINT('',(-9.948438149,251.018618954,109.089994071));
#1046=CARTESIAN_POINT('',(-9.938374057,251.112232726,109.123659804));
#1047=CARTESIAN_POINT('',(-9.927388446,251.202895943,109.161386695));
#1048=CARTESIAN_POINT('',(-9.905417223,251.384222377,109.236840476));
#1049=CARTESIAN_POINT('',(-9.879575986,251.556021085,109.329007734));
#1050=CARTESIAN_POINT('',(-9.851220545,251.718561542,109.437756545));
#1051=CARTESIAN_POINT('',(-9.837042824,251.79983177,109.49213095));
#1052=CARTESIAN_POINT('',(-9.822152663,251.879170095,109.551031829));
#1053=CARTESIAN_POINT('',(-9.807056527,251.954902112,109.613259234));
#1054=CARTESIAN_POINT('',(-9.791960392,252.030634129,109.675486638));
#1055=CARTESIAN_POINT('',(-9.776665385,252.102800205,109.740984406));
#1056=CARTESIAN_POINT('',(-9.761379165,252.171514863,109.809690056));
#1057=CARTESIAN_POINT('',(-9.730806724,252.308944177,109.947101356));
#1058=CARTESIAN_POINT('',(-9.700254358,252.432677328,110.097239277));
#1059=CARTESIAN_POINT('',(-9.671431048,252.542325998,110.260825817));
#1060=CARTESIAN_POINT('',(-9.642607738,252.651974669,110.424412358));
#1061=CARTESIAN_POINT('',(-9.616346783,252.744447489,110.597041935));
#1062=CARTESIAN_POINT('',(-9.594288779,252.81950755,110.77716081));
#1063=CARTESIAN_POINT('',(-9.583259777,252.85703758,110.867220247));
#1064=CARTESIAN_POINT('',(-9.573259939,252.8902596,110.959281146));
#1065=CARTESIAN_POINT('',(-9.564469685,252.919061431,111.053414814));
#1066=CARTESIAN_POINT('',(-9.555679432,252.947863262,111.147548482));
#1067=CARTESIAN_POINT('',(-9.548071139,252.972331141,111.244326601));
#1068=CARTESIAN_POINT('',(-9.541975676,252.991772083,111.341267863));
#1069=CARTESIAN_POINT('',(-9.529784749,253.030653969,111.535150387));
#1070=CARTESIAN_POINT('',(-9.523493597,253.050093401,111.730551417));
#1071=CARTESIAN_POINT('',(-9.523415984,253.05033572,111.9274605));
#1072=CARTESIAN_POINT('',(-9.52333837,253.050578039,112.124369584));
#1073=CARTESIAN_POINT('',(-9.529692564,253.030937681,112.324481682));
#1074=CARTESIAN_POINT('',(-9.541745653,252.992505622,112.517370242));
#1075=CARTESIAN_POINT('',(-9.553798742,252.954073564,112.710258802));
#1076=CARTESIAN_POINT('',(-9.571447598,252.897170853,112.897845593));
#1077=CARTESIAN_POINT('',(-9.593678778,252.821582446,113.080155249));
#1078=CARTESIAN_POINT('',(-9.615909958,252.74599404,113.262464905));
#1079=CARTESIAN_POINT('',(-9.642351599,252.652841576,113.436104115));
#1080=CARTESIAN_POINT('',(-9.670813971,252.544672303,113.597976096));
#1081=CARTESIAN_POINT('',(-9.685045158,252.490587667,113.678912086));
#1082=CARTESIAN_POINT('',(-9.699822954,252.432592154,113.757194284));
#1083=CARTESIAN_POINT('',(-9.714945922,252.370617161,113.832812241));
#1084=CARTESIAN_POINT('',(-9.730068891,252.308642169,113.908430198));
#1085=CARTESIAN_POINT('',(-9.745612778,252.242330786,113.981699874));
#1086=CARTESIAN_POINT('',(-9.761003701,252.173201959,114.050929462));
#1087=CARTESIAN_POINT('',(-9.791785546,252.034944304,114.189388637));
#1088=CARTESIAN_POINT('',(-9.822120762,251.88492369,114.312813519));
#1089=CARTESIAN_POINT('',(-9.850430391,251.723084765,114.421518945));
#1090=CARTESIAN_POINT('',(-9.878740021,251.56124584,114.530224372));
#1091=CARTESIAN_POINT('',(-9.905186588,251.385778639,114.624645265));
#1092=CARTESIAN_POINT('',(-9.927113786,251.205160523,114.699977608));
#1093=CARTESIAN_POINT('',(-9.949040983,251.024542407,114.775309951));
#1094=CARTESIAN_POINT('',(-9.966749856,250.837571402,114.832750527));
#1095=CARTESIAN_POINT('',(-9.979242101,250.643993088,114.871829573));
#1096=CARTESIAN_POINT('',(-9.985488223,250.547203932,114.891369097));
#1097=CARTESIAN_POINT('',(-9.990432558,250.448279535,114.906288384));
#1098=CARTESIAN_POINT('',(-9.993877839,250.349865311,114.916163644));
#1099=CARTESIAN_POINT('',(-9.997323121,250.251451088,114.926038904));
#1100=CARTESIAN_POINT('',(-9.999310419,250.153118104,114.931002192));
#1101=CARTESIAN_POINT('',(-9.999849492,250.054864754,114.931150449));
#1102=CARTESIAN_POINT('',(-10.000927637,249.858358056,114.931446962));
#1103=CARTESIAN_POINT('',(-9.996169169,249.661321888,114.912454751));
#1104=CARTESIAN_POINT('',(-9.985753694,249.466405429,114.873775613));
#1105=CARTESIAN_POINT('',(-9.975338219,249.27148897,114.835096475));
#1106=CARTESIAN_POINT('',(-9.959596609,249.083699023,114.777906509));
#1107=CARTESIAN_POINT('',(-9.939610634,248.902666663,114.702949404));
#1108=CARTESIAN_POINT('',(-9.919624658,248.721634303,114.627992299));
#1109=CARTESIAN_POINT('',(-9.895074825,248.545824367,114.533973054));
#1110=CARTESIAN_POINT('',(-9.86844404,248.383271131,114.425324684));
#1111=CARTESIAN_POINT('',(-9.841813255,248.220717896,114.316676313));
#1112=CARTESIAN_POINT('',(-9.813045823,248.070178075,114.193303332));
#1113=CARTESIAN_POINT('',(-9.783733991,247.931534578,114.054988153));
#1114=CARTESIAN_POINT('',(-9.769078074,247.862212829,113.985830564));
#1115=CARTESIAN_POINT('',(-9.754231212,247.795674808,113.912586704));
#1116=CARTESIAN_POINT('',(-9.73976033,247.733489751,113.836990747));
#1117=CARTESIAN_POINT('',(-9.725289448,247.671304694,113.76139479));
#1118=CARTESIAN_POINT('',(-9.71113058,247.613147014,113.683173734));
#1119=CARTESIAN_POINT('',(-9.697483503,247.55893185,113.602349672));
#1120=CARTESIAN_POINT('',(-9.670189348,247.450501522,113.440701546));
#1121=CARTESIAN_POINT('',(-9.644896693,247.357606661,113.268478233));
#1122=CARTESIAN_POINT('',(-9.623361525,247.281376644,113.085646413));
#1123=CARTESIAN_POINT('',(-9.601826358,247.205146627,112.902814593));
#1124=CARTESIAN_POINT('',(-9.584760051,247.147982153,112.715238356));
#1125=CARTESIAN_POINT('',(-9.573078407,247.109295966,112.522991506));
#1126=CARTESIAN_POINT('',(-9.567237585,247.089952873,112.426868081));
#1127=CARTESIAN_POINT('',(-9.562741408,247.075263454,112.329569169));
#1128=CARTESIAN_POINT('',(-9.559703015,247.065365735,112.231054877));
#1129=CARTESIAN_POINT('',(-9.556664622,247.055468016,112.132540584));
#1130=CARTESIAN_POINT('',(-9.555102499,247.050421005,112.032526836));
#1131=CARTESIAN_POINT('',(-9.555077191,247.050339024,111.933640049));
#1132=CARTESIAN_POINT('',(-9.555026575,247.05017506,111.735866475));
#1133=CARTESIAN_POINT('',(-9.561018671,247.069380563,111.54033358));
#1134=CARTESIAN_POINT('',(-9.572614128,247.10775887,111.347006536));
#1135=CARTESIAN_POINT('',(-9.578411856,247.126948023,111.250343014));
#1136=CARTESIAN_POINT('',(-9.585659175,247.151134038,111.153716913));
#1137=CARTESIAN_POINT('',(-9.594114816,247.179900552,111.059036386));
#1138=CARTESIAN_POINT('',(-9.602570457,247.208667066,110.964355858));
#1139=CARTESIAN_POINT('',(-9.6121934,247.241874105,110.871857428));
#1140=CARTESIAN_POINT('',(-9.622798128,247.279383123,110.781454291));
#1141=CARTESIAN_POINT('',(-9.665217041,247.429419197,110.419841742));
#1142=CARTESIAN_POINT('',(-9.724568341,247.652285239,110.087030952));
#1143=CARTESIAN_POINT('',(-9.782824209,247.927236027,109.811616641));
#1144=CARTESIAN_POINT('',(-9.797388176,247.995973724,109.742763063));
#1145=CARTESIAN_POINT('',(-9.81192583,248.068148747,109.677147999));
#1146=CARTESIAN_POINT('',(-9.826228515,248.143866067,109.614828154));
#1147=CARTESIAN_POINT('',(-9.8405312,248.219583388,109.552508309));
#1148=CARTESIAN_POINT('',(-9.854623569,248.299060906,109.49340449));
#1149=CARTESIAN_POINT('',(-9.867978311,248.380430906,109.43888375));
#1150=CARTESIAN_POINT('',(-9.894687796,248.543170907,109.32984227));
#1151=CARTESIAN_POINT('',(-9.918760829,248.714953455,109.23760643));
#1152=CARTESIAN_POINT('',(-9.938865929,248.895942006,109.162152256));
#1153=CARTESIAN_POINT('',(-9.958971028,249.076930557,109.086698082));
#1154=CARTESIAN_POINT('',(-9.975089459,249.268586682,109.028116791));
#1155=CARTESIAN_POINT('',(-9.985497525,249.461632855,108.989483206));
#1156=CARTESIAN_POINT('',(-9.99590559,249.654679029,108.950849621));
#1157=CARTESIAN_POINT('',(-10.000877409,249.850867826,108.931153864));
#1158=CARTESIAN_POINT('',(-9.999873304,250.050337993,108.931153864));
#1159=B_SPLINE_CURVE_WITH_KNOTS('',3,(#1038,#1039,#1040,#1041,#1042,#1043,#1044,#1045,#1046,#1047,#1048,#1049,#1050,#1051,#1052,#1053,#1054,#1055,#1056,#1057,#1058,#1059,#1060,#1061,#1062,#1063,
#1064,#1065,#1066,#1067,#1068,#1069,#1070,#1071,#1072,#1073,#1074,#1075,#1076,#1077,#1078,#1079,#1080,#1081,#1082,#1083,#1084,#1085,#1086,#1087,#1088,
#1089,#1090,#1091,#1092,#1093,#1094,#1095,#1096,#1097,#1098,#1099,#1100,#1101,#1102,#1103,#1104,#1105,#1106,#1107,#1108,#1109,#1110,#1111,#1112,#1113,
#1114,#1115,#1116,#1117,#1118,#1119,#1120,#1121,#1122,#1123,#1124,#1125,#1126,#1127,#1128,#1129,#1130,#1131,#1132,#1133,#1134,#1135,#1136,#1137,#1138,
#1139,#1140,#1141,#1142,#1143,#1144,#1145,#1146,#1147,#1148,#1149,#1150,#1151,#1152,#1153,#1154,#1155,#1156,#1157,#1158),.UNSPECIFIED.,.T.,.F.,(4,3,3,3,3,3,3,3,3,3,3,3,3,3,3,3,3,3,3,3,3,3,3,3,3,3,
3,3,3,3,3,3,3,3,3,3,3,3,3,3,4),(0.,0.000589541,0.000884311,0.001179082,0.001768623,0.002063393,0.002358164,0.002947704,0.003537245,0.003832016,0.004126786,0.004716327,0.005305868,0.005895409,0.00648495,0.00677972,0.007074491,0.007664032,0.008253572,0.008843113,0.009137884,0.009432654,0.010022195,0.010611736,0.011201277,0.011790818,
0.012085588,0.012380359,0.0129699,0.01355944,0.013854211,0.014148981,0.014738522,0.015033293,0.015328063,0.016507145,0.016801915,0.017096686,0.017686227,0.018275768,0.018865308),.UNSPECIFIED.);
#1160=EDGE_CURVE('',#1027,#1037,#1159,.T.);
#1161=ORIENTED_EDGE('',*,*,#1160,.T.);
#1162=CARTESIAN_POINT('',(-10.000000161,250.,108.931572678));
#1163=VERTEX_POINT('',#1162);
#1164=CARTESIAN_POINT('',(-9.999873304,250.050337993,108.931153864));
#1165=CARTESIAN_POINT('',(-9.998869416,250.249764787,108.931153864));
#1166=CARTESIAN_POINT('',(-9.99192774,250.445605806,108.950839368));
#1167=CARTESIAN_POINT('',(-9.979624124,250.638045729,108.989283776));
#1168=CARTESIAN_POINT('',(-9.973472315,250.734265691,109.008505979));
#1169=CARTESIAN_POINT('',(-9.965978194,250.829629322,109.032453807));
#1170=CARTESIAN_POINT('',(-9.957208172,250.924124138,109.061223939));
#1171=CARTESIAN_POINT('',(-9.948438149,251.018618954,109.089994071));
#1172=CARTESIAN_POINT('',(-9.938374057,251.112232726,109.123659804));
#1173=CARTESIAN_POINT('',(-9.927388446,251.202895943,109.161386695));
#1174=CARTESIAN_POINT('',(-9.905417223,251.384222377,109.236840476));
#1175=CARTESIAN_POINT('',(-9.879575986,251.556021085,109.329007734));
#1176=CARTESIAN_POINT('',(-9.851220545,251.718561542,109.437756545));
#1177=CARTESIAN_POINT('',(-9.837042824,251.79983177,109.49213095));
#1178=CARTESIAN_POINT('',(-9.822152663,251.879170095,109.551031829));
#1179=CARTESIAN_POINT('',(-9.807056527,251.954902112,109.613259234));
#1180=CARTESIAN_POINT('',(-9.791960392,252.030634129,109.675486638));
#1181=CARTESIAN_POINT('',(-9.776665385,252.102800205,109.740984406));
#1182=CARTESIAN_POINT('',(-9.761379165,252.171514863,109.809690056));
#1183=CARTESIAN_POINT('',(-9.730806724,252.308944177,109.947101356));
#1184=CARTESIAN_POINT('',(-9.700254358,252.432677328,110.097239277));
#1185=CARTESIAN_POINT('',(-9.671431048,252.542325998,110.260825817));
#1186=CARTESIAN_POINT('',(-9.642607738,252.651974669,110.424412358));
#1187=CARTESIAN_POINT('',(-9.616346783,252.744447489,110.597041935));
#1188=CARTESIAN_POINT('',(-9.594288779,252.81950755,110.77716081));
#1189=CARTESIAN_POINT('',(-9.583259777,252.85703758,110.867220247));
#1190=CARTESIAN_POINT('',(-9.573259939,252.8902596,110.959281146));
#1191=CARTESIAN_POINT('',(-9.564469685,252.919061431,111.053414814));
#1192=CARTESIAN_POINT('',(-9.555679432,252.947863262,111.147548482));
#1193=CARTESIAN_POINT('',(-9.548071139,252.972331141,111.244326601));
#1194=CARTESIAN_POINT('',(-9.541975676,252.991772083,111.341267863));
#1195=CARTESIAN_POINT('',(-9.529784749,253.030653969,111.535150387));
#1196=CARTESIAN_POINT('',(-9.523493597,253.050093401,111.730551417));
#1197=CARTESIAN_POINT('',(-9.523415984,253.05033572,111.9274605));
#1198=CARTESIAN_POINT('',(-9.52333837,253.050578039,112.124369584));
#1199=CARTESIAN_POINT('',(-9.529692564,253.030937681,112.324481682));
#1200=CARTESIAN_POINT('',(-9.541745653,252.992505622,112.517370242));
#1201=CARTESIAN_POINT('',(-9.553798742,252.954073564,112.710258802));
#1202=CARTESIAN_POINT('',(-9.571447598,252.897170853,112.897845593));
#1203=CARTESIAN_POINT('',(-9.593678778,252.821582446,113.080155249));
#1204=CARTESIAN_POINT('',(-9.615909958,252.74599404,113.262464905));
#1205=CARTESIAN_POINT('',(-9.642351599,252.652841576,113.436104115));
#1206=CARTESIAN_POINT('',(-9.670813971,252.544672303,113.597976096));
#1207=CARTESIAN_POINT('',(-9.685045158,252.490587667,113.678912086));
#1208=CARTESIAN_POINT('',(-9.699822954,252.432592154,113.757194284));
#1209=CARTESIAN_POINT('',(-9.714945922,252.370617161,113.832812241));
#1210=CARTESIAN_POINT('',(-9.730068891,252.308642169,113.908430198));
#1211=CARTESIAN_POINT('',(-9.745612778,252.242330786,113.981699874));
#1212=CARTESIAN_POINT('',(-9.761003701,252.173201959,114.050929462));
#1213=CARTESIAN_POINT('',(-9.791785546,252.034944304,114.189388637));
#1214=CARTESIAN_POINT('',(-9.822120762,251.88492369,114.312813519));
#1215=CARTESIAN_POINT('',(-9.850430391,251.723084765,114.421518945));
#1216=CARTESIAN_POINT('',(-9.878740021,251.56124584,114.530224372));
#1217=CARTESIAN_POINT('',(-9.905186588,251.385778639,114.624645265));
#1218=CARTESIAN_POINT('',(-9.927113786,251.205160523,114.699977608));
#1219=CARTESIAN_POINT('',(-9.949040983,251.024542407,114.775309951));
#1220=CARTESIAN_POINT('',(-9.966749856,250.837571402,114.832750527));
#1221=CARTESIAN_POINT('',(-9.979242101,250.643993088,114.871829573));
#1222=CARTESIAN_POINT('',(-9.985488223,250.547203932,114.891369097));
#1223=CARTESIAN_POINT('',(-9.990432558,250.448279535,114.906288384));
#1224=CARTESIAN_POINT('',(-9.993877839,250.349865311,114.916163644));
#1225=CARTESIAN_POINT('',(-9.997323121,250.251451088,114.926038904));
#1226=CARTESIAN_POINT('',(-9.999310419,250.153118104,114.931002192));
#1227=CARTESIAN_POINT('',(-9.999849492,250.054864754,114.931150449));
#1228=CARTESIAN_POINT('',(-10.000927637,249.858358056,114.931446962));
#1229=CARTESIAN_POINT('',(-9.996169169,249.661321888,114.912454751));
#1230=CARTESIAN_POINT('',(-9.985753694,249.466405429,114.873775613));
#1231=CARTESIAN_POINT('',(-9.975338219,249.27148897,114.835096475));
#1232=CARTESIAN_POINT('',(-9.959596609,249.083699023,114.777906509));
#1233=CARTESIAN_POINT('',(-9.939610634,248.902666663,114.702949404));
#1234=CARTESIAN_POINT('',(-9.919624658,248.721634303,114.627992299));
#1235=CARTESIAN_POINT('',(-9.895074825,248.545824367,114.533973054));
#1236=CARTESIAN_POINT('',(-9.86844404,248.383271131,114.425324684));
#1237=CARTESIAN_POINT('',(-9.841813255,248.220717896,114.316676313));
#1238=CARTESIAN_POINT('',(-9.813045823,248.070178075,114.193303332));
#1239=CARTESIAN_POINT('',(-9.783733991,247.931534578,114.054988153));
#1240=CARTESIAN_POINT('',(-9.769078074,247.862212829,113.985830564));
#1241=CARTESIAN_POINT('',(-9.754231212,247.795674808,113.912586704));
#1242=CARTESIAN_POINT('',(-9.73976033,247.733489751,113.836990747));
#1243=CARTESIAN_POINT('',(-9.725289448,247.671304694,113.76139479));
#1244=CARTESIAN_POINT('',(-9.71113058,247.613147014,113.683173734));
#1245=CARTESIAN_POINT('',(-9.697483503,247.55893185,113.602349672));
#1246=CARTESIAN_POINT('',(-9.670189348,247.450501522,113.440701546));
#1247=CARTESIAN_POINT('',(-9.644896693,247.357606661,113.268478233));
#1248=CARTESIAN_POINT('',(-9.623361525,247.281376644,113.085646413));
#1249=CARTESIAN_POINT('',(-9.601826358,247.205146627,112.902814593));
#1250=CARTESIAN_POINT('',(-9.584760051,247.147982153,112.715238356));
#1251=CARTESIAN_POINT('',(-9.573078407,247.109295966,112.522991506));
#1252=CARTESIAN_POINT('',(-9.567237585,247.089952873,112.426868081));
#1253=CARTESIAN_POINT('',(-9.562741408,247.075263454,112.329569169));
#1254=CARTESIAN_POINT('',(-9.559703015,247.065365735,112.231054877));
#1255=CARTESIAN_POINT('',(-9.556664622,247.055468016,112.132540584));
#1256=CARTESIAN_POINT('',(-9.555102499,247.050421005,112.032526836));
#1257=CARTESIAN_POINT('',(-9.555077191,247.050339024,111.933640049));
#1258=CARTESIAN_POINT('',(-9.555026575,247.05017506,111.735866475));
#1259=CARTESIAN_POINT('',(-9.561018671,247.069380563,111.54033358));
#1260=CARTESIAN_POINT('',(-9.572614128,247.10775887,111.347006536));
#1261=CARTESIAN_POINT('',(-9.578411856,247.126948023,111.250343014));
#1262=CARTESIAN_POINT('',(-9.585659175,247.151134038,111.153716913));
#1263=CARTESIAN_POINT('',(-9.594114816,247.179900552,111.059036386));
#1264=CARTESIAN_POINT('',(-9.602570457,247.208667066,110.964355858));
#1265=CARTESIAN_POINT('',(-9.6121934,247.241874105,110.871857428));
#1266=CARTESIAN_POINT('',(-9.622798128,247.279383123,110.781454291));
#1267=CARTESIAN_POINT('',(-9.665217041,247.429419197,110.419841742));
#1268=CARTESIAN_POINT('',(-9.724568341,247.652285239,110.087030952));
#1269=CARTESIAN_POINT('',(-9.782824209,247.927236027,109.811616641));
#1270=CARTESIAN_POINT('',(-9.797388176,247.995973724,109.742763063));
#1271=CARTESIAN_POINT('',(-9.81192583,248.068148747,109.677147999));
#1272=CARTESIAN_POINT('',(-9.826228515,248.143866067,109.614828154));
#1273=CARTESIAN_POINT('',(-9.8405312,248.219583388,109.552508309));
#1274=CARTESIAN_POINT('',(-9.854623569,248.299060906,109.49340449));
#1275=CARTESIAN_POINT('',(-9.867978311,248.380430906,109.43888375));
#1276=CARTESIAN_POINT('',(-9.894687796,248.543170907,109.32984227));
#1277=CARTESIAN_POINT('',(-9.918760829,248.714953455,109.23760643));
#1278=CARTESIAN_POINT('',(-9.938865929,248.895942006,109.162152256));
#1279=CARTESIAN_POINT('',(-9.958971028,249.076930557,109.086698082));
#1280=CARTESIAN_POINT('',(-9.975089459,249.268586682,109.028116791));
#1281=CARTESIAN_POINT('',(-9.985497525,249.461632855,108.989483206));
#1282=CARTESIAN_POINT('',(-9.99590559,249.654679029,108.950849621));
#1283=CARTESIAN_POINT('',(-10.000877409,249.850867826,108.931153864));
#1284=CARTESIAN_POINT('',(-9.999873304,250.050337993,108.931153864));
#1285=B_SPLINE_CURVE_WITH_KNOTS('',3,(#1164,#1165,#1166,#1167,#1168,#1169,#1170,#1171,#1172,#1173,#1174,#1175,#1176,#1177,#1178,#1179,#1180,#1181,#1182,#1183,#1184,#1185,#1186,#1187,#1188,#1189,
#1190,#1191,#1192,#1193,#1194,#1195,#1196,#1197,#1198,#1199,#1200,#1201,#1202,#1203,#1204,#1205,#1206,#1207,#1208,#1209,#1210,#1211,#1212,#1213,#1214,
#1215,#1216,#1217,#1218,#1219,#1220,#1221,#1222,#1223,#1224,#1225,#1226,#1227,#1228,#1229,#1230,#1231,#1232,#1233,#1234,#1235,#1236,#1237,#1238,#1239,
#1240,#1241,#1242,#1243,#1244,#1245,#1246,#1247,#1248,#1249,#1250,#1251,#1252,#1253,#1254,#1255,#1256,#1257,#1258,#1259,#1260,#1261,#1262,#1263,#1264,
#1265,#1266,#1267,#1268,#1269,#1270,#1271,#1272,#1273,#1274,#1275,#1276,#1277,#1278,#1279,#1280,#1281,#1282,#1283,#1284),.UNSPECIFIED.,.T.,.F.,(4,3,3,3,3,3,3,3,3,3,3,3,3,3,3,3,3,3,3,3,3,3,3,3,3,3,
3,3,3,3,3,3,3,3,3,3,3,3,3,3,4),(0.,0.000589541,0.000884311,0.001179082,0.001768623,0.002063393,0.002358164,0.002947704,0.003537245,0.003832016,0.004126786,0.004716327,0.005305868,0.005895409,0.00648495,0.00677972,0.007074491,0.007664032,0.008253572,0.008843113,0.009137884,0.009432654,0.010022195,0.010611736,0.011201277,0.011790818,
0.012085588,0.012380359,0.0129699,0.01355944,0.013854211,0.014148981,0.014738522,0.015033293,0.015328063,0.016507145,0.016801915,0.017096686,0.017686227,0.018275768,0.018865308),.UNSPECIFIED.);
#1286=EDGE_CURVE('',#1037,#1163,#1285,.T.);
#1287=ORIENTED_EDGE('',*,*,#1286,.T.);
#1288=CARTESIAN_POINT('',(-9.999873304,250.050337993,108.931153864));
#1289=CARTESIAN_POINT('',(-9.998869416,250.249764787,108.931153864));
#1290=CARTESIAN_POINT('',(-9.99192774,250.445605806,108.950839368));
#1291=CARTESIAN_POINT('',(-9.979624124,250.638045729,108.989283776));
#1292=CARTESIAN_POINT('',(-9.973472315,250.734265691,109.008505979));
#1293=CARTESIAN_POINT('',(-9.965978194,250.829629322,109.032453807));
#1294=CARTESIAN_POINT('',(-9.957208172,250.924124138,109.061223939));
#1295=CARTESIAN_POINT('',(-9.948438149,251.018618954,109.089994071));
#1296=CARTESIAN_POINT('',(-9.938374057,251.112232726,109.123659804));
#1297=CARTESIAN_POINT('',(-9.927388446,251.202895943,109.161386695));
#1298=CARTESIAN_POINT('',(-9.905417223,251.384222377,109.236840476));
#1299=CARTESIAN_POINT('',(-9.879575986,251.556021085,109.329007734));
#1300=CARTESIAN_POINT('',(-9.851220545,251.718561542,109.437756545));
#1301=CARTESIAN_POINT('',(-9.837042824,251.79983177,109.49213095));
#1302=CARTESIAN_POINT('',(-9.822152663,251.879170095,109.551031829));
#1303=CARTESIAN_POINT('',(-9.807056527,251.954902112,109.613259234));
#1304=CARTESIAN_POINT('',(-9.791960392,252.030634129,109.675486638));
#1305=CARTESIAN_POINT('',(-9.776665385,252.102800205,109.740984406));
#1306=CARTESIAN_POINT('',(-9.761379165,252.171514863,109.809690056));
#1307=CARTESIAN_POINT('',(-9.730806724,252.308944177,109.947101356));
#1308=CARTESIAN_POINT('',(-9.700254358,252.432677328,110.097239277));
#1309=CARTESIAN_POINT('',(-9.671431048,252.542325998,110.260825817));
#1310=CARTESIAN_POINT('',(-9.642607738,252.651974669,110.424412358));
#1311=CARTESIAN_POINT('',(-9.616346783,252.744447489,110.597041935));
#1312=CARTESIAN_POINT('',(-9.594288779,252.81950755,110.77716081));
#1313=CARTESIAN_POINT('',(-9.583259777,252.85703758,110.867220247));
#1314=CARTESIAN_POINT('',(-9.573259939,252.8902596,110.959281146));
#1315=CARTESIAN_POINT('',(-9.564469685,252.919061431,111.053414814));
#1316=CARTESIAN_POINT('',(-9.555679432,252.947863262,111.147548482));
#1317=CARTESIAN_POINT('',(-9.548071139,252.972331141,111.244326601));
#1318=CARTESIAN_POINT('',(-9.541975676,252.991772083,111.341267863));
#1319=CARTESIAN_POINT('',(-9.529784749,253.030653969,111.535150387));
#1320=CARTESIAN_POINT('',(-9.523493597,253.050093401,111.730551417));
#1321=CARTESIAN_POINT('',(-9.523415984,253.05033572,111.9274605));
#1322=CARTESIAN_POINT('',(-9.52333837,253.050578039,112.124369584));
#1323=CARTESIAN_POINT('',(-9.529692564,253.030937681,112.324481682));
#1324=CARTESIAN_POINT('',(-9.541745653,252.992505622,112.517370242));
#1325=CARTESIAN_POINT('',(-9.553798742,252.954073564,112.710258802));
#1326=CARTESIAN_POINT('',(-9.571447598,252.897170853,112.897845593));
#1327=CARTESIAN_POINT('',(-9.593678778,252.821582446,113.080155249));
#1328=CARTESIAN_POINT('',(-9.615909958,252.74599404,113.262464905));
#1329=CARTESIAN_POINT('',(-9.642351599,252.652841576,113.436104115));
#1330=CARTESIAN_POINT('',(-9.670813971,252.544672303,113.597976096));
#1331=CARTESIAN_POINT('',(-9.685045158,252.490587667,113.678912086));
#1332=CARTESIAN_POINT('',(-9.699822954,252.432592154,113.757194284));
#1333=CARTESIAN_POINT('',(-9.714945922,252.370617161,113.832812241));
#1334=CARTESIAN_POINT('',(-9.730068891,252.308642169,113.908430198));
#1335=CARTESIAN_POINT('',(-9.745612778,252.242330786,113.981699874));
#1336=CARTESIAN_POINT('',(-9.761003701,252.173201959,114.050929462));
#1337=CARTESIAN_POINT('',(-9.791785546,252.034944304,114.189388637));
#1338=CARTESIAN_POINT('',(-9.822120762,251.88492369,114.312813519));
#1339=CARTESIAN_POINT('',(-9.850430391,251.723084765,114.421518945));
#1340=CARTESIAN_POINT('',(-9.878740021,251.56124584,114.530224372));
#1341=CARTESIAN_POINT('',(-9.905186588,251.385778639,114.624645265));
#1342=CARTESIAN_POINT('',(-9.927113786,251.205160523,114.699977608));
#1343=CARTESIAN_POINT('',(-9.949040983,251.024542407,114.775309951));
#1344=CARTESIAN_POINT('',(-9.966749856,250.837571402,114.832750527));
#1345=CARTESIAN_POINT('',(-9.979242101,250.643993088,114.871829573));
#1346=CARTESIAN_POINT('',(-9.985488223,250.547203932,114.891369097));
#1347=CARTESIAN_POINT('',(-9.990432558,250.448279535,114.906288384));
#1348=CARTESIAN_POINT('',(-9.993877839,250.349865311,114.916163644));
#1349=CARTESIAN_POINT('',(-9.997323121,250.251451088,114.926038904));
#1350=CARTESIAN_POINT('',(-9.999310419,250.153118104,114.931002192));
#1351=CARTESIAN_POINT('',(-9.999849492,250.054864754,114.931150449));
#1352=CARTESIAN_POINT('',(-10.000927637,249.858358056,114.931446962));
#1353=CARTESIAN_POINT('',(-9.996169169,249.661321888,114.912454751));
#1354=CARTESIAN_POINT('',(-9.985753694,249.466405429,114.873775613));
#1355=CARTESIAN_POINT('',(-9.975338219,249.27148897,114.835096475));
#1356=CARTESIAN_POINT('',(-9.959596609,249.083699023,114.777906509));
#1357=CARTESIAN_POINT('',(-9.939610634,248.902666663,114.702949404));
#1358=CARTESIAN_POINT('',(-9.919624658,248.721634303,114.627992299));
#1359=CARTESIAN_POINT('',(-9.895074825,248.545824367,114.533973054));
#1360=CARTESIAN_POINT('',(-9.86844404,248.383271131,114.425324684));
#1361=CARTESIAN_POINT('',(-9.841813255,248.220717896,114.316676313));
#1362=CARTESIAN_POINT('',(-9.813045823,248.070178075,114.193303332));
#1363=CARTESIAN_POINT('',(-9.783733991,247.931534578,114.054988153));
#1364=CARTESIAN_POINT('',(-9.769078074,247.862212829,113.985830564));
#1365=CARTESIAN_POINT('',(-9.754231212,247.795674808,113.912586704));
#1366=CARTESIAN_POINT('',(-9.73976033,247.733489751,113.836990747));
#1367=CARTESIAN_POINT('',(-9.725289448,247.671304694,113.76139479));
#1368=CARTESIAN_POINT('',(-9.71113058,247.613147014,113.683173734));
#1369=CARTESIAN_POINT('',(-9.697483503,247.55893185,113.602349672));
#1370=CARTESIAN_POINT('',(-9.670189348,247.450501522,113.440701546));
#1371=CARTESIAN_POINT('',(-9.644896693,247.357606661,113.268478233));
#1372=CARTESIAN_POINT('',(-9.623361525,247.281376644,113.085646413));
#1373=CARTESIAN_POINT('',(-9.601826358,247.205146627,112.902814593));
#1374=CARTESIAN_POINT('',(-9.584760051,247.147982153,112.715238356));
#1375=CARTESIAN_POINT('',(-9.573078407,247.109295966,112.522991506));
#1376=CARTESIAN_POINT('',(-9.567237585,247.089952873,112.426868081));
#1377=CARTESIAN_POINT('',(-9.562741408,247.075263454,112.329569169));
#1378=CARTESIAN_POINT('',(-9.559703015,247.065365735,112.231054877));
#1379=CARTESIAN_POINT('',(-9.556664622,247.055468016,112.132540584));
#1380=CARTESIAN_POINT('',(-9.555102499,247.050421005,112.032526836));
#1381=CARTESIAN_POINT('',(-9.555077191,247.050339024,111.933640049));
#1382=CARTESIAN_POINT('',(-9.555026575,247.05017506,111.735866475));
#1383=CARTESIAN_POINT('',(-9.561018671,247.069380563,111.54033358));
#1384=CARTESIAN_POINT('',(-9.572614128,247.10775887,111.347006536));
#1385=CARTESIAN_POINT('',(-9.578411856,247.126948023,111.250343014));
#1386=CARTESIAN_POINT('',(-9.585659175,247.151134038,111.153716913));
#1387=CARTESIAN_POINT('',(-9.594114816,247.179900552,111.059036386));
#1388=CARTESIAN_POINT('',(-9.602570457,247.208667066,110.964355858));
#1389=CARTESIAN_POINT('',(-9.6121934,247.241874105,110.871857428));
#1390=CARTESIAN_POINT('',(-9.622798128,247.279383123,110.781454291));
#1391=CARTESIAN_POINT('',(-9.665217041,247.429419197,110.419841742));
#1392=CARTESIAN_POINT('',(-9.724568341,247.652285239,110.087030952));
#1393=CARTESIAN_POINT('',(-9.782824209,247.927236027,109.811616641));
#1394=CARTESIAN_POINT('',(-9.797388176,247.995973724,109.742763063));
#1395=CARTESIAN_POINT('',(-9.81192583,248.068148747,109.677147999));
#1396=CARTESIAN_POINT('',(-9.826228515,248.143866067,109.614828154));
#1397=CARTESIAN_POINT('',(-9.8405312,248.219583388,109.552508309));
#1398=CARTESIAN_POINT('',(-9.854623569,248.299060906,109.49340449));
#1399=CARTESIAN_POINT('',(-9.867978311,248.380430906,109.43888375));
#1400=CARTESIAN_POINT('',(-9.894687796,248.543170907,109.32984227));
#1401=CARTESIAN_POINT('',(-9.918760829,248.714953455,109.23760643));
#1402=CARTESIAN_POINT('',(-9.938865929,248.895942006,109.162152256));
#1403=CARTESIAN_POINT('',(-9.958971028,249.076930557,109.086698082));
#1404=CARTESIAN_POINT('',(-9.975089459,249.268586682,109.028116791));
#1405=CARTESIAN_POINT('',(-9.985497525,249.461632855,108.989483206));
#1406=CARTESIAN_POINT('',(-9.99590559,249.654679029,108.950849621));
#1407=CARTESIAN_POINT('',(-10.000877409,249.850867826,108.931153864));
#1408=CARTESIAN_POINT('',(-9.999873304,250.050337993,108.931153864));
#1409=B_SPLINE_CURVE_WITH_KNOTS('',3,(#1288,#1289,#1290,#1291,#1292,#1293,#1294,#1295,#1296,#1297,#1298,#1299,#1300,#1301,#1302,#1303,#1304,#1305,#1306,#1307,#1308,#1309,#1310,#1311,#1312,#1313,
#1314,#1315,#1316,#1317,#1318,#1319,#1320,#1321,#1322,#1323,#1324,#1325,#1326,#1327,#1328,#1329,#1330,#1331,#1332,#1333,#1334,#1335,#1336,#1337,#1338,
#1339,#1340,#1341,#1342,#1343,#1344,#1345,#1346,#1347,#1348,#1349,#1350,#1351,#1352,#1353,#1354,#1355,#1356,#1357,#1358,#1359,#1360,#1361,#1362,#1363,
#1364,#1365,#1366,#1367,#1368,#1369,#1370,#1371,#1372,#1373,#1374,#1375,#1376,#1377,#1378,#1379,#1380,#1381,#1382,#1383,#1384,#1385,#1386,#1387,#1388,
#1389,#1390,#1391,#1392,#1393,#1394,#1395,#1396,#1397,#1398,#1399,#1400,#1401,#1402,#1403,#1404,#1405,#1406,#1407,#1408),.UNSPECIFIED.,.T.,.F.,(4,3,3,3,3,3,3,3,3,3,3,3,3,3,3,3,3,3,3,3,3,3,3,3,3,3,
3,3,3,3,3,3,3,3,3,3,3,3,3,3,4),(0.,0.000589541,0.000884311,0.001179082,0.001768623,0.002063393,0.002358164,0.002947704,0.003537245,0.003832016,0.004126786,0.004716327,0.005305868,0.005895409,0.00648495,0.00677972,0.007074491,0.007664032,0.008253572,0.008843113,0.009137884,0.009432654,0.010022195,0.010611736,0.011201277,0.011790818,
0.012085588,0.012380359,0.0129699,0.01355944,0.013854211,0.014148981,0.014738522,0.015033293,0.015328063,0.016507145,0.016801915,0.017096686,0.017686227,0.018275768,0.018865308),.UNSPECIFIED.);
#1410=EDGE_CURVE('',#1163,#1027,#1409,.T.);
#1411=ORIENTED_EDGE('',*,*,#1410,.T.);
#1412=ORIENTED_EDGE('',*,*,#1034,.T.);
#1413=CARTESIAN_POINT('',(-14.975645468,250.050337993,111.931153864));
#1414=DIRECTION('',(-1.,-0.,-0.));
#1415=DIRECTION('',(0.,0.,-1.));
#1416=AXIS2_PLACEMENT_3D('',#1413,#1414,#1415);
#1417=CIRCLE('',#1416,3.);
#1418=EDGE_CURVE('',#1029,#1029,#1417,.T.);
#1419=ORIENTED_EDGE('',*,*,#1418,.T.);
#1420=EDGE_LOOP('',(#1035,#1161,#1287,#1411,#1412,#1419));
#1421=FACE_BOUND('',#1420,.T.);
#1422=ADVANCED_FACE('',(#1421),#1025,.F.);
#1423=CARTESIAN_POINT('',(-5.405243612,265.159643665,129.17));
#1424=DIRECTION('',(0.,-0.,1.));
#1425=DIRECTION('',(0.,1.,0.));
#1426=AXIS2_PLACEMENT_3D('',#1423,#1424,#1425);
#1427=CYLINDRICAL_SURFACE('',#1426,1.);
#1428=CARTESIAN_POINT('',(-5.068358979,264.218097732,128.12));
#1429=VERTEX_POINT('',#1428);
#1430=CARTESIAN_POINT('',(-4.520077296,264.694368916,128.812639101));
#1431=VERTEX_POINT('',#1430);
#1432=CARTESIAN_POINT('',(-5.068358979,264.218097732,128.12));
#1433=CARTESIAN_POINT('',(-4.956681796,264.258055769,128.242498743));
#1434=CARTESIAN_POINT('',(-4.853462591,264.316624355,128.363255912));
#1435=CARTESIAN_POINT('',(-4.759530142,264.396063861,128.481443922));
#1436=CARTESIAN_POINT('',(-4.665597694,264.475503367,128.599631931));
#1437=CARTESIAN_POINT('',(-4.584137216,264.572497518,128.711039171));
#1438=CARTESIAN_POINT('',(-4.520077295,264.694368916,128.812639102));
#1439=B_SPLINE_CURVE_WITH_KNOTS('',3,(#1432,#1433,#1434,#1435,#1436,#1437,#1438),.UNSPECIFIED.,.F.,.F.,(4,3,4),(0.,0.000505978,0.001011956),.UNSPECIFIED.);
#1440=EDGE_CURVE('',#1429,#1431,#1439,.T.);
#1441=ORIENTED_EDGE('',*,*,#1440,.T.);
#1442=CARTESIAN_POINT('',(-4.429694842,265.379426732,128.12));
#1443=VERTEX_POINT('',#1442);
#1444=CARTESIAN_POINT('',(-4.520077295,264.694368916,128.812639101));
#1445=CARTESIAN_POINT('',(-4.458635362,264.811259698,128.711283089));
#1446=CARTESIAN_POINT('',(-4.425702131,264.927165094,128.599778048));
#1447=CARTESIAN_POINT('',(-4.412097711,265.042762445,128.481770277));
#1448=CARTESIAN_POINT('',(-4.398493291,265.158359796,128.363762506));
#1449=CARTESIAN_POINT('',(-4.405120055,265.270346888,128.242483179));
#1450=CARTESIAN_POINT('',(-4.429694842,265.379426732,128.12));
#1451=B_SPLINE_CURVE_WITH_KNOTS('',3,(#1444,#1445,#1446,#1447,#1448,#1449,#1450),.UNSPECIFIED.,.F.,.F.,(4,3,4),(0.,0.00049245,0.000984901),.UNSPECIFIED.);
#1452=EDGE_CURVE('',#1431,#1443,#1451,.T.);
#1453=ORIENTED_EDGE('',*,*,#1452,.T.);
#1454=CARTESIAN_POINT('',(-4.405243612,265.159643665,128.12));
#1455=VERTEX_POINT('',#1454);
#1456=CARTESIAN_POINT('',(-5.405243612,265.159643665,128.12));
#1457=DIRECTION('',(0.,0.,1.));
#1458=DIRECTION('',(1.,0.,-0.));
#1459=AXIS2_PLACEMENT_3D('',#1456,#1457,#1458);
#1460=CIRCLE('',#1459,1.);
#1461=EDGE_CURVE('',#1455,#1443,#1460,.T.);
#1462=ORIENTED_EDGE('',*,*,#1461,.F.);
#1463=CARTESIAN_POINT('',(-5.405243612,265.159643665,128.12));
#1464=DIRECTION('',(0.,0.,1.));
#1465=DIRECTION('',(1.,0.,-0.));
#1466=AXIS2_PLACEMENT_3D('',#1463,#1464,#1465);
#1467=CIRCLE('',#1466,1.);
#1468=EDGE_CURVE('',#1429,#1455,#1467,.T.);
#1469=ORIENTED_EDGE('',*,*,#1468,.F.);
#1470=EDGE_LOOP('',(#1441,#1453,#1462,#1469));
#1471=FACE_BOUND('',#1470,.T.);
#1472=ADVANCED_FACE('',(#1471),#1427,.F.);
#1473=CARTESIAN_POINT('',(-0.015089493,250.094908733,128.12));
#1474=DIRECTION('',(0.,0.,1.));
#1475=DIRECTION('',(1.,0.,-0.));
#1476=AXIS2_PLACEMENT_3D('',#1473,#1474,#1475);
#1477=TOROIDAL_SURFACE('',#1476,16.,1.);
#1478=CARTESIAN_POINT('',(-5.405243612,265.159643665,129.12));
#1479=VERTEX_POINT('',#1478);
#1480=CARTESIAN_POINT('',(-5.405243612,265.159643665,128.12));
#1481=DIRECTION('',(-0.941545933,-0.336884632,-0.));
#1482=DIRECTION('',(-0.336884632,0.941545933,0.));
#1483=AXIS2_PLACEMENT_3D('',#1480,#1481,#1482);
#1484=CIRCLE('',#1483,1.);
#1485=EDGE_CURVE('',#1429,#1479,#1484,.T.);
#1486=ORIENTED_EDGE('',*,*,#1485,.T.);
#1487=CARTESIAN_POINT('',(-5.405243612,265.159643665,129.12));
#1488=CARTESIAN_POINT('',(-5.248861876,265.073663889,129.12));
#1489=CARTESIAN_POINT('',(-5.095054756,264.990942462,129.09420832));
#1490=CARTESIAN_POINT('',(-4.944007294,264.911643697,129.042938486));
#1491=CARTESIAN_POINT('',(-4.792959831,264.832344932,128.991668652));
#1492=CARTESIAN_POINT('',(-4.649961548,264.759266758,128.917097072));
#1493=CARTESIAN_POINT('',(-4.520077296,264.694368916,128.812639102));
#1494=B_SPLINE_CURVE_WITH_KNOTS('',3,(#1487,#1488,#1489,#1490,#1491,#1492,#1493),.UNSPECIFIED.,.F.,.F.,(4,3,4),(0.,0.000529146,0.001058291),.UNSPECIFIED.);
#1495=EDGE_CURVE('',#1479,#1431,#1494,.T.);
#1496=ORIENTED_EDGE('',*,*,#1495,.T.);
#1497=ORIENTED_EDGE('',*,*,#1440,.F.);
#1498=EDGE_LOOP('',(#1486,#1496,#1497));
#1499=FACE_BOUND('',#1498,.T.);
#1500=ADVANCED_FACE('',(#1499),#1477,.F.);
#1501=CARTESIAN_POINT('',(-15.175645468,250.050337993,129.12));
#1502=DIRECTION('',(0.,0.,1.));
#1503=DIRECTION('',(1.,0.,0.));
#1504=AXIS2_PLACEMENT_3D('',#1501,#1502,#1503);
#1505=PLANE('',#1504);
#1506=CARTESIAN_POINT('',(-1.238063718,239.289731094,129.12));
#1507=VERTEX_POINT('',#1506);
#1508=CARTESIAN_POINT('',(-0.689411469,239.422443012,129.12));
#1509=VERTEX_POINT('',#1508);
#1510=CARTESIAN_POINT('',(0.39826707,233.725342399,129.12));
#1511=DIRECTION('',(-0.,-0.,-1.));
#1512=DIRECTION('',(1.,0.,-0.));
#1513=AXIS2_PLACEMENT_3D('',#1510,#1511,#1512);
#1514=CIRCLE('',#1513,5.8);
#1515=EDGE_CURVE('',#1507,#1509,#1514,.T.);
#1516=ORIENTED_EDGE('',*,*,#1515,.T.);
#1517=CARTESIAN_POINT('',(-1.09771529,239.456991836,129.12));
#1518=VERTEX_POINT('',#1517);
#1519=CARTESIAN_POINT('',(0.,250.,129.12));
#1520=DIRECTION('',(-0.,-0.,-1.));
#1521=DIRECTION('',(1.,0.,-0.));
#1522=AXIS2_PLACEMENT_3D('',#1519,#1520,#1521);
#1523=CIRCLE('',#1522,10.6);
#1524=EDGE_CURVE('',#1509,#1518,#1523,.T.);
#1525=ORIENTED_EDGE('',*,*,#1524,.T.);
#1526=CARTESIAN_POINT('',(-1.09771529,239.456991836,129.12));
#1527=DIRECTION('',(-0.64278761,-0.766044443,0.));
#1528=VECTOR('',#1527,0.218343392);
#1529=LINE('',#1526,#1528);
#1530=EDGE_CURVE('',#1518,#1507,#1529,.T.);
#1531=ORIENTED_EDGE('',*,*,#1530,.T.);
#1532=EDGE_LOOP('',(#1516,#1525,#1531));
#1533=FACE_BOUND('',#1532,.T.);
#1534=ADVANCED_FACE('',(#1533),#1505,.T.);
#1535=CARTESIAN_POINT('',(-17.175645468,244.050337993,0.));
#1536=DIRECTION('',(-0.707106781,-0.707106781,0.));
#1537=DIRECTION('',(0.,0.,1.));
#1538=AXIS2_PLACEMENT_3D('',#1535,#1536,#1537);
#1539=PLANE('',#1538);
#1540=CARTESIAN_POINT('',(-16.175645468,243.050337993,107.122995293));
#1541=VERTEX_POINT('',#1540);
#1542=CARTESIAN_POINT('',(-16.175645468,243.050337993,129.12));
#1543=VERTEX_POINT('',#1542);
#1544=CARTESIAN_POINT('',(-16.175645468,243.050337993,107.122995293));
#1545=DIRECTION('',(0.,0.,1.));
#1546=VECTOR('',#1545,21.997004707);
#1547=LINE('',#1544,#1546);
#1548=EDGE_CURVE('',#1541,#1543,#1547,.T.);
#1549=ORIENTED_EDGE('',*,*,#1548,.T.);
#1550=CARTESIAN_POINT('',(-16.882752249,243.757444774,129.12));
#1551=VERTEX_POINT('',#1550);
#1552=CARTESIAN_POINT('',(-16.175645468,243.050337993,129.12));
#1553=DIRECTION('',(-0.707106781,0.707106781,0.));
#1554=VECTOR('',#1553,1.);
#1555=LINE('',#1552,#1554);
#1556=EDGE_CURVE('',#1543,#1551,#1555,.T.);
#1557=ORIENTED_EDGE('',*,*,#1556,.T.);
#1558=CARTESIAN_POINT('',(-16.882752249,243.757444774,107.122995293));
#1559=VERTEX_POINT('',#1558);
#1560=CARTESIAN_POINT('',(-16.882752249,243.757444774,107.122995293));
#1561=DIRECTION('',(0.,0.,1.));
#1562=VECTOR('',#1561,21.997004707);
#1563=LINE('',#1560,#1562);
#1564=EDGE_CURVE('',#1559,#1551,#1563,.T.);
#1565=ORIENTED_EDGE('',*,*,#1564,.F.);
#1566=CARTESIAN_POINT('',(-16.175645468,243.050337993,107.122995293));
#1567=DIRECTION('',(-0.707106781,0.707106781,-0.));
#1568=VECTOR('',#1567,1.);
#1569=LINE('',#1566,#1568);
#1570=EDGE_CURVE('',#1541,#1559,#1569,.T.);
#1571=ORIENTED_EDGE('',*,*,#1570,.F.);
#1572=EDGE_LOOP('',(#1549,#1557,#1565,#1571));
#1573=FACE_BOUND('',#1572,.T.);
#1574=ADVANCED_FACE('',(#1573),#1539,.T.);
#1575=CARTESIAN_POINT('',(-16.175645468,257.050337993,117.789406318));
#1576=DIRECTION('',(0.707106781,-0.707106781,0.));
#1577=DIRECTION('',(0.,0.,-1.));
#1578=AXIS2_PLACEMENT_3D('',#1575,#1576,#1577);
#1579=PLANE('',#1578);
#1580=CARTESIAN_POINT('',(-16.882752249,256.343231211,129.12));
#1581=VERTEX_POINT('',#1580);
#1582=CARTESIAN_POINT('',(-16.882752249,256.343231212,107.122995293));
#1583=VERTEX_POINT('',#1582);
#1584=CARTESIAN_POINT('',(-16.882752249,256.343231212,129.12));
#1585=DIRECTION('',(-0.,-0.,-1.));
#1586=VECTOR('',#1585,21.997004707);
#1587=LINE('',#1584,#1586);
#1588=EDGE_CURVE('',#1581,#1583,#1587,.T.);
#1589=ORIENTED_EDGE('',*,*,#1588,.F.);
#1590=CARTESIAN_POINT('',(-16.175645468,257.050337993,129.12));
#1591=VERTEX_POINT('',#1590);
#1592=CARTESIAN_POINT('',(-16.175645468,257.050337993,129.12));
#1593=DIRECTION('',(-0.707106781,-0.707106782,0.));
#1594=VECTOR('',#1593,1.000000001);
#1595=LINE('',#1592,#1594);
#1596=EDGE_CURVE('',#1591,#1581,#1595,.T.);
#1597=ORIENTED_EDGE('',*,*,#1596,.F.);
#1598=CARTESIAN_POINT('',(-16.175645467,257.050337993,107.122995293));
#1599=VERTEX_POINT('',#1598);
#1600=CARTESIAN_POINT('',(-16.175645468,257.050337993,129.12));
#1601=DIRECTION('',(0.,0.,-1.));
#1602=VECTOR('',#1601,21.997004707);
#1603=LINE('',#1600,#1602);
#1604=EDGE_CURVE('',#1591,#1599,#1603,.T.);
#1605=ORIENTED_EDGE('',*,*,#1604,.T.);
#1606=CARTESIAN_POINT('',(-16.882752249,256.343231212,107.122995293));
#1607=DIRECTION('',(0.707106781,0.707106781,0.));
#1608=VECTOR('',#1607,1.000000001);
#1609=LINE('',#1606,#1608);
#1610=EDGE_CURVE('',#1583,#1599,#1609,.T.);
#1611=ORIENTED_EDGE('',*,*,#1610,.F.);
#1612=EDGE_LOOP('',(#1589,#1597,#1605,#1611));
#1613=FACE_BOUND('',#1612,.T.);
#1614=ADVANCED_FACE('',(#1613),#1579,.F.);
#1615=CARTESIAN_POINT('',(-15.175645468,250.050337993,106.122995293));
#1616=DIRECTION('',(0.,0.,-1.));
#1617=DIRECTION('',(-1.,0.,0.));
#1618=AXIS2_PLACEMENT_3D('',#1615,#1616,#1617);
#1619=PLANE('',#1618);
#1620=CARTESIAN_POINT('',(-16.03881561,255.772954288,106.122995293));
#1621=VERTEX_POINT('',#1620);
#1622=CARTESIAN_POINT('',(-16.175645468,255.63612443,106.122995293));
#1623=VERTEX_POINT('',#1622);
#1624=CARTESIAN_POINT('',(-16.03881561,255.772954288,106.122995293));
#1625=DIRECTION('',(-0.707106781,-0.707106781,-0.));
#1626=VECTOR('',#1625,0.193506641);
#1627=LINE('',#1624,#1626);
#1628=EDGE_CURVE('',#1621,#1623,#1627,.T.);
#1629=ORIENTED_EDGE('',*,*,#1628,.F.);
#1630=CARTESIAN_POINT('',(-16.175645468,255.370932859,106.122995293));
#1631=VERTEX_POINT('',#1630);
#1632=CARTESIAN_POINT('',(-0.015089493,250.094908733,106.122995293));
#1633=DIRECTION('',(0.,0.,-1.));
#1634=DIRECTION('',(-1.,0.,0.));
#1635=AXIS2_PLACEMENT_3D('',#1632,#1633,#1634);
#1636=CIRCLE('',#1635,17.);
#1637=EDGE_CURVE('',#1631,#1621,#1636,.T.);
#1638=ORIENTED_EDGE('',*,*,#1637,.F.);
#1639=CARTESIAN_POINT('',(-16.175645468,255.63612443,106.122995293));
#1640=DIRECTION('',(0.,-1.,0.));
#1641=VECTOR('',#1640,0.265191571);
#1642=LINE('',#1639,#1641);
#1643=EDGE_CURVE('',#1623,#1631,#1642,.T.);
#1644=ORIENTED_EDGE('',*,*,#1643,.F.);
#1645=EDGE_LOOP('',(#1629,#1638,#1644));
#1646=FACE_BOUND('',#1645,.T.);
#1647=ADVANCED_FACE('',(#1646),#1619,.T.);
#1648=CARTESIAN_POINT('',(-15.175645468,257.050337993,117.789406318));
#1649=DIRECTION('',(0.,-1.,0.));
#1650=DIRECTION('',(0.,0.,1.));
#1651=AXIS2_PLACEMENT_3D('',#1648,#1649,#1650);
#1652=PLANE('',#1651);
#1653=ORIENTED_EDGE('',*,*,#1604,.F.);
#1654=CARTESIAN_POINT('',(-14.424183976,257.050337993,129.12));
#1655=VERTEX_POINT('',#1654);
#1656=CARTESIAN_POINT('',(-14.424183976,257.050337993,129.12));
#1657=DIRECTION('',(-1.,-0.,0.));
#1658=VECTOR('',#1657,1.751461492);
#1659=LINE('',#1656,#1658);
#1660=EDGE_CURVE('',#1655,#1591,#1659,.T.);
#1661=ORIENTED_EDGE('',*,*,#1660,.F.);
#1662=CARTESIAN_POINT('',(-15.527084974,257.050337993,128.12));
#1663=VERTEX_POINT('',#1662);
#1664=CARTESIAN_POINT('',(-15.527084974,257.050337993,128.12));
#1665=CARTESIAN_POINT('',(-15.527084974,257.050337993,128.189553147));
#1666=CARTESIAN_POINT('',(-15.519220464,257.050337993,128.257740058));
#1667=CARTESIAN_POINT('',(-15.503891556,257.050337993,128.324630238));
#1668=CARTESIAN_POINT('',(-15.488562648,257.050337993,128.391520419));
#1669=CARTESIAN_POINT('',(-15.465338838,257.050337993,128.457721099));
#1670=CARTESIAN_POINT('',(-15.435682559,257.050337993,128.519715289));
#1671=CARTESIAN_POINT('',(-15.376370002,257.050337993,128.643703668));
#1672=CARTESIAN_POINT('',(-15.28949869,257.050337993,128.754992445));
#1673=CARTESIAN_POINT('',(-15.185581836,257.050337993,128.844786598));
#1674=CARTESIAN_POINT('',(-15.133623409,257.050337993,128.889683675));
#1675=CARTESIAN_POINT('',(-15.07656229,257.050337993,128.930005475));
#1676=CARTESIAN_POINT('',(-15.016893986,257.050337993,128.964355433));
#1677=CARTESIAN_POINT('',(-14.957225681,257.050337993,128.99870539));
#1678=CARTESIAN_POINT('',(-14.894884278,257.050337993,129.027322647));
#1679=CARTESIAN_POINT('',(-14.829985884,257.050337993,129.050456205));
#1680=CARTESIAN_POINT('',(-14.765087489,257.050337993,129.073589763));
#1681=CARTESIAN_POINT('',(-14.697596958,257.050337993,129.091105208));
#1682=CARTESIAN_POINT('',(-14.629857526,257.050337993,129.102649917));
#1683=CARTESIAN_POINT('',(-14.562118093,257.050337993,129.114194625));
#1684=CARTESIAN_POINT('',(-14.49356337,257.050337993,129.12));
#1685=CARTESIAN_POINT('',(-14.424183976,257.050337993,129.12));
#1686=B_SPLINE_CURVE_WITH_KNOTS('',3,(#1664,#1665,#1666,#1667,#1668,#1669,#1670,#1671,#1672,#1673,#1674,#1675,#1676,#1677,#1678,#1679,#1680,#1681,#1682,#1683,#1684,#1685),.UNSPECIFIED.,.F.,.F.,(4,3,3,3,3,3,3,4),(0.,0.00020558,0.000411161,0.000822321,0.001027902,0.001233482,0.001439063,0.001644643),.UNSPECIFIED.);
#1687=EDGE_CURVE('',#1663,#1655,#1686,.T.);
#1688=ORIENTED_EDGE('',*,*,#1687,.F.);
#1689=CARTESIAN_POINT('',(-15.527084974,257.050337993,106.282229161));
#1690=VERTEX_POINT('',#1689);
#1691=CARTESIAN_POINT('',(-15.527084975,257.050337993,128.12));
#1692=DIRECTION('',(-0.,-0.,-1.));
#1693=VECTOR('',#1692,21.837770839);
#1694=LINE('',#1691,#1693);
#1695=EDGE_CURVE('',#1663,#1690,#1694,.T.);
#1696=ORIENTED_EDGE('',*,*,#1695,.T.);
#1697=CARTESIAN_POINT('',(-16.175645468,257.050337993,107.122995293));
#1698=CARTESIAN_POINT('',(-16.175645468,257.050337993,106.57753859));
#1699=CARTESIAN_POINT('',(-15.527084975,257.050337993,106.282229161));
#1700=(BOUNDED_CURVE()
B_SPLINE_CURVE(2,(#1697,#1698,#1699),.UNSPECIFIED.,.F.,.F.)
B_SPLINE_CURVE_WITH_KNOTS((3,3),(180.,237.221109912),.UNSPECIFIED.)
CURVE()
GEOMETRIC_REPRESENTATION_ITEM()
RATIONAL_B_SPLINE_CURVE((1.,0.877894777,1.))
REPRESENTATION_ITEM(''));
#1701=EDGE_CURVE('',#1599,#1690,#1700,.T.);
#1702=ORIENTED_EDGE('',*,*,#1701,.F.);
#1703=EDGE_LOOP('',(#1653,#1661,#1688,#1696,#1702));
#1704=FACE_BOUND('',#1703,.T.);
#1705=ADVANCED_FACE('',(#1704),#1652,.F.);
#1706=CARTESIAN_POINT('',(-15.175645468,243.050337993,106.534649188));
#1707=DIRECTION('',(0.,-1.,0.));
#1708=DIRECTION('',(0.,0.,1.));
#1709=AXIS2_PLACEMENT_3D('',#1706,#1707,#1708);
#1710=PLANE('',#1709);
#1711=CARTESIAN_POINT('',(-15.486806369,243.050337993,129.12));
#1712=VERTEX_POINT('',#1711);
#1713=CARTESIAN_POINT('',(-16.175645468,243.050337993,129.12));
#1714=DIRECTION('',(1.,0.,-0.));
#1715=VECTOR('',#1714,0.688839099);
#1716=LINE('',#1713,#1715);
#1717=EDGE_CURVE('',#1543,#1712,#1716,.T.);
#1718=ORIENTED_EDGE('',*,*,#1717,.F.);
#1719=ORIENTED_EDGE('',*,*,#1548,.F.);
#1720=CARTESIAN_POINT('',(-15.486806369,243.050337993,106.264557209));
#1721=VERTEX_POINT('',#1720);
#1722=CARTESIAN_POINT('',(-15.486806369,243.050337993,106.264557209));
#1723=CARTESIAN_POINT('',(-16.175645468,243.050337993,106.555589434));
#1724=CARTESIAN_POINT('',(-16.175645468,243.050337993,107.122995293));
#1725=(BOUNDED_CURVE()
B_SPLINE_CURVE(2,(#1722,#1723,#1724),.UNSPECIFIED.,.F.,.F.)
B_SPLINE_CURVE_WITH_KNOTS((3,3),(120.858339201,180.),.UNSPECIFIED.)
CURVE()
GEOMETRIC_REPRESENTATION_ITEM()
RATIONAL_B_SPLINE_CURVE((1.,0.869746285,1.))
REPRESENTATION_ITEM(''));
#1726=EDGE_CURVE('',#1721,#1541,#1725,.T.);
#1727=ORIENTED_EDGE('',*,*,#1726,.F.);
#1728=CARTESIAN_POINT('',(-15.486806369,243.050337993,129.12));
#1729=DIRECTION('',(0.,0.,-1.));
#1730=VECTOR('',#1729,22.855442791);
#1731=LINE('',#1728,#1730);
#1732=EDGE_CURVE('',#1712,#1721,#1731,.T.);
#1733=ORIENTED_EDGE('',*,*,#1732,.F.);
#1734=EDGE_LOOP('',(#1718,#1719,#1727,#1733));
#1735=FACE_BOUND('',#1734,.T.);
#1736=ADVANCED_FACE('',(#1735),#1710,.T.);
#1737=CARTESIAN_POINT('',(-15.175645468,250.050337993,106.122995293));
#1738=DIRECTION('',(0.,0.,-1.));
#1739=DIRECTION('',(-1.,0.,0.));
#1740=AXIS2_PLACEMENT_3D('',#1737,#1738,#1739);
#1741=PLANE('',#1740);
#1742=CARTESIAN_POINT('',(-15.988835741,244.277741828,106.122995293));
#1743=VERTEX_POINT('',#1742);
#1744=CARTESIAN_POINT('',(-16.175645468,244.818884607,106.122995293));
#1745=VERTEX_POINT('',#1744);
#1746=CARTESIAN_POINT('',(-0.015089493,250.094908733,106.122995293));
#1747=DIRECTION('',(0.,0.,-1.));
#1748=DIRECTION('',(-1.,0.,0.));
#1749=AXIS2_PLACEMENT_3D('',#1746,#1747,#1748);
#1750=CIRCLE('',#1749,17.);
#1751=EDGE_CURVE('',#1743,#1745,#1750,.T.);
#1752=ORIENTED_EDGE('',*,*,#1751,.F.);
#1753=CARTESIAN_POINT('',(-16.175645468,244.464551555,106.122995293));
#1754=VERTEX_POINT('',#1753);
#1755=CARTESIAN_POINT('',(-16.175645468,244.464551555,106.122995293));
#1756=DIRECTION('',(0.707106781,-0.707106781,0.));
#1757=VECTOR('',#1756,0.264188849);
#1758=LINE('',#1755,#1757);
#1759=EDGE_CURVE('',#1754,#1743,#1758,.T.);
#1760=ORIENTED_EDGE('',*,*,#1759,.F.);
#1761=CARTESIAN_POINT('',(-16.175645468,244.818884607,106.122995293));
#1762=DIRECTION('',(0.,-1.,0.));
#1763=VECTOR('',#1762,0.354333052);
#1764=LINE('',#1761,#1763);
#1765=EDGE_CURVE('',#1745,#1754,#1764,.T.);
#1766=ORIENTED_EDGE('',*,*,#1765,.F.);
#1767=EDGE_LOOP('',(#1752,#1760,#1766));
#1768=FACE_BOUND('',#1767,.T.);
#1769=ADVANCED_FACE('',(#1768),#1741,.T.);
#1770=CARTESIAN_POINT('',(-15.175645468,250.050337993,111.931153864));
#1771=DIRECTION('',(-1.,0.,0.));
#1772=DIRECTION('',(0.,0.,1.));
#1773=AXIS2_PLACEMENT_3D('',#1770,#1771,#1772);
#1774=CYLINDRICAL_SURFACE('',#1773,1.75);
#1775=CARTESIAN_POINT('',(-16.775645468,250.050337993,113.681153864));
#1776=VERTEX_POINT('',#1775);
#1777=CARTESIAN_POINT('',(-15.375645468,250.050337993,113.681153864));
#1778=VERTEX_POINT('',#1777);
#1779=CARTESIAN_POINT('',(-16.775645468,250.050337993,113.681153864));
#1780=DIRECTION('',(1.,-0.,-0.));
#1781=VECTOR('',#1780,1.4);
#1782=LINE('',#1779,#1781);
#1783=EDGE_CURVE('',#1776,#1778,#1782,.T.);
#1784=ORIENTED_EDGE('',*,*,#1783,.F.);
#1785=CARTESIAN_POINT('',(-16.775645468,250.050337993,110.181153864));
#1786=VERTEX_POINT('',#1785);
#1787=CARTESIAN_POINT('',(-16.775645468,250.050337993,111.931153864));
#1788=DIRECTION('',(-1.,-0.,-0.));
#1789=DIRECTION('',(0.,0.,-1.));
#1790=AXIS2_PLACEMENT_3D('',#1787,#1788,#1789);
#1791=CIRCLE('',#1790,1.75);
#1792=EDGE_CURVE('',#1776,#1786,#1791,.T.);
#1793=ORIENTED_EDGE('',*,*,#1792,.T.);
#1794=CARTESIAN_POINT('',(-16.775645468,250.050337993,111.931153864));
#1795=DIRECTION('',(-1.,-0.,-0.));
#1796=DIRECTION('',(0.,0.,-1.));
#1797=AXIS2_PLACEMENT_3D('',#1794,#1795,#1796);
#1798=CIRCLE('',#1797,1.75);
#1799=EDGE_CURVE('',#1786,#1776,#1798,.T.);
#1800=ORIENTED_EDGE('',*,*,#1799,.T.);
#1801=ORIENTED_EDGE('',*,*,#1783,.T.);
#1802=CARTESIAN_POINT('',(-15.375645468,250.050337993,110.181153864));
#1803=VERTEX_POINT('',#1802);
#1804=CARTESIAN_POINT('',(-15.375645468,250.050337993,111.931153864));
#1805=DIRECTION('',(1.,0.,0.));
#1806=DIRECTION('',(0.,0.,-1.));
#1807=AXIS2_PLACEMENT_3D('',#1804,#1805,#1806);
#1808=CIRCLE('',#1807,1.75);
#1809=EDGE_CURVE('',#1778,#1803,#1808,.T.);
#1810=ORIENTED_EDGE('',*,*,#1809,.T.);
#1811=CARTESIAN_POINT('',(-15.375645468,250.050337993,111.931153864));
#1812=DIRECTION('',(1.,0.,0.));
#1813=DIRECTION('',(0.,0.,-1.));
#1814=AXIS2_PLACEMENT_3D('',#1811,#1812,#1813);
#1815=CIRCLE('',#1814,1.75);
#1816=EDGE_CURVE('',#1803,#1778,#1815,.T.);
#1817=ORIENTED_EDGE('',*,*,#1816,.T.);
#1818=EDGE_LOOP('',(#1784,#1793,#1800,#1801,#1810,#1817));
#1819=FACE_BOUND('',#1818,.T.);
#1820=ADVANCED_FACE('',(#1819),#1774,.F.);
#1821=CARTESIAN_POINT('',(-15.175645468,250.050337993,129.12));
#1822=DIRECTION('',(0.,0.,1.));
#1823=DIRECTION('',(1.,0.,0.));
#1824=AXIS2_PLACEMENT_3D('',#1821,#1822,#1823);
#1825=PLANE('',#1824);
#1826=CARTESIAN_POINT('',(-14.835518978,241.76695161,129.12));
#1827=VERTEX_POINT('',#1826);
#1828=CARTESIAN_POINT('',(-10.236490109,247.247860787,129.12));
#1829=VERTEX_POINT('',#1828);
#1830=CARTESIAN_POINT('',(-14.83551898,241.766951611,129.12));
#1831=DIRECTION('',(0.64278761,0.766044443,0.));
#1832=VECTOR('',#1831,7.154818793);
#1833=LINE('',#1830,#1832);
#1834=EDGE_CURVE('',#1827,#1829,#1833,.T.);
#1835=ORIENTED_EDGE('',*,*,#1834,.T.);
#1836=CARTESIAN_POINT('',(9.074567108,255.478342066,129.12));
#1837=VERTEX_POINT('',#1836);
#1838=CARTESIAN_POINT('',(0.,250.,129.12));
#1839=DIRECTION('',(-0.,-0.,-1.));
#1840=DIRECTION('',(1.,0.,-0.));
#1841=AXIS2_PLACEMENT_3D('',#1838,#1839,#1840);
#1842=CIRCLE('',#1841,10.6);
#1843=EDGE_CURVE('',#1829,#1837,#1842,.T.);
#1844=ORIENTED_EDGE('',*,*,#1843,.T.);
#1845=CARTESIAN_POINT('',(15.264264078,255.478342066,129.12));
#1846=VERTEX_POINT('',#1845);
#1847=CARTESIAN_POINT('',(9.074567108,255.478342066,129.12));
#1848=DIRECTION('',(1.,0.,-0.));
#1849=VECTOR('',#1848,6.18969697);
#1850=LINE('',#1847,#1849);
#1851=EDGE_CURVE('',#1837,#1846,#1850,.T.);
#1852=ORIENTED_EDGE('',*,*,#1851,.T.);
#1853=CARTESIAN_POINT('',(12.310172121,260.608134983,129.12));
#1854=VERTEX_POINT('',#1853);
#1855=CARTESIAN_POINT('',(-0.015089493,250.094908733,129.12));
#1856=DIRECTION('',(0.,0.,1.));
#1857=DIRECTION('',(1.,0.,-0.));
#1858=AXIS2_PLACEMENT_3D('',#1855,#1856,#1857);
#1859=CIRCLE('',#1858,16.2);
#1860=EDGE_CURVE('',#1846,#1854,#1859,.T.);
#1861=ORIENTED_EDGE('',*,*,#1860,.T.);
#1862=CARTESIAN_POINT('',(12.158008397,260.678342066,129.12));
#1863=VERTEX_POINT('',#1862);
#1864=CARTESIAN_POINT('',(12.158008397,260.478342066,129.12));
#1865=DIRECTION('',(0.,0.,1.));
#1866=DIRECTION('',(1.,0.,-0.));
#1867=AXIS2_PLACEMENT_3D('',#1864,#1865,#1866);
#1868=CIRCLE('',#1867,0.2);
#1869=EDGE_CURVE('',#1854,#1863,#1868,.T.);
#1870=ORIENTED_EDGE('',*,*,#1869,.T.);
#1871=CARTESIAN_POINT('',(-1.088180138,260.678342066,129.12));
#1872=VERTEX_POINT('',#1871);
#1873=CARTESIAN_POINT('',(12.158008397,260.678342066,129.12));
#1874=DIRECTION('',(-1.,-0.,0.));
#1875=VECTOR('',#1874,13.246188536);
#1876=LINE('',#1873,#1875);
#1877=EDGE_CURVE('',#1863,#1872,#1876,.T.);
#1878=ORIENTED_EDGE('',*,*,#1877,.T.);
#1879=CARTESIAN_POINT('',(0.44804901,266.478342066,129.12));
#1880=DIRECTION('',(-0.,-0.,-1.));
#1881=DIRECTION('',(1.,0.,-0.));
#1882=AXIS2_PLACEMENT_3D('',#1879,#1880,#1881);
#1883=CIRCLE('',#1882,6.);
#1884=EDGE_CURVE('',#1872,#1479,#1883,.T.);
#1885=ORIENTED_EDGE('',*,*,#1884,.T.);
#1886=CARTESIAN_POINT('',(-0.015089493,250.094908733,129.12));
#1887=DIRECTION('',(-0.,-0.,-1.));
#1888=DIRECTION('',(1.,0.,-0.));
#1889=AXIS2_PLACEMENT_3D('',#1886,#1887,#1888);
#1890=CIRCLE('',#1889,16.);
#1891=EDGE_CURVE('',#1655,#1479,#1890,.T.);
#1892=ORIENTED_EDGE('',*,*,#1891,.F.);
#1893=ORIENTED_EDGE('',*,*,#1660,.T.);
#1894=ORIENTED_EDGE('',*,*,#1596,.T.);
#1895=CARTESIAN_POINT('',(-17.175645468,255.63612443,129.12));
#1896=VERTEX_POINT('',#1895);
#1897=CARTESIAN_POINT('',(-16.175645468,255.63612443,129.12));
#1898=DIRECTION('',(-0.,-0.,-1.));
#1899=DIRECTION('',(1.,0.,-0.));
#1900=AXIS2_PLACEMENT_3D('',#1897,#1898,#1899);
#1901=CIRCLE('',#1900,1.);
#1902=EDGE_CURVE('',#1896,#1581,#1901,.T.);
#1903=ORIENTED_EDGE('',*,*,#1902,.F.);
#1904=CARTESIAN_POINT('',(-17.175645468,244.464551555,129.12));
#1905=VERTEX_POINT('',#1904);
#1906=CARTESIAN_POINT('',(-17.175645468,255.63612443,129.12));
#1907=DIRECTION('',(-0.,-1.,-0.));
#1908=VECTOR('',#1907,11.171572875);
#1909=LINE('',#1906,#1908);
#1910=EDGE_CURVE('',#1896,#1905,#1909,.T.);
#1911=ORIENTED_EDGE('',*,*,#1910,.T.);
#1912=CARTESIAN_POINT('',(-16.175645468,244.464551555,129.12));
#1913=DIRECTION('',(0.,0.,1.));
#1914=DIRECTION('',(1.,0.,-0.));
#1915=AXIS2_PLACEMENT_3D('',#1912,#1913,#1914);
#1916=CIRCLE('',#1915,1.);
#1917=EDGE_CURVE('',#1905,#1551,#1916,.T.);
#1918=ORIENTED_EDGE('',*,*,#1917,.T.);
#1919=ORIENTED_EDGE('',*,*,#1556,.F.);
#1920=ORIENTED_EDGE('',*,*,#1717,.T.);
#1921=CARTESIAN_POINT('',(-0.015089493,250.094908733,129.12));
#1922=DIRECTION('',(0.,0.,-1.));
#1923=DIRECTION('',(-1.,0.,0.));
#1924=AXIS2_PLACEMENT_3D('',#1921,#1922,#1923);
#1925=CIRCLE('',#1924,17.);
#1926=EDGE_CURVE('',#1827,#1712,#1925,.T.);
#1927=ORIENTED_EDGE('',*,*,#1926,.F.);
#1928=EDGE_LOOP('',(#1835,#1844,#1852,#1861,#1870,#1878,#1885,#1892,#1893,#1894,#1903,#1911,#1918,#1919,#1920,#1927));
#1929=FACE_BOUND('',#1928,.T.);
#1930=ADVANCED_FACE('',(#1929),#1825,.T.);
#1931=CARTESIAN_POINT('',(-15.175645468,250.050337993,123.631153864));
#1932=DIRECTION('',(-1.,0.,0.));
#1933=DIRECTION('',(0.,0.,1.));
#1934=AXIS2_PLACEMENT_3D('',#1931,#1932,#1933);
#1935=CYLINDRICAL_SURFACE('',#1934,1.75);
#1936=CARTESIAN_POINT('',(-16.775645468,250.050337993,125.381153864));
#1937=VERTEX_POINT('',#1936);
#1938=CARTESIAN_POINT('',(-15.375645468,250.050337993,125.381153864));
#1939=VERTEX_POINT('',#1938);
#1940=CARTESIAN_POINT('',(-16.775645468,250.050337993,125.381153864));
#1941=DIRECTION('',(1.,-0.,-0.));
#1942=VECTOR('',#1941,1.4);
#1943=LINE('',#1940,#1942);
#1944=EDGE_CURVE('',#1937,#1939,#1943,.T.);
#1945=ORIENTED_EDGE('',*,*,#1944,.F.);
#1946=CARTESIAN_POINT('',(-16.775645468,250.050337993,121.881153864));
#1947=VERTEX_POINT('',#1946);
#1948=CARTESIAN_POINT('',(-16.775645468,250.050337993,123.631153864));
#1949=DIRECTION('',(-1.,-0.,-0.));
#1950=DIRECTION('',(0.,0.,-1.));
#1951=AXIS2_PLACEMENT_3D('',#1948,#1949,#1950);
#1952=CIRCLE('',#1951,1.75);
#1953=EDGE_CURVE('',#1937,#1947,#1952,.T.);
#1954=ORIENTED_EDGE('',*,*,#1953,.T.);
#1955=CARTESIAN_POINT('',(-16.775645468,250.050337993,123.631153864));
#1956=DIRECTION('',(-1.,-0.,-0.));
#1957=DIRECTION('',(0.,0.,-1.));
#1958=AXIS2_PLACEMENT_3D('',#1955,#1956,#1957);
#1959=CIRCLE('',#1958,1.75);
#1960=EDGE_CURVE('',#1947,#1937,#1959,.T.);
#1961=ORIENTED_EDGE('',*,*,#1960,.T.);
#1962=ORIENTED_EDGE('',*,*,#1944,.T.);
#1963=CARTESIAN_POINT('',(-15.375645468,250.050337993,121.881153864));
#1964=VERTEX_POINT('',#1963);
#1965=CARTESIAN_POINT('',(-15.375645468,250.050337993,123.631153864));
#1966=DIRECTION('',(1.,0.,0.));
#1967=DIRECTION('',(0.,0.,-1.));
#1968=AXIS2_PLACEMENT_3D('',#1965,#1966,#1967);
#1969=CIRCLE('',#1968,1.75);
#1970=EDGE_CURVE('',#1939,#1964,#1969,.T.);
#1971=ORIENTED_EDGE('',*,*,#1970,.T.);
#1972=CARTESIAN_POINT('',(-15.375645468,250.050337993,123.631153864));
#1973=DIRECTION('',(1.,0.,0.));
#1974=DIRECTION('',(0.,0.,-1.));
#1975=AXIS2_PLACEMENT_3D('',#1972,#1973,#1974);
#1976=CIRCLE('',#1975,1.75);
#1977=EDGE_CURVE('',#1964,#1939,#1976,.T.);
#1978=ORIENTED_EDGE('',*,*,#1977,.T.);
#1979=EDGE_LOOP('',(#1945,#1954,#1961,#1962,#1971,#1978));
#1980=FACE_BOUND('',#1979,.T.);
#1981=ADVANCED_FACE('',(#1980),#1935,.F.);
#1982=CARTESIAN_POINT('',(-17.175645468,352.650337993,0.));
#1983=DIRECTION('',(1.,0.,0.));
#1984=DIRECTION('',(0.,-1.,0.));
#1985=AXIS2_PLACEMENT_3D('',#1982,#1983,#1984);
#1986=PLANE('',#1985);
#1987=CARTESIAN_POINT('',(-17.175645468,250.050337993,109.781153864));
#1988=VERTEX_POINT('',#1987);
#1989=CARTESIAN_POINT('',(-17.175645468,250.050337993,114.081153864));
#1990=VERTEX_POINT('',#1989);
#1991=CARTESIAN_POINT('',(-17.175645468,250.050337993,111.931153864));
#1992=DIRECTION('',(1.,0.,0.));
#1993=DIRECTION('',(0.,0.,-1.));
#1994=AXIS2_PLACEMENT_3D('',#1991,#1992,#1993);
#1995=CIRCLE('',#1994,2.15);
#1996=EDGE_CURVE('',#1988,#1990,#1995,.T.);
#1997=ORIENTED_EDGE('',*,*,#1996,.T.);
#1998=CARTESIAN_POINT('',(-17.175645468,250.050337993,111.931153864));
#1999=DIRECTION('',(1.,0.,0.));
#2000=DIRECTION('',(0.,0.,-1.));
#2001=AXIS2_PLACEMENT_3D('',#1998,#1999,#2000);
#2002=CIRCLE('',#2001,2.15);
#2003=EDGE_CURVE('',#1990,#1988,#2002,.T.);
#2004=ORIENTED_EDGE('',*,*,#2003,.T.);
#2005=EDGE_LOOP('',(#1997,#2004));
#2006=FACE_BOUND('',#2005,.T.);
#2007=CARTESIAN_POINT('',(-17.175645468,250.050337993,121.481153864));
#2008=VERTEX_POINT('',#2007);
#2009=CARTESIAN_POINT('',(-17.175645468,250.050337993,125.781153864));
#2010=VERTEX_POINT('',#2009);
#2011=CARTESIAN_POINT('',(-17.175645468,250.050337993,123.631153864));
#2012=DIRECTION('',(1.,0.,0.));
#2013=DIRECTION('',(0.,0.,-1.));
#2014=AXIS2_PLACEMENT_3D('',#2011,#2012,#2013);
#2015=CIRCLE('',#2014,2.15);
#2016=EDGE_CURVE('',#2008,#2010,#2015,.T.);
#2017=ORIENTED_EDGE('',*,*,#2016,.T.);
#2018=CARTESIAN_POINT('',(-17.175645468,250.050337993,123.631153864));
#2019=DIRECTION('',(1.,0.,0.));
#2020=DIRECTION('',(0.,0.,-1.));
#2021=AXIS2_PLACEMENT_3D('',#2018,#2019,#2020);
#2022=CIRCLE('',#2021,2.15);
#2023=EDGE_CURVE('',#2010,#2008,#2022,.T.);
#2024=ORIENTED_EDGE('',*,*,#2023,.T.);
#2025=EDGE_LOOP('',(#2017,#2024));
#2026=FACE_BOUND('',#2025,.T.);
#2027=CARTESIAN_POINT('',(-17.175645468,244.464551555,107.122995293));
#2028=VERTEX_POINT('',#2027);
#2029=CARTESIAN_POINT('',(-17.175645468,244.464551555,129.12));
#2030=DIRECTION('',(-0.,-0.,-1.));
#2031=VECTOR('',#2030,21.997004707);
#2032=LINE('',#2029,#2031);
#2033=EDGE_CURVE('',#1905,#2028,#2032,.T.);
#2034=ORIENTED_EDGE('',*,*,#2033,.F.);
#2035=ORIENTED_EDGE('',*,*,#1910,.F.);
#2036=CARTESIAN_POINT('',(-17.175645468,255.63612443,107.122995293));
#2037=VERTEX_POINT('',#2036);
#2038=CARTESIAN_POINT('',(-17.175645468,255.63612443,107.122995293));
#2039=DIRECTION('',(0.,0.,1.));
#2040=VECTOR('',#2039,21.997004707);
#2041=LINE('',#2038,#2040);
#2042=EDGE_CURVE('',#2037,#1896,#2041,.T.);
#2043=ORIENTED_EDGE('',*,*,#2042,.F.);
#2044=CARTESIAN_POINT('',(-17.175645468,255.370932859,107.122995293));
#2045=VERTEX_POINT('',#2044);
#2046=CARTESIAN_POINT('',(-17.175645468,255.370932859,107.122995293));
#2047=DIRECTION('',(-0.,1.,-0.));
#2048=VECTOR('',#2047,0.265191571);
#2049=LINE('',#2046,#2048);
#2050=EDGE_CURVE('',#2045,#2037,#2049,.T.);
#2051=ORIENTED_EDGE('',*,*,#2050,.F.);
#2052=CARTESIAN_POINT('',(-17.175645468,244.818884607,107.122995293));
#2053=VERTEX_POINT('',#2052);
#2054=CARTESIAN_POINT('',(-17.175645468,244.818884607,107.122995293));
#2055=CARTESIAN_POINT('',(-17.175645468,245.262383403,107.122995293));
#2056=CARTESIAN_POINT('',(-17.175645468,245.703945464,107.095377838));
#2057=CARTESIAN_POINT('',(-17.175645468,246.144579987,107.054537113));
#2058=CARTESIAN_POINT('',(-17.175645468,246.58521451,107.013696388));
#2059=CARTESIAN_POINT('',(-17.175645468,247.024899857,106.959005227));
#2060=CARTESIAN_POINT('',(-17.175645468,247.464232644,106.902233149));
#2061=CARTESIAN_POINT('',(-17.175645468,247.903565431,106.845461071));
#2062=CARTESIAN_POINT('',(-17.175645468,248.342629514,106.786203774));
#2063=CARTESIAN_POINT('',(-17.175645468,248.783196188,106.740843777));
#2064=CARTESIAN_POINT('',(-17.175645468,249.003479525,106.718163779));
#2065=CARTESIAN_POINT('',(-17.175645468,249.224156136,106.699121137));
#2066=CARTESIAN_POINT('',(-17.175645468,249.44548145,106.686078271));
#2067=CARTESIAN_POINT('',(-17.175645468,249.666806763,106.673035405));
#2068=CARTESIAN_POINT('',(-17.175645468,249.888796586,106.66613814));
#2069=CARTESIAN_POINT('',(-17.175645468,250.109769341,106.666452007));
#2070=CARTESIAN_POINT('',(-17.175645468,250.993660362,106.667707478));
#2071=CARTESIAN_POINT('',(-17.175645468,251.867049598,106.791385734));
#2072=CARTESIAN_POINT('',(-17.175645468,252.741364255,106.904271364));
#2073=CARTESIAN_POINT('',(-17.175645468,253.178521584,106.960714179));
#2074=CARTESIAN_POINT('',(-17.175645468,253.615870298,107.014928505));
#2075=CARTESIAN_POINT('',(-17.175645468,254.054399171,107.055384315));
#2076=CARTESIAN_POINT('',(-17.175645468,254.492928045,107.095840125));
#2077=CARTESIAN_POINT('',(-17.175645468,254.933146189,107.122995293));
#2078=CARTESIAN_POINT('',(-17.175645468,255.370932859,107.122995293));
#2079=B_SPLINE_CURVE_WITH_KNOTS('',3,(#2054,#2055,#2056,#2057,#2058,#2059,#2060,#2061,#2062,#2063,#2064,#2065,#2066,#2067,#2068,#2069,#2070,#2071,#2072,#2073,#2074,#2075,#2076,#2077,#2078),.UNSPECIFIED.,.F.,.F.,(4,3,3,3,3,3,3,3,4),(0.002315451,0.003642344,0.004969237,0.006296131,0.006959577,0.007623024,0.01027681,0.011603704,0.012930597),.UNSPECIFIED.);
#2080=EDGE_CURVE('',#2053,#2045,#2079,.T.);
#2081=ORIENTED_EDGE('',*,*,#2080,.F.);
#2082=CARTESIAN_POINT('',(-17.175645468,244.464551555,107.122995293));
#2083=DIRECTION('',(-0.,1.,-0.));
#2084=VECTOR('',#2083,0.354333052);
#2085=LINE('',#2082,#2084);
#2086=EDGE_CURVE('',#2028,#2053,#2085,.T.);
#2087=ORIENTED_EDGE('',*,*,#2086,.F.);
#2088=EDGE_LOOP('',(#2034,#2035,#2043,#2051,#2081,#2087));
#2089=FACE_BOUND('',#2088,.T.);
#2090=ADVANCED_FACE('',(#2006,#2026,#2089),#1986,.F.);
#2091=CARTESIAN_POINT('',(-0.015089493,250.094908733,129.17));
#2092=DIRECTION('',(0.,0.,-1.));
#2093=DIRECTION('',(-0.766044443,0.64278761,0.));
#2094=AXIS2_PLACEMENT_3D('',#2091,#2092,#2093);
#2095=CYLINDRICAL_SURFACE('',#2094,17.);
#2096=CARTESIAN_POINT('',(-13.037845022,261.022298102,99.42));
#2097=VERTEX_POINT('',#2096);
#2098=CARTESIAN_POINT('',(-13.037845022,261.022298102,128.12));
#2099=VERTEX_POINT('',#2098);
#2100=CARTESIAN_POINT('',(-13.037845022,261.022298102,99.42));
#2101=DIRECTION('',(-0.,-0.,1.));
#2102=VECTOR('',#2101,28.7);
#2103=LINE('',#2100,#2102);
#2104=EDGE_CURVE('',#2097,#2099,#2103,.T.);
#2105=ORIENTED_EDGE('',*,*,#2104,.T.);
#2106=CARTESIAN_POINT('',(-5.742128244,266.101189599,128.12));
#2107=VERTEX_POINT('',#2106);
#2108=CARTESIAN_POINT('',(-0.015089493,250.094908733,128.12));
#2109=DIRECTION('',(0.,0.,1.));
#2110=DIRECTION('',(1.,0.,-0.));
#2111=AXIS2_PLACEMENT_3D('',#2108,#2109,#2110);
#2112=CIRCLE('',#2111,17.);
#2113=EDGE_CURVE('',#2107,#2099,#2112,.T.);
#2114=ORIENTED_EDGE('',*,*,#2113,.F.);
#2115=CARTESIAN_POINT('',(-5.742128244,266.101189599,110.12));
#2116=VERTEX_POINT('',#2115);
#2117=CARTESIAN_POINT('',(-5.742128244,266.101189598,110.12));
#2118=DIRECTION('',(0.,0.,1.));
#2119=VECTOR('',#2118,18.);
#2120=LINE('',#2117,#2119);
#2121=EDGE_CURVE('',#2116,#2107,#2120,.T.);
#2122=ORIENTED_EDGE('',*,*,#2121,.F.);
#2123=CARTESIAN_POINT('',(-3.695012242,266.691841238,108.12));
#2124=VERTEX_POINT('',#2123);
#2125=CARTESIAN_POINT('',(-3.695012242,266.691841238,108.12));
#2126=CARTESIAN_POINT('',(-3.832190432,266.66142567,108.12));
#2127=CARTESIAN_POINT('',(-3.966674614,266.629824691,108.132976949));
#2128=CARTESIAN_POINT('',(-4.098602528,266.59717892,108.158372491));
#2129=CARTESIAN_POINT('',(-4.230530441,266.564533149,108.183768032));
#2130=CARTESIAN_POINT('',(-4.361265462,266.530460025,108.222204338));
#2131=CARTESIAN_POINT('',(-4.485540964,266.496587417,108.272326295));
#2132=CARTESIAN_POINT('',(-4.609816467,266.46271481,108.322448251));
#2133=CARTESIAN_POINT('',(-4.727376711,266.429159606,108.383771786));
#2134=CARTESIAN_POINT('',(-4.838387958,266.396313333,108.45620722));
#2135=CARTESIAN_POINT('',(-4.949399205,266.363467061,108.528642654));
#2136=CARTESIAN_POINT('',(-5.054199332,266.331196788,108.612910656));
#2137=CARTESIAN_POINT('',(-5.147983952,266.301493644,108.70496257));
#2138=CARTESIAN_POINT('',(-5.241768573,266.2717905,108.797014484));
#2139=CARTESIAN_POINT('',(-5.325802311,266.244287691,108.897501602));
#2140=CARTESIAN_POINT('',(-5.399952108,266.219525151,109.006671005));
#2141=CARTESIAN_POINT('',(-5.474101904,266.194762611,109.115840407));
#2142=CARTESIAN_POINT('',(-5.536986482,266.173201925,109.232039569));
#2143=CARTESIAN_POINT('',(-5.587495987,266.155677266,109.35227593));
#2144=CARTESIAN_POINT('',(-5.638005492,266.138152608,109.472512292));
#2145=CARTESIAN_POINT('',(-5.676871389,266.124412531,109.598405086));
#2146=CARTESIAN_POINT('',(-5.702956391,266.115151246,109.727699628));
#2147=CARTESIAN_POINT('',(-5.729041392,266.105889962,109.85699417));
#2148=CARTESIAN_POINT('',(-5.742128245,266.101189599,109.987756332));
#2149=CARTESIAN_POINT('',(-5.742128245,266.101189599,110.12));
#2150=B_SPLINE_CURVE_WITH_KNOTS('',3,(#2125,#2126,#2127,#2128,#2129,#2130,#2131,#2132,#2133,#2134,#2135,#2136,#2137,#2138,#2139,#2140,#2141,#2142,#2143,#2144,#2145,#2146,#2147,#2148,#2149),.UNSPECIFIED.,.F.,.F.,(4,3,3,3,3,3,3,3,4),(0.,0.000391071,0.000782142,0.001173212,0.001564283,0.001955354,0.002346425,0.002737495,0.003128566),.UNSPECIFIED.);
#2151=EDGE_CURVE('',#2124,#2116,#2150,.T.);
#2152=ORIENTED_EDGE('',*,*,#2151,.F.);
#2153=CARTESIAN_POINT('',(-0.015089493,267.094908733,108.12));
#2154=VERTEX_POINT('',#2153);
#2155=CARTESIAN_POINT('',(-0.015089493,250.094908733,108.12));
#2156=DIRECTION('',(0.,0.,1.));
#2157=DIRECTION('',(1.,0.,-0.));
#2158=AXIS2_PLACEMENT_3D('',#2155,#2156,#2157);
#2159=CIRCLE('',#2158,17.);
#2160=EDGE_CURVE('',#2154,#2124,#2159,.T.);
#2161=ORIENTED_EDGE('',*,*,#2160,.F.);
#2162=CARTESIAN_POINT('',(10.749801593,263.252306649,108.120000001));
#2163=VERTEX_POINT('',#2162);
#2164=CARTESIAN_POINT('',(-0.015089493,250.094908733,108.12));
#2165=DIRECTION('',(0.,0.,1.));
#2166=DIRECTION('',(1.,0.,-0.));
#2167=AXIS2_PLACEMENT_3D('',#2164,#2165,#2166);
#2168=CIRCLE('',#2167,17.);
#2169=EDGE_CURVE('',#2163,#2154,#2168,.T.);
#2170=ORIENTED_EDGE('',*,*,#2169,.F.);
#2171=CARTESIAN_POINT('',(12.918827015,261.127306649,110.12));
#2172=VERTEX_POINT('',#2171);
#2173=CARTESIAN_POINT('',(12.918827015,261.127306649,110.12));
#2174=CARTESIAN_POINT('',(12.918827015,261.127306649,109.956556868));
#2175=CARTESIAN_POINT('',(12.90102543,261.148270011,109.797813815));
#2176=CARTESIAN_POINT('',(12.866370476,261.18851,109.643446524));
#2177=CARTESIAN_POINT('',(12.849042999,261.208629995,109.566262878));
#2178=CARTESIAN_POINT('',(12.827418668,261.233644814,109.490466621));
#2179=CARTESIAN_POINT('',(12.802340982,261.262427528,109.418177158));
#2180=CARTESIAN_POINT('',(12.777263296,261.291210242,109.345887696));
#2181=CARTESIAN_POINT('',(12.748598052,261.323917013,109.276443241));
#2182=CARTESIAN_POINT('',(12.71649696,261.360196408,109.209648817));
#2183=CARTESIAN_POINT('',(12.684395868,261.396475804,109.142854394));
#2184=CARTESIAN_POINT('',(12.648600782,261.436610966,109.078378527));
#2185=CARTESIAN_POINT('',(12.610360654,261.479020846,109.017930702));
#2186=CARTESIAN_POINT('',(12.572120526,261.521430726,108.957482878));
#2187=CARTESIAN_POINT('',(12.531335492,261.566233013,108.90070646));
#2188=CARTESIAN_POINT('',(12.488160456,261.613100463,108.84723736));
#2189=CARTESIAN_POINT('',(12.401810383,261.706835362,108.740299159));
#2190=CARTESIAN_POINT('',(12.304937546,261.809812494,108.645713839));
#2191=CARTESIAN_POINT('',(12.201709765,261.916491364,108.564558899));
#2192=CARTESIAN_POINT('',(12.098481983,262.023170235,108.483403959));
#2193=CARTESIAN_POINT('',(11.989614907,262.132870652,108.415790026));
#2194=CARTESIAN_POINT('',(11.875590748,262.244465245,108.359208878));
#2195=CARTESIAN_POINT('',(11.761566589,262.356059837,108.30262773));
#2196=CARTESIAN_POINT('',(11.641614328,262.470259422,108.25695099));
#2197=CARTESIAN_POINT('',(11.518577893,262.583884537,108.221513724));
#2198=CARTESIAN_POINT('',(11.272505024,262.811134767,108.150639193));
#2199=CARTESIAN_POINT('',(11.016118012,263.034416511,108.119999999));
#2200=CARTESIAN_POINT('',(10.749801593,263.252306649,108.120000001));
#2201=B_SPLINE_CURVE_WITH_KNOTS('',3,(#2173,#2174,#2175,#2176,#2177,#2178,#2179,#2180,#2181,#2182,#2183,#2184,#2185,#2186,#2187,#2188,#2189,#2190,#2191,#2192,#2193,#2194,#2195,#2196,#2197,#2198,
#2199,#2200),.UNSPECIFIED.,.F.,.F.,(4,3,3,3,3,3,3,3,3,4),(0.,0.00048244,0.00072366,0.00096488,0.0012061,0.00144732,0.00192976,0.002412201,0.002894641,0.003859521),.UNSPECIFIED.);
#2202=EDGE_CURVE('',#2172,#2163,#2201,.T.);
#2203=ORIENTED_EDGE('',*,*,#2202,.F.);
#2204=CARTESIAN_POINT('',(12.918827015,261.127306649,128.32));
#2205=VERTEX_POINT('',#2204);
#2206=CARTESIAN_POINT('',(12.918827016,261.127306649,128.32));
#2207=DIRECTION('',(0.,0.,-1.));
#2208=VECTOR('',#2207,18.2);
#2209=LINE('',#2206,#2208);
#2210=EDGE_CURVE('',#2205,#2172,#2209,.T.);
#2211=ORIENTED_EDGE('',*,*,#2210,.F.);
#2212=CARTESIAN_POINT('',(16.126769047,255.427863156,128.32));
#2213=VERTEX_POINT('',#2212);
#2214=CARTESIAN_POINT('',(-0.015089493,250.094908733,128.32));
#2215=DIRECTION('',(0.,0.,-1.));
#2216=DIRECTION('',(-1.,0.,0.));
#2217=AXIS2_PLACEMENT_3D('',#2214,#2215,#2216);
#2218=CIRCLE('',#2217,17.);
#2219=EDGE_CURVE('',#2205,#2213,#2218,.T.);
#2220=ORIENTED_EDGE('',*,*,#2219,.T.);
#2221=CARTESIAN_POINT('',(16.126769047,255.427863156,113.12));
#2222=VERTEX_POINT('',#2221);
#2223=CARTESIAN_POINT('',(16.126769047,255.427863156,128.32));
#2224=DIRECTION('',(0.,0.,-1.));
#2225=VECTOR('',#2224,15.2);
#2226=LINE('',#2223,#2225);
#2227=EDGE_CURVE('',#2213,#2222,#2226,.T.);
#2228=ORIENTED_EDGE('',*,*,#2227,.T.);
#2229=CARTESIAN_POINT('',(16.921244234,251.564806649,109.12));
#2230=VERTEX_POINT('',#2229);
#2231=CARTESIAN_POINT('',(16.126769047,255.427863156,113.12));
#2232=CARTESIAN_POINT('',(16.126769048,255.427863153,112.858186229));
#2233=CARTESIAN_POINT('',(16.135237269,255.402410393,112.600922421));
#2234=CARTESIAN_POINT('',(16.151113991,255.353602955,112.347814648));
#2235=CARTESIAN_POINT('',(16.159052352,255.329199236,112.221260762));
#2236=CARTESIAN_POINT('',(16.16885181,255.298896929,112.095756024));
#2237=CARTESIAN_POINT('',(16.180426983,255.262620615,111.971308151));
#2238=CARTESIAN_POINT('',(16.192002156,255.2263443,111.846860279));
#2239=CARTESIAN_POINT('',(16.20538741,255.183975399,111.723380205));
#2240=CARTESIAN_POINT('',(16.220132737,255.136491735,111.603528533));
#2241=CARTESIAN_POINT('',(16.249623391,255.041524405,111.363825189));
#2242=CARTESIAN_POINT('',(16.284749597,254.925610703,111.135842897));
#2243=CARTESIAN_POINT('',(16.324222411,254.78818973,110.919674616));
#2244=CARTESIAN_POINT('',(16.343958818,254.719479243,110.811590476));
#2245=CARTESIAN_POINT('',(16.364899471,254.644933179,110.705978812));
#2246=CARTESIAN_POINT('',(16.386523498,254.565601221,110.604798215));
#2247=CARTESIAN_POINT('',(16.408147524,254.486269264,110.503617618));
#2248=CARTESIAN_POINT('',(16.430352493,254.402542224,110.407278502));
#2249=CARTESIAN_POINT('',(16.45292759,254.314436358,110.315708522));
#2250=CARTESIAN_POINT('',(16.498077783,254.138224625,110.132568561));
#2251=CARTESIAN_POINT('',(16.544563073,253.945144652,109.967776731));
#2252=CARTESIAN_POINT('',(16.590688293,253.734708747,109.821411185));
#2253=CARTESIAN_POINT('',(16.613750903,253.629490794,109.748228411));
#2254=CARTESIAN_POINT('',(16.636682858,253.520021833,109.679880304));
#2255=CARTESIAN_POINT('',(16.65884082,253.408524269,109.617645686));
#2256=CARTESIAN_POINT('',(16.680998782,253.297026704,109.555411069));
#2257=CARTESIAN_POINT('',(16.702510409,253.182933345,109.498876918));
#2258=CARTESIAN_POINT('',(16.723223526,253.066251409,109.447965116));
#2259=CARTESIAN_POINT('',(16.743936642,252.949569472,109.397053315));
#2260=CARTESIAN_POINT('',(16.763851681,252.830298718,109.351764594));
#2261=CARTESIAN_POINT('',(16.782821331,252.708372329,109.31219284));
#2262=CARTESIAN_POINT('',(16.80179098,252.58644594,109.272621087));
#2263=CARTESIAN_POINT('',(16.819890159,252.461280977,109.238651846));
#2264=CARTESIAN_POINT('',(16.836690637,252.334887855,109.210984525));
#2265=CARTESIAN_POINT('',(16.870291592,252.08210161,109.155649883));
#2266=CARTESIAN_POINT('',(16.898625184,251.825425969,109.125312126));
#2267=CARTESIAN_POINT('',(16.921244234,251.564806649,109.12));
#2268=B_SPLINE_CURVE_WITH_KNOTS('',3,(#2231,#2232,#2233,#2234,#2235,#2236,#2237,#2238,#2239,#2240,#2241,#2242,#2243,#2244,#2245,#2246,#2247,#2248,#2249,#2250,#2251,#2252,#2253,#2254,#2255,#2256,
#2257,#2258,#2259,#2260,#2261,#2262,#2263,#2264,#2265,#2266,#2267),.UNSPECIFIED.,.F.,.F.,(4,3,3,3,3,3,3,3,3,3,3,3,4),(0.,0.00077438,0.00116157,0.001548759,0.002323139,0.002710329,0.003097519,0.003871899,0.004259089,0.004646278,0.005033468,0.005420658,0.006195038),.UNSPECIFIED.);
#2269=EDGE_CURVE('',#2222,#2230,#2268,.T.);
#2270=ORIENTED_EDGE('',*,*,#2269,.T.);
#2271=CARTESIAN_POINT('',(16.922516508,248.639744503,109.12));
#2272=VERTEX_POINT('',#2271);
#2273=CARTESIAN_POINT('',(-0.015089493,250.094908733,109.12));
#2274=DIRECTION('',(0.,0.,-1.));
#2275=DIRECTION('',(-1.,0.,0.));
#2276=AXIS2_PLACEMENT_3D('',#2273,#2274,#2275);
#2277=CIRCLE('',#2276,17.);
#2278=EDGE_CURVE('',#2230,#2272,#2277,.T.);
#2279=ORIENTED_EDGE('',*,*,#2278,.T.);
#2280=CARTESIAN_POINT('',(16.13125686,244.77555732,113.12));
#2281=VERTEX_POINT('',#2280);
#2282=CARTESIAN_POINT('',(16.922516509,248.639744503,109.119999999));
#2283=CARTESIAN_POINT('',(16.900119717,248.379053629,109.125260127));
#2284=CARTESIAN_POINT('',(16.872137381,248.123817407,109.155880086));
#2285=CARTESIAN_POINT('',(16.839178377,247.873725583,109.210610234));
#2286=CARTESIAN_POINT('',(16.822698875,247.748679671,109.237975307));
#2287=CARTESIAN_POINT('',(16.804974223,247.624927465,109.271407805));
#2288=CARTESIAN_POINT('',(16.786080215,247.502478125,109.311006704));
#2289=CARTESIAN_POINT('',(16.767186207,247.380028785,109.350605603));
#2290=CARTESIAN_POINT('',(16.747075154,247.258703065,109.396529944));
#2291=CARTESIAN_POINT('',(16.726352509,247.141246648,109.447654387));
#2292=CARTESIAN_POINT('',(16.684907219,246.906333814,109.549903273));
#2293=CARTESIAN_POINT('',(16.640619205,246.68412358,109.673502088));
#2294=CARTESIAN_POINT('',(16.594899144,246.474373207,109.818515332));
#2295=CARTESIAN_POINT('',(16.572039113,246.369498021,109.891021954));
#2296=CARTESIAN_POINT('',(16.548713916,246.267308554,109.969322609));
#2297=CARTESIAN_POINT('',(16.525501018,246.169495947,110.052371739));
#2298=CARTESIAN_POINT('',(16.502288121,246.071683339,110.135420868));
#2299=CARTESIAN_POINT('',(16.479316128,245.978737126,110.222715071));
#2300=CARTESIAN_POINT('',(16.456811547,245.890568576,110.314228968));
#2301=CARTESIAN_POINT('',(16.411802383,245.714231476,110.497256763));
#2302=CARTESIAN_POINT('',(16.368816391,245.557478068,110.697605298));
#2303=CARTESIAN_POINT('',(16.329295472,245.419325335,110.914752908));
#2304=CARTESIAN_POINT('',(16.309535013,245.350248968,111.023326713));
#2305=CARTESIAN_POINT('',(16.290682923,245.286011701,111.136048512));
#2306=CARTESIAN_POINT('',(16.273262838,245.227714637,111.250553145));
#2307=CARTESIAN_POINT('',(16.255842752,245.169417574,111.365057778));
#2308=CARTESIAN_POINT('',(16.239743747,245.116670444,111.481927842));
#2309=CARTESIAN_POINT('',(16.225095763,245.069335844,111.601124565));
#2310=CARTESIAN_POINT('',(16.210447779,245.022001244,111.720321287));
#2311=CARTESIAN_POINT('',(16.197250616,244.980078243,111.841844274));
#2312=CARTESIAN_POINT('',(16.185667975,244.94365088,111.965746827));
#2313=CARTESIAN_POINT('',(16.174085334,244.907223516,112.08964938));
#2314=CARTESIAN_POINT('',(16.164084332,244.876190378,112.216513233));
#2315=CARTESIAN_POINT('',(16.156001099,244.85126219,112.34427757));
#2316=CARTESIAN_POINT('',(16.139834634,244.801405813,112.599806243));
#2317=CARTESIAN_POINT('',(16.131256861,244.775557322,112.858299666));
#2318=CARTESIAN_POINT('',(16.13125686,244.775557319,113.12));
#2319=B_SPLINE_CURVE_WITH_KNOTS('',3,(#2282,#2283,#2284,#2285,#2286,#2287,#2288,#2289,#2290,#2291,#2292,#2293,#2294,#2295,#2296,#2297,#2298,#2299,#2300,#2301,#2302,#2303,#2304,#2305,#2306,#2307,
#2308,#2309,#2310,#2311,#2312,#2313,#2314,#2315,#2316,#2317,#2318),.UNSPECIFIED.,.F.,.F.,(4,3,3,3,3,3,3,3,3,3,3,3,4),(0.,0.000774013,0.001161019,0.001548026,0.002322039,0.002709045,0.003096052,0.003870065,0.004257071,0.004644078,0.005031084,0.005418091,0.006192104),.UNSPECIFIED.);
#2320=EDGE_CURVE('',#2272,#2281,#2319,.T.);
#2321=ORIENTED_EDGE('',*,*,#2320,.T.);
#2322=CARTESIAN_POINT('',(16.13125686,244.77555732,128.32));
#2323=VERTEX_POINT('',#2322);
#2324=CARTESIAN_POINT('',(16.13125686,244.775557319,113.12));
#2325=DIRECTION('',(-0.,-0.,1.));
#2326=VECTOR('',#2325,15.2);
#2327=LINE('',#2324,#2326);
#2328=EDGE_CURVE('',#2281,#2323,#2327,.T.);
#2329=ORIENTED_EDGE('',*,*,#2328,.T.);
#2330=CARTESIAN_POINT('',(12.9313801,239.077244503,128.32));
#2331=VERTEX_POINT('',#2330);
#2332=CARTESIAN_POINT('',(-0.015089493,250.094908733,128.32));
#2333=DIRECTION('',(0.,0.,-1.));
#2334=DIRECTION('',(-1.,0.,0.));
#2335=AXIS2_PLACEMENT_3D('',#2332,#2333,#2334);
#2336=CIRCLE('',#2335,17.);
#2337=EDGE_CURVE('',#2323,#2331,#2336,.T.);
#2338=ORIENTED_EDGE('',*,*,#2337,.T.);
#2339=CARTESIAN_POINT('',(12.931382151,239.077246914,110.119999763));
#2340=VERTEX_POINT('',#2339);
#2341=CARTESIAN_POINT('',(12.9313801,239.077244503,110.12));
#2342=DIRECTION('',(-0.,-0.,1.));
#2343=VECTOR('',#2342,18.2);
#2344=LINE('',#2341,#2343);
#2345=EDGE_CURVE('',#2340,#2331,#2344,.T.);
#2346=ORIENTED_EDGE('',*,*,#2345,.F.);
#2347=CARTESIAN_POINT('',(10.76778475,236.952244503,108.120000001));
#2348=VERTEX_POINT('',#2347);
#2349=CARTESIAN_POINT('',(10.76778475,236.952244503,108.120000001));
#2350=CARTESIAN_POINT('',(11.03367944,237.170397304,108.119999999));
#2351=CARTESIAN_POINT('',(11.288463722,237.392956853,108.1507169));
#2352=CARTESIAN_POINT('',(11.531766081,237.618125239,108.220642752));
#2353=CARTESIAN_POINT('',(11.775068439,237.843293624,108.290568604));
#2354=CARTESIAN_POINT('',(12.009550728,238.074278747,108.402100304));
#2355=CARTESIAN_POINT('',(12.215030043,238.287107238,108.563813472));
#2356=CARTESIAN_POINT('',(12.3177697,238.393521484,108.644670057));
#2357=CARTESIAN_POINT('',(12.415028738,238.497127026,108.739663996));
#2358=CARTESIAN_POINT('',(12.501632445,238.591358328,108.8471543));
#2359=CARTESIAN_POINT('',(12.588236152,238.685589629,108.954644604));
#2360=CARTESIAN_POINT('',(12.664600713,238.77081901,109.074364144));
#2361=CARTESIAN_POINT('',(12.729281834,238.844086564,109.209167304));
#2362=CARTESIAN_POINT('',(12.793962955,238.917354118,109.343970464));
#2363=CARTESIAN_POINT('',(12.844250304,238.975547014,109.488338515));
#2364=CARTESIAN_POINT('',(12.878889427,239.015860596,109.642748083));
#2365=CARTESIAN_POINT('',(12.896208988,239.036017387,109.719952867));
#2366=CARTESIAN_POINT('',(12.90950193,239.051579607,109.799824481));
#2367=CARTESIAN_POINT('',(12.918248836,239.061833021,109.879490791));
#2368=CARTESIAN_POINT('',(12.926995741,239.072086434,109.959157101));
#2369=CARTESIAN_POINT('',(12.931388272,239.077254106,110.03932435));
#2370=CARTESIAN_POINT('',(12.931382151,239.077246914,110.119999763));
#2371=B_SPLINE_CURVE_WITH_KNOTS('',3,(#2349,#2350,#2351,#2352,#2353,#2354,#2355,#2356,#2357,#2358,#2359,#2360,#2361,#2362,#2363,#2364,#2365,#2366,#2367,#2368,#2369,#2370),.UNSPECIFIED.,.F.,.F.,(4,3,3,3,3,3,3,4),(0.001729867,0.002687301,0.003644734,0.004123451,0.004602168,0.005080885,0.005320244,0.005559602),.UNSPECIFIED.);
#2372=EDGE_CURVE('',#2348,#2340,#2371,.T.);
#2373=ORIENTED_EDGE('',*,*,#2372,.F.);
#2374=CARTESIAN_POINT('',(-4.007230993,233.570294786,108.12));
#2375=VERTEX_POINT('',#2374);
#2376=CARTESIAN_POINT('',(-0.015089493,250.094908733,108.12));
#2377=DIRECTION('',(0.,0.,1.));
#2378=DIRECTION('',(1.,0.,-0.));
#2379=AXIS2_PLACEMENT_3D('',#2376,#2377,#2378);
#2380=CIRCLE('',#2379,17.);
#2381=EDGE_CURVE('',#2375,#2348,#2380,.T.);
#2382=ORIENTED_EDGE('',*,*,#2381,.F.);
#2383=CARTESIAN_POINT('',(-4.007230579,233.570296497,108.12));
#2384=CARTESIAN_POINT('',(-4.012874911,233.571660098,108.126857109));
#2385=CARTESIAN_POINT('',(-4.011704372,233.571377476,108.125464734));
#2386=CARTESIAN_POINT('',(-4.015554243,233.57230961,108.12956665));
#2387=CARTESIAN_POINT('',(-4.019404113,233.573241744,108.133668566));
#2388=CARTESIAN_POINT('',(-4.026342546,233.574924419,108.141006063));
#2389=CARTESIAN_POINT('',(-4.031906394,233.576277374,108.146968128));
#2390=CARTESIAN_POINT('',(-4.043034091,233.578983284,108.158892257));
#2391=CARTESIAN_POINT('',(-4.052143977,233.581209145,108.16891337));
#2392=CARTESIAN_POINT('',(-4.060992643,233.583377378,108.178831786));
#2393=CARTESIAN_POINT('',(-4.078689974,233.587713844,108.198668618));
#2394=CARTESIAN_POINT('',(-4.096048489,233.59199741,108.2188266));
#2395=CARTESIAN_POINT('',(-4.11309409,233.596231261,108.23924926));
#2396=CARTESIAN_POINT('',(-4.130139691,233.600465113,108.259671919));
#2397=CARTESIAN_POINT('',(-4.146880637,233.604651409,108.280348526));
#2398=CARTESIAN_POINT('',(-4.163243573,233.608768563,108.301326362));
#2399=CARTESIAN_POINT('',(-4.171425041,233.61082714,108.311815281));
#2400=CARTESIAN_POINT('',(-4.179252873,233.612802801,108.322026228));
#2401=CARTESIAN_POINT('',(-4.187513669,233.614894277,108.33313973));
#2402=CARTESIAN_POINT('',(-4.191644067,233.615940014,108.338696481));
#2403=CARTESIAN_POINT('',(-4.196043698,233.617055562,108.344720551));
#2404=CARTESIAN_POINT('',(-4.200712398,233.618241567,108.351211939));
#2405=CARTESIAN_POINT('',(-4.205381097,233.619427573,108.357703327));
#2406=CARTESIAN_POINT('',(-4.210981982,233.620853187,108.365627456));
#2407=CARTESIAN_POINT('',(-4.215305383,233.621955553,108.371767582));
#2408=CARTESIAN_POINT('',(-4.217467083,233.622506736,108.374837645));
#2409=CARTESIAN_POINT('',(-4.219031548,233.622906056,108.377057109));
#2410=CARTESIAN_POINT('',(-4.219998906,233.623153004,108.378425972));
#2411=CARTESIAN_POINT('',(-4.220482586,233.623276477,108.379110404));
#2412=CARTESIAN_POINT('',(-4.220816987,233.623361864,108.379582186));
#2413=CARTESIAN_POINT('',(-4.221002117,233.623409136,108.379841318));
#2414=CARTESIAN_POINT('',(-4.221187248,233.623456408,108.38010045));
#2415=CARTESIAN_POINT('',(-4.221316371,233.623489324,108.380251049));
#2416=CARTESIAN_POINT('',(-4.222656677,233.623831707,108.381878558));
#2417=CARTESIAN_POINT('',(-4.223996982,233.624174091,108.383506066));
#2418=CARTESIAN_POINT('',(-4.224983412,233.624426226,108.384703915));
#2419=CARTESIAN_POINT('',(-4.225861191,233.624650639,108.385769839));
#2420=CARTESIAN_POINT('',(-4.22673897,233.624875051,108.386835764));
#2421=CARTESIAN_POINT('',(-4.227990818,233.625195233,108.388355976));
#2422=CARTESIAN_POINT('',(-4.228571283,233.625343736,108.389060889));
#2423=CARTESIAN_POINT('',(-4.229732214,233.625640742,108.390470716));
#2424=CARTESIAN_POINT('',(-4.230130998,233.62574278,108.391032027));
#2425=CARTESIAN_POINT('',(-4.231527169,233.626100236,108.392974338));
#2426=CARTESIAN_POINT('',(-4.234319511,233.626815147,108.396858958));
#2427=CARTESIAN_POINT('',(-4.239583387,233.628164243,108.404493612));
#2428=CARTESIAN_POINT('',(-4.244204424,233.629351139,108.411228765));
#2429=CARTESIAN_POINT('',(-4.24882546,233.630538034,108.417963918));
#2430=CARTESIAN_POINT('',(-4.253128539,233.631645327,108.424284425));
#2431=CARTESIAN_POINT('',(-4.257113852,233.632672271,108.430190285));
#2432=CARTESIAN_POINT('',(-4.273055105,233.636780047,108.453813728));
#2433=CARTESIAN_POINT('',(-4.285230573,233.639932914,108.472548158));
#2434=CARTESIAN_POINT('',(-4.302916991,233.644542921,108.501732197));
#2435=CARTESIAN_POINT('',(-4.3117602,233.646847925,108.516324216));
#2436=CARTESIAN_POINT('',(-4.314663216,233.647607613,108.521115638));
#2437=CARTESIAN_POINT('',(-4.321389452,233.649368892,108.531971103));
#2438=CARTESIAN_POINT('',(-4.32307101,233.649809212,108.534684969));
#2439=CARTESIAN_POINT('',(-4.323009698,233.649793205,108.534586148));
#2440=CARTESIAN_POINT('',(-4.324078414,233.650073238,108.536367624));
#2441=CARTESIAN_POINT('',(-4.32514713,233.65035327,108.5381491));
#2442=CARTESIAN_POINT('',(-4.326626218,233.650740926,108.540635307));
#2443=CARTESIAN_POINT('',(-4.328515589,233.651236537,108.543826246));
#2444=CARTESIAN_POINT('',(-4.332294332,233.652227759,108.550208122));
#2445=CARTESIAN_POINT('',(-4.336989707,233.65346127,108.558194951));
#2446=CARTESIAN_POINT('',(-4.340878432,233.654484467,108.564898484));
#2447=CARTESIAN_POINT('',(-4.356433329,233.658577257,108.591712612));
#2448=CARTESIAN_POINT('',(-4.366652074,233.661280824,108.610311888));
#2449=CARTESIAN_POINT('',(-4.381089426,233.66511736,108.638347402));
#2450=CARTESIAN_POINT('',(-4.384698764,233.666076494,108.645356281));
#2451=CARTESIAN_POINT('',(-4.389037094,233.667231044,108.653932228));
#2452=CARTESIAN_POINT('',(-4.392368836,233.66811886,108.660524969));
#2453=CARTESIAN_POINT('',(-4.394034706,233.668562768,108.663821339));
#2454=CARTESIAN_POINT('',(-4.395270667,233.66889237,108.666257179));
#2455=CARTESIAN_POINT('',(-4.396076796,233.669107375,108.667832487));
#2456=CARTESIAN_POINT('',(-4.396882925,233.669322381,108.669407796));
#2457=CARTESIAN_POINT('',(-4.397109964,233.669382917,108.669824851));
#2458=CARTESIAN_POINT('',(-4.398395356,233.669725943,108.672211016));
#2459=CARTESIAN_POINT('',(-4.399038052,233.669897456,108.673404098));
#2460=CARTESIAN_POINT('',(-4.40022138,233.670213326,108.675600832));
#2461=CARTESIAN_POINT('',(-4.401125343,233.670454723,108.677278998));
#2462=CARTESIAN_POINT('',(-4.402029306,233.67069612,108.678957163));
#2463=CARTESIAN_POINT('',(-4.402705566,233.670876778,108.68021264));
#2464=CARTESIAN_POINT('',(-4.403370279,233.671054382,108.681446695));
#2465=CARTESIAN_POINT('',(-4.404034993,233.671231987,108.682680751));
#2466=CARTESIAN_POINT('',(-4.404929384,233.671471027,108.684341239));
#2467=CARTESIAN_POINT('',(-4.405521679,233.671629365,108.685440886));
#2468=CARTESIAN_POINT('',(-4.406113974,233.671787703,108.686540534));
#2469=CARTESIAN_POINT('',(-4.406265325,233.671828179,108.686813139));
#2470=CARTESIAN_POINT('',(-4.406555025,233.671905644,108.687376105));
#2471=CARTESIAN_POINT('',(-4.407713823,233.672215503,108.689627972));
#2472=CARTESIAN_POINT('',(-4.409933867,233.672809158,108.694302891));
#2473=CARTESIAN_POINT('',(-4.413214811,233.673687899,108.701400861));
#2474=CARTESIAN_POINT('',(-4.416495756,233.674566641,108.708498831));
#2475=CARTESIAN_POINT('',(-4.420265786,233.675577646,108.716746636));
#2476=CARTESIAN_POINT('',(-4.423544017,233.676457871,108.723959727));
#2477=CARTESIAN_POINT('',(-4.426822249,233.677338097,108.731172818));
#2478=CARTESIAN_POINT('',(-4.429905933,233.678167134,108.738013143));
#2479=CARTESIAN_POINT('',(-4.432795158,233.678944654,108.744480701));
#2480=CARTESIAN_POINT('',(-4.438573609,233.680499695,108.757415818));
#2481=CARTESIAN_POINT('',(-4.443718025,233.681887116,108.769200095));
#2482=CARTESIAN_POINT('',(-4.448941528,233.683298327,108.781521182));
#2483=CARTESIAN_POINT('',(-4.454165031,233.684709538,108.793842269));
#2484=CARTESIAN_POINT('',(-4.459185422,233.68606824,108.806003521));
#2485=CARTESIAN_POINT('',(-4.464892324,233.687616002,108.820422392));
#2486=CARTESIAN_POINT('',(-4.467745775,233.688389883,108.827631828));
#2487=CARTESIAN_POINT('',(-4.470722264,233.689197931,108.835273697));
#2488=CARTESIAN_POINT('',(-4.473821735,233.690040346,108.843347999));
#2489=CARTESIAN_POINT('',(-4.476921207,233.690882762,108.851422302));
#2490=CARTESIAN_POINT('',(-4.479702261,233.691639704,108.858734935));
#2491=CARTESIAN_POINT('',(-4.481078231,233.692014337,108.862344938));
#2492=CARTESIAN_POINT('',(-4.483830169,233.692763602,108.869564946));
#2493=CARTESIAN_POINT('',(-4.487031295,233.69363575,108.877943063));
#2494=CARTESIAN_POINT('',(-4.49123071,233.694781911,108.889845808));
#2495=CARTESIAN_POINT('',(-4.493330418,233.695354991,108.895797181));
#2496=CARTESIAN_POINT('',(-4.49565824,233.695990759,108.902529092));
#2497=CARTESIAN_POINT('',(-4.498214096,233.696689507,108.91004154));
#2498=CARTESIAN_POINT('',(-4.500769952,233.697388255,108.917553988));
#2499=CARTESIAN_POINT('',(-4.503683193,233.698185476,108.926241721));
#2500=CARTESIAN_POINT('',(-4.506231979,233.698883631,108.933902282));
#2501=CARTESIAN_POINT('',(-4.511329549,233.700279939,108.949223402));
#2502=CARTESIAN_POINT('',(-4.515411413,233.701400484,108.961784431));
#2503=CARTESIAN_POINT('',(-4.518478193,233.702242989,108.971585369));
#2504=CARTESIAN_POINT('',(-4.518861541,233.702348302,108.972810486));
#2505=CARTESIAN_POINT('',(-4.519229027,233.702449272,108.973992477));
#2506=CARTESIAN_POINT('',(-4.519580653,233.702545896,108.975131342));
#2507=CARTESIAN_POINT('',(-4.519932279,233.70264252,108.976270206));
#2508=CARTESIAN_POINT('',(-4.520820682,233.702886688,108.979147819));
#2509=CARTESIAN_POINT('',(-4.521326541,233.703025752,108.980786339));
#2510=CARTESIAN_POINT('',(-4.522338259,233.70330388,108.98406338));
#2511=CARTESIAN_POINT('',(-4.522931398,233.703467013,108.985968198));
#2512=CARTESIAN_POINT('',(-4.523472663,233.703615887,108.98774321));
#2513=CARTESIAN_POINT('',(-4.524555193,233.703913634,108.991293235));
#2514=CARTESIAN_POINT('',(-4.526209473,233.704368722,108.996964449));
#2515=CARTESIAN_POINT('',(-4.52843536,233.704981672,109.004756852));
#2516=CARTESIAN_POINT('',(-4.532887134,233.706207571,109.020341659));
#2517=CARTESIAN_POINT('',(-4.537615811,233.707512015,109.037862672));
#2518=CARTESIAN_POINT('',(-4.54140942,233.708559905,109.052291667));
#2519=CARTESIAN_POINT('',(-4.543306225,233.70908385,109.059506165));
#2520=CARTESIAN_POINT('',(-4.544492456,233.709411795,109.063967694));
#2521=CARTESIAN_POINT('',(-4.545512007,233.709693695,109.067720201));
#2522=CARTESIAN_POINT('',(-4.546021783,233.709834646,109.069596455));
#2523=CARTESIAN_POINT('',(-4.546795486,233.710048589,109.072444123));
#2524=CARTESIAN_POINT('',(-4.547833085,233.710335638,109.076263205));
#2525=CARTESIAN_POINT('',(-4.548870684,233.710622686,109.080082288));
#2526=CARTESIAN_POINT('',(-4.549091418,233.710683798,109.080913257));
#2527=CARTESIAN_POINT('',(-4.549520228,233.710802474,109.082651863));
#2528=CARTESIAN_POINT('',(-4.552950706,233.711751886,109.096560715));
#2529=CARTESIAN_POINT('',(-4.563040924,233.714549613,109.144134241));
#2530=CARTESIAN_POINT('',(-4.568059777,233.715944737,109.169232532));
#2531=CARTESIAN_POINT('',(-4.570569203,233.716642299,109.181781677));
#2532=CARTESIAN_POINT('',(-4.571970861,233.717032296,109.189248102));
#2533=CARTESIAN_POINT('',(-4.573991027,233.717594643,109.201174535));
#2534=CARTESIAN_POINT('',(-4.57500111,233.717875817,109.207137751));
#2535=CARTESIAN_POINT('',(-4.576099216,233.718181593,109.213847942));
#2536=CARTESIAN_POINT('',(-4.577285332,233.718512026,109.221305107));
#2537=CARTESIAN_POINT('',(-4.578471447,233.718842458,109.228762272));
#2538=CARTESIAN_POINT('',(-4.579623415,233.719163471,109.237441679));
#2539=CARTESIAN_POINT('',(-4.581238605,233.719613857,109.245408176));
#2540=B_SPLINE_CURVE_WITH_KNOTS('',3,(#2383,#2384,#2385,#2386,#2387,#2388,#2389,#2390,#2391,#2392,#2393,#2394,#2395,#2396,#2397,#2398,#2399,#2400,#2401,#2402,#2403,#2404,#2405,#2406,#2407,#2408,
#2409,#2410,#2411,#2412,#2413,#2414,#2415,#2416,#2417,#2418,#2419,#2420,#2421,#2422,#2423,#2424,#2425,#2426,#2427,#2428,#2429,#2430,#2431,#2432,#2433,
#2434,#2435,#2436,#2437,#2438,#2439,#2440,#2441,#2442,#2443,#2444,#2445,#2446,#2447,#2448,#2449,#2450,#2451,#2452,#2453,#2454,#2455,#2456,#2457,#2458,
#2459,#2460,#2461,#2462,#2463,#2464,#2465,#2466,#2467,#2468,#2469,#2470,#2471,#2472,#2473,#2474,#2475,#2476,#2477,#2478,#2479,#2480,#2481,#2482,#2483,
#2484,#2485,#2486,#2487,#2488,#2489,#2490,#2491,#2492,#2493,#2494,#2495,#2496,#2497,#2498,#2499,#2500,#2501,#2502,#2503,#2504,#2505,#2506,#2507,#2508,
#2509,#2510,#2511,#2512,#2513,#2514,#2515,#2516,#2517,#2518,#2519,#2520,#2521,#2522,#2523,#2524,#2525,#2526,#2527,#2528,#2529,#2530,#2531,#2532,#2533,
#2534,#2535,#2536,#2537,#2538,#2539),.UNSPECIFIED.,.F.,.F.,(4,3,3,3,3,3,3,3,3,3,3,3,3,3,3,3,3,3,3,3,3,3,3,3,3,3,
3,3,3,3,3,3,3,3,3,3,3,3,3,3,3,3,3,3,3,3,3,3,3,3,3,
3,4),(0.,0.012938786,0.025877573,0.051755146,0.103510292,0.155265437,0.18114301,0.194081797,0.207020583,0.213489976,0.216724673,0.219959369,0.223194066,0.226428763,0.232898156,0.245836942,0.258775729,0.310530875,0.336408447,0.342877841,0.349347234,0.36228602,0.414041166,0.426979953,0.433449346,0.439918739,
0.443153436,0.446388132,0.449622829,0.452857525,0.465796312,0.478735098,0.491673885,0.517551458,0.54342903,0.556367817,0.569306603,0.595184176,0.608122963,0.621061749,0.646939322,0.650174019,0.653408715,0.659878108,0.672816895,0.698694468,0.711633254,0.718102647,0.724572041,0.776327186,0.802204759,
0.815143546,0.828082332),.UNSPECIFIED.);
#2541=EDGE_CURVE('',#2375,#689,#2540,.T.);
#2542=ORIENTED_EDGE('',*,*,#2541,.T.);
#2543=ORIENTED_EDGE('',*,*,#695,.T.);
#2544=ORIENTED_EDGE('',*,*,#964,.T.);
#2545=CARTESIAN_POINT('',(-4.578276132,233.718788079,99.42));
#2546=VERTEX_POINT('',#2545);
#2547=CARTESIAN_POINT('',(-0.015089493,250.094908733,73.99900258));
#2548=DIRECTION('',(-0.220281415,0.837541699,0.5));
#2549=DIRECTION('',(-0.127179534,0.483554926,-0.866025404));
#2550=AXIS2_PLACEMENT_3D('',#2547,#2548,#2549);
#2551=ELLIPSE('',#2550,34.,17.);
#2552=EDGE_CURVE('',#959,#2546,#2551,.T.);
#2553=ORIENTED_EDGE('',*,*,#2552,.T.);
#2554=CARTESIAN_POINT('',(16.984910507,250.094908733,99.42));
#2555=VERTEX_POINT('',#2554);
#2556=CARTESIAN_POINT('',(-0.015089493,250.094908733,99.42));
#2557=DIRECTION('',(-0.,-0.,-1.));
#2558=DIRECTION('',(1.,0.,-0.));
#2559=AXIS2_PLACEMENT_3D('',#2556,#2557,#2558);
#2560=CIRCLE('',#2559,17.);
#2561=EDGE_CURVE('',#2555,#2546,#2560,.T.);
#2562=ORIENTED_EDGE('',*,*,#2561,.F.);
#2563=CARTESIAN_POINT('',(-0.015089493,250.094908733,99.42));
#2564=DIRECTION('',(-0.,-0.,-1.));
#2565=DIRECTION('',(1.,0.,-0.));
#2566=AXIS2_PLACEMENT_3D('',#2563,#2564,#2565);
#2567=CIRCLE('',#2566,17.);
#2568=EDGE_CURVE('',#2097,#2555,#2567,.T.);
#2569=ORIENTED_EDGE('',*,*,#2568,.F.);
#2570=EDGE_LOOP('',(#2105,#2114,#2122,#2152,#2161,#2170,#2203,#2211,#2220,#2228,#2270,#2279,#2321,#2329,#2338,#2346,#2373,#2382,#2542,#2543,#2544,#2553,#2562,#2569));
#2571=FACE_BOUND('',#2570,.T.);
#2572=CARTESIAN_POINT('',(16.949529751,251.191126733,102.84586548));
#2573=VERTEX_POINT('',#2572);
#2574=CARTESIAN_POINT('',(16.747604398,252.925472902,105.858740102));
#2575=VERTEX_POINT('',#2574);
#2576=CARTESIAN_POINT('',(16.949529751,251.191126732,102.84586548));
#2577=CARTESIAN_POINT('',(16.912102299,251.770338609,103.851269397));
#2578=CARTESIAN_POINT('',(16.845000785,252.348688307,104.855964164));
#2579=CARTESIAN_POINT('',(16.747604398,252.925472902,105.858740102));
#2580=B_SPLINE_CURVE_WITH_KNOTS('',3,(#2576,#2577,#2578,#2579),.UNSPECIFIED.,.F.,.F.,(4,4),(0.,0.003482682),.UNSPECIFIED.);
#2581=EDGE_CURVE('',#2573,#2575,#2580,.T.);
#2582=ORIENTED_EDGE('',*,*,#2581,.F.);
#2583=CARTESIAN_POINT('',(16.945013926,248.930910432,102.845212708));
#2584=VERTEX_POINT('',#2583);
#2585=CARTESIAN_POINT('',(16.945013926,248.930910432,102.845212708));
#2586=CARTESIAN_POINT('',(16.948914459,248.987743378,102.744946289));
#2587=CARTESIAN_POINT('',(16.953358071,249.056527164,102.654452422));
#2588=CARTESIAN_POINT('',(16.957884615,249.136707322,102.573256241));
#2589=CARTESIAN_POINT('',(16.962411159,249.216887479,102.49206006));
#2590=CARTESIAN_POINT('',(16.966991577,249.308414792,102.420977223));
#2591=CARTESIAN_POINT('',(16.970969233,249.406570908,102.363781052));
#2592=CARTESIAN_POINT('',(16.974946889,249.504727024,102.306584882));
#2593=CARTESIAN_POINT('',(16.978413551,249.612273664,102.261876042));
#2594=CARTESIAN_POINT('',(16.980823648,249.722166865,102.232221781));
#2595=CARTESIAN_POINT('',(16.983233746,249.832060066,102.202567521));
#2596=CARTESIAN_POINT('',(16.984647619,249.946389249,102.187126234));
#2597=CARTESIAN_POINT('',(16.984876552,250.060931148,102.187138164));
#2598=CARTESIAN_POINT('',(16.985105485,250.175473047,102.187150093));
#2599=CARTESIAN_POINT('',(16.984173653,250.288120967,102.20222215));
#2600=CARTESIAN_POINT('',(16.982192125,250.398911395,102.23206939));
#2601=CARTESIAN_POINT('',(16.980210597,250.509701822,102.261916631));
#2602=CARTESIAN_POINT('',(16.977215951,250.615729594,102.306025573));
#2603=CARTESIAN_POINT('',(16.973628707,250.714145293,102.363260561));
#2604=CARTESIAN_POINT('',(16.970041464,250.812560991,102.42049555));
#2605=CARTESIAN_POINT('',(16.965817765,250.904348468,102.49203188));
#2606=CARTESIAN_POINT('',(16.96163144,250.984260386,102.572858255));
#2607=CARTESIAN_POINT('',(16.957445116,251.064172304,102.65368463));
#2608=CARTESIAN_POINT('',(16.953199258,251.134338959,102.745559125));
#2609=CARTESIAN_POINT('',(16.949529751,251.191126732,102.84586548));
#2610=B_SPLINE_CURVE_WITH_KNOTS('',3,(#2585,#2586,#2587,#2588,#2589,#2590,#2591,#2592,#2593,#2594,#2595,#2596,#2597,#2598,#2599,#2600,#2601,#2602,#2603,#2604,#2605,#2606,#2607,#2608,#2609),.UNSPECIFIED.,.F.,.F.,(4,3,3,3,3,3,3,3,4),(0.,0.000341064,0.000682129,0.001023193,0.001364258,0.001705322,0.002046387,0.002387451,0.002728515),.UNSPECIFIED.);
#2611=EDGE_CURVE('',#2584,#2573,#2610,.T.);
#2612=ORIENTED_EDGE('',*,*,#2611,.F.);
#2613=CARTESIAN_POINT('',(16.735490177,247.193515839,105.856437793));
#2614=VERTEX_POINT('',#2613);
#2615=CARTESIAN_POINT('',(16.735490177,247.193515839,105.856437793));
#2616=CARTESIAN_POINT('',(16.835564763,247.771275346,104.854276497));
#2617=CARTESIAN_POINT('',(16.90518938,248.350644621,103.850126687));
#2618=CARTESIAN_POINT('',(16.945013926,248.930910432,102.845212708));
#2619=B_SPLINE_CURVE_WITH_KNOTS('',3,(#2615,#2616,#2617,#2618),.UNSPECIFIED.,.F.,.F.,(4,4),(0.,0.003483226),.UNSPECIFIED.);
#2620=EDGE_CURVE('',#2614,#2584,#2619,.T.);
#2621=ORIENTED_EDGE('',*,*,#2620,.F.);
#2622=CARTESIAN_POINT('',(16.889334422,248.294783153,107.786234231));
#2623=VERTEX_POINT('',#2622);
#2624=CARTESIAN_POINT('',(16.889334422,248.294783153,107.786234231));
#2625=CARTESIAN_POINT('',(16.877422733,248.182924151,107.783484726));
#2626=CARTESIAN_POINT('',(16.864695229,248.073934737,107.766489307));
#2627=CARTESIAN_POINT('',(16.851295059,247.967687034,107.735817415));
#2628=CARTESIAN_POINT('',(16.837894889,247.86143933,107.705145522));
#2629=CARTESIAN_POINT('',(16.823839279,247.758331253,107.66038625));
#2630=CARTESIAN_POINT('',(16.810185334,247.663833457,107.603950489));
#2631=CARTESIAN_POINT('',(16.79653139,247.569335662,107.547514729));
#2632=CARTESIAN_POINT('',(16.782918759,247.48089748,107.477647206));
#2633=CARTESIAN_POINT('',(16.770517901,247.40355509,107.398664182));
#2634=CARTESIAN_POINT('',(16.758117043,247.3262127,107.319681157));
#2635=CARTESIAN_POINT('',(16.746801872,247.259038254,107.231270564));
#2636=CARTESIAN_POINT('',(16.737235989,247.203613008,107.134097612));
#2637=CARTESIAN_POINT('',(16.727670105,247.148187762,107.03692466));
#2638=CARTESIAN_POINT('',(16.72017487,247.106298267,106.934464445));
#2639=CARTESIAN_POINT('',(16.71495237,247.077343608,106.826931921));
#2640=CARTESIAN_POINT('',(16.709729869,247.048388949,106.719399398));
#2641=CARTESIAN_POINT('',(16.70689762,247.033022425,106.607352088));
#2642=CARTESIAN_POINT('',(16.706740151,247.032162685,106.496418828));
#2643=CARTESIAN_POINT('',(16.706582682,247.031302945,106.385485568));
#2644=CARTESIAN_POINT('',(16.709103126,247.044967387,106.2725951));
#2645=CARTESIAN_POINT('',(16.714009409,247.072120296,106.165147068));
#2646=CARTESIAN_POINT('',(16.718915692,247.099273204,106.057699036));
#2647=CARTESIAN_POINT('',(16.726135368,247.139507822,105.95472303));
#2648=CARTESIAN_POINT('',(16.735490177,247.193515839,105.856437793));
#2649=B_SPLINE_CURVE_WITH_KNOTS('',3,(#2624,#2625,#2626,#2627,#2628,#2629,#2630,#2631,#2632,#2633,#2634,#2635,#2636,#2637,#2638,#2639,#2640,#2641,#2642,#2643,#2644,#2645,#2646,#2647,#2648),.UNSPECIFIED.,.F.,.F.,(4,3,3,3,3,3,3,3,4),(0.,0.000332884,0.000665767,0.000998651,0.001331534,0.001664418,0.001997301,0.002330185,0.002663068),.UNSPECIFIED.);
#2650=EDGE_CURVE('',#2623,#2614,#2649,.T.);
#2651=ORIENTED_EDGE('',*,*,#2650,.F.);
#2652=CARTESIAN_POINT('',(16.897042751,251.821113518,107.788040564));
#2653=VERTEX_POINT('',#2652);
#2654=CARTESIAN_POINT('',(16.897042751,251.821113518,107.788040564));
#2655=CARTESIAN_POINT('',(17.016667445,250.649115475,107.787440218));
#2656=CARTESIAN_POINT('',(17.014081771,249.466247018,107.786834304));
#2657=CARTESIAN_POINT('',(16.889334422,248.294783153,107.786234231));
#2658=B_SPLINE_CURVE_WITH_KNOTS('',3,(#2654,#2655,#2656,#2657),.UNSPECIFIED.,.F.,.F.,(4,4),(0.,0.003533158),.UNSPECIFIED.);
#2659=EDGE_CURVE('',#2653,#2623,#2658,.T.);
#2660=ORIENTED_EDGE('',*,*,#2659,.F.);
#2661=CARTESIAN_POINT('',(16.74760398,252.92547538,105.858738703));
#2662=CARTESIAN_POINT('',(16.738486821,252.979467445,105.957095518));
#2663=CARTESIAN_POINT('',(16.731432423,253.019761697,106.060342479));
#2664=CARTESIAN_POINT('',(16.726642332,253.04692762,106.168293595));
#2665=CARTESIAN_POINT('',(16.721852241,253.074093544,106.276244712));
#2666=CARTESIAN_POINT('',(16.719425031,253.087570533,106.388764572));
#2667=CARTESIAN_POINT('',(16.719601877,253.0865813,106.499706883));
#2668=CARTESIAN_POINT('',(16.719778724,253.085592067,106.610649195));
#2669=CARTESIAN_POINT('',(16.722600533,253.069904981,106.723146389));
#2670=CARTESIAN_POINT('',(16.727712928,253.04084952,106.830430614));
#2671=CARTESIAN_POINT('',(16.732825322,253.011794059,106.937714838));
#2672=CARTESIAN_POINT('',(16.740222553,252.969399023,107.041122662));
#2673=CARTESIAN_POINT('',(16.749567727,252.913821345,107.138082971));
#2674=CARTESIAN_POINT('',(16.758912901,252.858243667,107.23504328));
#2675=CARTESIAN_POINT('',(16.769947909,252.790976084,107.322544552));
#2676=CARTESIAN_POINT('',(16.782131889,252.712799843,107.401273359));
#2677=CARTESIAN_POINT('',(16.794315868,252.634623603,107.480002166));
#2678=CARTESIAN_POINT('',(16.807538254,252.546104747,107.548825173));
#2679=CARTESIAN_POINT('',(16.820809033,252.451287486,107.605212555));
#2680=CARTESIAN_POINT('',(16.834079812,252.356470225,107.661599936));
#2681=CARTESIAN_POINT('',(16.847712424,252.252970382,107.706713925));
#2682=CARTESIAN_POINT('',(16.860557018,252.147359666,107.737468942));
#2683=CARTESIAN_POINT('',(16.866979316,252.094554308,107.75284645));
#2684=CARTESIAN_POINT('',(16.873243759,252.040979702,107.764812031));
#2685=CARTESIAN_POINT('',(16.879330784,251.986617887,107.773294419));
#2686=CARTESIAN_POINT('',(16.885417808,251.932256072,107.781776807));
#2687=CARTESIAN_POINT('',(16.891406399,251.876334507,107.78679471));
#2688=CARTESIAN_POINT('',(16.897042751,251.821113518,107.788040564));
#2689=B_SPLINE_CURVE_WITH_KNOTS('',3,(#2661,#2662,#2663,#2664,#2665,#2666,#2667,#2668,#2669,#2670,#2671,#2672,#2673,#2674,#2675,#2676,#2677,#2678,#2679,#2680,#2681,#2682,#2683,#2684,#2685,#2686,
#2687,#2688),.UNSPECIFIED.,.F.,.F.,(4,3,3,3,3,3,3,3,3,4),(0.,0.000332929,0.000665857,0.000998786,0.001331714,0.001664643,0.001997571,0.0023305,0.002496964,0.002663429),.UNSPECIFIED.);
#2690=EDGE_CURVE('',#2575,#2653,#2689,.T.);
#2691=ORIENTED_EDGE('',*,*,#2690,.F.);
#2692=EDGE_LOOP('',(#2582,#2612,#2621,#2651,#2660,#2691));
#2693=FACE_BOUND('',#2692,.T.);
#2694=ADVANCED_FACE('',(#2571,#2693),#2095,.T.);
#2695=CARTESIAN_POINT('',(-5.831044087,241.594649373,94.12));
#2696=DIRECTION('',(0.766044443,-0.64278761,0.));
#2697=DIRECTION('',(0.,0.,-1.));
#2698=AXIS2_PLACEMENT_3D('',#2695,#2696,#2697);
#2699=PLANE('',#2698);
#2700=CARTESIAN_POINT('',(-7.013210922,240.185797802,99.52));
#2701=VERTEX_POINT('',#2700);
#2702=CARTESIAN_POINT('',(-7.013210922,240.185797802,124.12));
#2703=VERTEX_POINT('',#2702);
#2704=CARTESIAN_POINT('',(-7.013210922,240.185797802,99.52));
#2705=DIRECTION('',(0.,0.,1.));
#2706=VECTOR('',#2705,24.6);
#2707=LINE('',#2704,#2706);
#2708=EDGE_CURVE('',#2701,#2703,#2707,.T.);
#2709=ORIENTED_EDGE('',*,*,#2708,.F.);
#2710=CARTESIAN_POINT('',(-9.275978229,237.489136735,99.52));
#2711=VERTEX_POINT('',#2710);
#2712=CARTESIAN_POINT('',(-7.013210922,240.185797802,99.52));
#2713=DIRECTION('',(-0.64278761,-0.766044443,0.));
#2714=VECTOR('',#2713,3.520241014);
#2715=LINE('',#2712,#2714);
#2716=EDGE_CURVE('',#2701,#2711,#2715,.T.);
#2717=ORIENTED_EDGE('',*,*,#2716,.T.);
#2718=CARTESIAN_POINT('',(-16.653222871,228.697278935,110.996955262));
#2719=VERTEX_POINT('',#2718);
#2720=CARTESIAN_POINT('',(-9.275978229,237.489136735,99.52));
#2721=DIRECTION('',(-0.454519478,-0.54167522,0.707106781));
#2722=VECTOR('',#2721,16.230865787);
#2723=LINE('',#2720,#2722);
#2724=EDGE_CURVE('',#2711,#2719,#2723,.T.);
#2725=ORIENTED_EDGE('',*,*,#2724,.T.);
#2726=CARTESIAN_POINT('',(-17.503659636,227.683767866,114.191067812));
#2727=VERTEX_POINT('',#2726);
#2728=CARTESIAN_POINT('',(-14.6000869,231.144111104,114.191067812));
#2729=DIRECTION('',(-0.766044443,0.64278761,-0.));
#2730=DIRECTION('',(0.64278761,0.766044443,0.));
#2731=AXIS2_PLACEMENT_3D('',#2728,#2729,#2730);
#2732=CIRCLE('',#2731,4.517157288);
#2733=EDGE_CURVE('',#2719,#2727,#2732,.T.);
#2734=ORIENTED_EDGE('',*,*,#2733,.T.);
#2735=CARTESIAN_POINT('',(-17.503659636,227.683767866,124.12));
#2736=VERTEX_POINT('',#2735);
#2737=CARTESIAN_POINT('',(-17.503659636,227.683767866,114.191067812));
#2738=DIRECTION('',(-0.,-0.,1.));
#2739=VECTOR('',#2738,9.928932188);
#2740=LINE('',#2737,#2739);
#2741=EDGE_CURVE('',#2727,#2736,#2740,.T.);
#2742=ORIENTED_EDGE('',*,*,#2741,.T.);
#2743=CARTESIAN_POINT('',(-14.753260981,230.961565343,124.120000002));
#2744=VERTEX_POINT('',#2743);
#2745=CARTESIAN_POINT('',(-17.503659636,227.683767866,124.12));
#2746=DIRECTION('',(0.64278761,0.766044443,-0.));
#2747=VECTOR('',#2746,4.27886072);
#2748=LINE('',#2745,#2747);
#2749=EDGE_CURVE('',#2736,#2744,#2748,.T.);
#2750=ORIENTED_EDGE('',*,*,#2749,.T.);
#2751=CARTESIAN_POINT('',(-15.091191449,230.558835494,122.711371046));
#2752=VERTEX_POINT('',#2751);
#2753=CARTESIAN_POINT('',(-13.709198088,232.205831046,122.711371046));
#2754=DIRECTION('',(0.766044443,-0.64278761,0.));
#2755=DIRECTION('',(0.64278761,0.766044443,0.));
#2756=AXIS2_PLACEMENT_3D('',#2753,#2754,#2755);
#2757=CIRCLE('',#2756,2.15);
#2758=EDGE_CURVE('',#2744,#2752,#2757,.T.);
#2759=ORIENTED_EDGE('',*,*,#2758,.T.);
#2760=CARTESIAN_POINT('',(-12.665135193,233.45009675,124.12));
#2761=VERTEX_POINT('',#2760);
#2762=CARTESIAN_POINT('',(-13.709198088,232.205831046,122.711371046));
#2763=DIRECTION('',(0.766044443,-0.64278761,0.));
#2764=DIRECTION('',(0.64278761,0.766044443,0.));
#2765=AXIS2_PLACEMENT_3D('',#2762,#2763,#2764);
#2766=CIRCLE('',#2765,2.15);
#2767=EDGE_CURVE('',#2752,#2761,#2766,.T.);
#2768=ORIENTED_EDGE('',*,*,#2767,.T.);
#2769=CARTESIAN_POINT('',(-12.665135193,233.45009675,124.12));
#2770=DIRECTION('',(0.64278761,0.766044443,-0.));
#2771=VECTOR('',#2770,8.792833254);
#2772=LINE('',#2769,#2771);
#2773=EDGE_CURVE('',#2761,#2703,#2772,.T.);
#2774=ORIENTED_EDGE('',*,*,#2773,.T.);
#2775=EDGE_LOOP('',(#2709,#2717,#2725,#2734,#2742,#2750,#2759,#2768,#2774));
#2776=FACE_BOUND('',#2775,.T.);
#2777=ADVANCED_FACE('',(#2776),#2699,.F.);
#2778=CARTESIAN_POINT('',(-108.175645468,352.650337993,109.12));
#2779=DIRECTION('',(0.,0.,1.));
#2780=DIRECTION('',(1.,0.,0.));
#2781=AXIS2_PLACEMENT_3D('',#2778,#2779,#2780);
#2782=PLANE('',#2781);
#2783=CARTESIAN_POINT('',(-3.528838342,234.485502306,109.12));
#2784=VERTEX_POINT('',#2783);
#2785=CARTESIAN_POINT('',(0.39826707,237.725342399,109.12));
#2786=VERTEX_POINT('',#2785);
#2787=CARTESIAN_POINT('',(0.39826707,233.725342399,109.12));
#2788=DIRECTION('',(-0.,-0.,-1.));
#2789=DIRECTION('',(1.,0.,-0.));
#2790=AXIS2_PLACEMENT_3D('',#2787,#2788,#2789);
#2791=CIRCLE('',#2790,4.);
#2792=EDGE_CURVE('',#2784,#2786,#2791,.T.);
#2793=ORIENTED_EDGE('',*,*,#2792,.F.);
#2794=CARTESIAN_POINT('',(10.133498029,237.725342399,109.12));
#2795=VERTEX_POINT('',#2794);
#2796=CARTESIAN_POINT('',(-0.015089493,250.094908733,109.12));
#2797=DIRECTION('',(-0.,-0.,-1.));
#2798=DIRECTION('',(1.,0.,-0.));
#2799=AXIS2_PLACEMENT_3D('',#2796,#2797,#2798);
#2800=CIRCLE('',#2799,16.);
#2801=EDGE_CURVE('',#2795,#2784,#2800,.T.);
#2802=ORIENTED_EDGE('',*,*,#2801,.F.);
#2803=CARTESIAN_POINT('',(0.39826707,237.725342399,109.12));
#2804=DIRECTION('',(1.,0.,-0.));
#2805=VECTOR('',#2804,9.735230959);
#2806=LINE('',#2803,#2805);
#2807=EDGE_CURVE('',#2786,#2795,#2806,.T.);
#2808=ORIENTED_EDGE('',*,*,#2807,.F.);
#2809=EDGE_LOOP('',(#2793,#2802,#2808));
#2810=FACE_BOUND('',#2809,.T.);
#2811=ADVANCED_FACE('',(#2810),#2782,.T.);
#2812=CARTESIAN_POINT('',(6.111310801,238.725342399,109.12));
#2813=DIRECTION('',(0.,-1.,0.));
#2814=DIRECTION('',(0.,0.,1.));
#2815=AXIS2_PLACEMENT_3D('',#2812,#2813,#2814);
#2816=PLANE('',#2815);
#2817=CARTESIAN_POINT('',(12.169823065,238.725342399,128.32));
#2818=VERTEX_POINT('',#2817);
#2819=CARTESIAN_POINT('',(12.169827581,238.725342399,110.119999633));
#2820=VERTEX_POINT('',#2819);
#2821=CARTESIAN_POINT('',(12.169823065,238.725342399,128.32));
#2822=DIRECTION('',(0.,0.,-1.));
#2823=VECTOR('',#2822,18.2);
#2824=LINE('',#2821,#2823);
#2825=EDGE_CURVE('',#2818,#2820,#2824,.T.);
#2826=ORIENTED_EDGE('',*,*,#2825,.F.);
#2827=CARTESIAN_POINT('',(0.39826707,238.725342399,128.32));
#2828=VERTEX_POINT('',#2827);
#2829=CARTESIAN_POINT('',(12.169823065,238.725342399,128.32));
#2830=DIRECTION('',(-1.,0.,0.));
#2831=VECTOR('',#2830,11.771555995);
#2832=LINE('',#2829,#2831);
#2833=EDGE_CURVE('',#2818,#2828,#2832,.T.);
#2834=ORIENTED_EDGE('',*,*,#2833,.T.);
#2835=CARTESIAN_POINT('',(0.39826707,238.725342399,110.119999633));
#2836=VERTEX_POINT('',#2835);
#2837=CARTESIAN_POINT('',(0.39826707,238.725342399,110.119999633));
#2838=DIRECTION('',(0.,0.,1.));
#2839=VECTOR('',#2838,18.200000367);
#2840=LINE('',#2837,#2839);
#2841=EDGE_CURVE('',#2836,#2828,#2840,.T.);
#2842=ORIENTED_EDGE('',*,*,#2841,.F.);
#2843=CARTESIAN_POINT('',(12.169832097,238.725342399,110.119999266));
#2844=DIRECTION('',(-1.,-0.,0.));
#2845=VECTOR('',#2844,11.771565027);
#2846=LINE('',#2843,#2845);
#2847=EDGE_CURVE('',#2820,#2836,#2846,.T.);
#2848=ORIENTED_EDGE('',*,*,#2847,.F.);
#2849=EDGE_LOOP('',(#2826,#2834,#2842,#2848));
#2850=FACE_BOUND('',#2849,.T.);
#2851=ADVANCED_FACE('',(#2850),#2816,.T.);
#2852=CARTESIAN_POINT('',(-108.175645468,352.650337993,109.12));
#2853=DIRECTION('',(0.,0.,1.));
#2854=DIRECTION('',(1.,0.,0.));
#2855=AXIS2_PLACEMENT_3D('',#2852,#2853,#2854);
#2856=PLANE('',#2855);
#2857=CARTESIAN_POINT('',(0.44804901,262.478342066,109.12));
#2858=VERTEX_POINT('',#2857);
#2859=CARTESIAN_POINT('',(-3.478546198,265.715551091,109.12));
#2860=VERTEX_POINT('',#2859);
#2861=CARTESIAN_POINT('',(0.44804901,266.478342066,109.12));
#2862=DIRECTION('',(-0.,-0.,-1.));
#2863=DIRECTION('',(1.,0.,-0.));
#2864=AXIS2_PLACEMENT_3D('',#2861,#2862,#2863);
#2865=CIRCLE('',#2864,4.);
#2866=EDGE_CURVE('',#2858,#2860,#2865,.T.);
#2867=ORIENTED_EDGE('',*,*,#2866,.F.);
#2868=CARTESIAN_POINT('',(10.116572705,262.478342066,109.12));
#2869=VERTEX_POINT('',#2868);
#2870=CARTESIAN_POINT('',(10.116572705,262.478342066,109.12));
#2871=DIRECTION('',(-1.,0.,0.));
#2872=VECTOR('',#2871,9.668523695);
#2873=LINE('',#2870,#2872);
#2874=EDGE_CURVE('',#2869,#2858,#2873,.T.);
#2875=ORIENTED_EDGE('',*,*,#2874,.F.);
#2876=CARTESIAN_POINT('',(-0.015089493,266.094908733,109.12));
#2877=VERTEX_POINT('',#2876);
#2878=CARTESIAN_POINT('',(-0.015089493,250.094908733,109.12));
#2879=DIRECTION('',(-0.,-0.,-1.));
#2880=DIRECTION('',(1.,0.,-0.));
#2881=AXIS2_PLACEMENT_3D('',#2878,#2879,#2880);
#2882=CIRCLE('',#2881,16.);
#2883=EDGE_CURVE('',#2877,#2869,#2882,.T.);
#2884=ORIENTED_EDGE('',*,*,#2883,.F.);
#2885=CARTESIAN_POINT('',(-0.015089493,250.094908733,109.12));
#2886=DIRECTION('',(-0.,-0.,-1.));
#2887=DIRECTION('',(1.,0.,-0.));
#2888=AXIS2_PLACEMENT_3D('',#2885,#2886,#2887);
#2889=CIRCLE('',#2888,16.);
#2890=EDGE_CURVE('',#2860,#2877,#2889,.T.);
#2891=ORIENTED_EDGE('',*,*,#2890,.F.);
#2892=EDGE_LOOP('',(#2867,#2875,#2884,#2891));
#2893=FACE_BOUND('',#2892,.T.);
#2894=ADVANCED_FACE('',(#2893),#2856,.T.);
#2895=CARTESIAN_POINT('',(5.636201771,261.478342066,109.12));
#2896=DIRECTION('',(0.,-1.,0.));
#2897=DIRECTION('',(0.,0.,1.));
#2898=AXIS2_PLACEMENT_3D('',#2895,#2896,#2897);
#2899=PLANE('',#2898);
#2900=CARTESIAN_POINT('',(0.44804901,261.478342066,128.12));
#2901=VERTEX_POINT('',#2900);
#2902=CARTESIAN_POINT('',(-0.00189458,261.478342066,128.32));
#2903=VERTEX_POINT('',#2902);
#2904=CARTESIAN_POINT('',(0.44804901,261.478342066,128.12));
#2905=CARTESIAN_POINT('',(0.298205908,261.478342066,128.187011538));
#2906=CARTESIAN_POINT('',(0.148364688,261.478342066,128.254027903));
#2907=CARTESIAN_POINT('',(-0.00189458,261.478342066,128.32));
#2908=B_SPLINE_CURVE_WITH_KNOTS('',3,(#2904,#2905,#2906,#2907),.UNSPECIFIED.,.F.,.F.,(4,4),(0.00298328,0.003472909),.UNSPECIFIED.);
#2909=EDGE_CURVE('',#2901,#2903,#2908,.T.);
#2910=ORIENTED_EDGE('',*,*,#2909,.T.);
#2911=CARTESIAN_POINT('',(12.158008397,261.478342066,128.32));
#2912=VERTEX_POINT('',#2911);
#2913=CARTESIAN_POINT('',(-0.00189458,261.478342066,128.32));
#2914=DIRECTION('',(1.,-0.,-0.));
#2915=VECTOR('',#2914,12.159902977);
#2916=LINE('',#2913,#2915);
#2917=EDGE_CURVE('',#2903,#2912,#2916,.T.);
#2918=ORIENTED_EDGE('',*,*,#2917,.T.);
#2919=CARTESIAN_POINT('',(12.158008398,261.478342066,110.12));
#2920=VERTEX_POINT('',#2919);
#2921=CARTESIAN_POINT('',(12.158008397,261.478342066,110.12));
#2922=DIRECTION('',(-0.,-0.,1.));
#2923=VECTOR('',#2922,18.2);
#2924=LINE('',#2921,#2923);
#2925=EDGE_CURVE('',#2920,#2912,#2924,.T.);
#2926=ORIENTED_EDGE('',*,*,#2925,.F.);
#2927=CARTESIAN_POINT('',(0.44804901,261.478342066,110.12));
#2928=VERTEX_POINT('',#2927);
#2929=CARTESIAN_POINT('',(0.44804901,261.478342066,110.12));
#2930=DIRECTION('',(1.,-0.,-0.));
#2931=VECTOR('',#2930,11.709959387);
#2932=LINE('',#2929,#2931);
#2933=EDGE_CURVE('',#2928,#2920,#2932,.T.);
#2934=ORIENTED_EDGE('',*,*,#2933,.F.);
#2935=CARTESIAN_POINT('',(0.44804901,261.478342066,128.12));
#2936=DIRECTION('',(-0.,-0.,-1.));
#2937=VECTOR('',#2936,18.);
#2938=LINE('',#2935,#2937);
#2939=EDGE_CURVE('',#2901,#2928,#2938,.T.);
#2940=ORIENTED_EDGE('',*,*,#2939,.F.);
#2941=EDGE_LOOP('',(#2910,#2918,#2926,#2934,#2940));
#2942=FACE_BOUND('',#2941,.T.);
#2943=ADVANCED_FACE('',(#2942),#2899,.F.);
#2944=CARTESIAN_POINT('',(-14.975645468,352.650337993,0.));
#2945=DIRECTION('',(1.,0.,0.));
#2946=DIRECTION('',(0.,-1.,0.));
#2947=AXIS2_PLACEMENT_3D('',#2944,#2945,#2946);
#2948=PLANE('',#2947);
#2949=CARTESIAN_POINT('',(-14.975645468,250.050337993,109.781153864));
#2950=VERTEX_POINT('',#2949);
#2951=CARTESIAN_POINT('',(-14.975645468,250.050337993,111.931153864));
#2952=DIRECTION('',(-1.,-0.,-0.));
#2953=DIRECTION('',(0.,0.,-1.));
#2954=AXIS2_PLACEMENT_3D('',#2951,#2952,#2953);
#2955=CIRCLE('',#2954,2.15);
#2956=EDGE_CURVE('',#2950,#2950,#2955,.T.);
#2957=ORIENTED_EDGE('',*,*,#2956,.T.);
#2958=EDGE_LOOP('',(#2957));
#2959=FACE_BOUND('',#2958,.T.);
#2960=ORIENTED_EDGE('',*,*,#1418,.F.);
#2961=EDGE_LOOP('',(#2960));
#2962=FACE_BOUND('',#2961,.T.);
#2963=ADVANCED_FACE('',(#2959,#2962),#2948,.T.);
#2964=CARTESIAN_POINT('',(-9.575645468,250.050337993,123.631153864));
#2965=DIRECTION('',(1.,0.,0.));
#2966=DIRECTION('',(0.,0.,-1.));
#2967=AXIS2_PLACEMENT_3D('',#2964,#2965,#2966);
#2968=CYLINDRICAL_SURFACE('',#2967,3.);
#2969=CARTESIAN_POINT('',(-9.999873304,250.050337993,120.631153864));
#2970=VERTEX_POINT('',#2969);
#2971=CARTESIAN_POINT('',(-14.975645468,250.050337993,120.631153864));
#2972=VERTEX_POINT('',#2971);
#2973=CARTESIAN_POINT('',(-9.999873304,250.050337993,120.631153864));
#2974=DIRECTION('',(-1.,-0.,0.));
#2975=VECTOR('',#2974,4.975772164);
#2976=LINE('',#2973,#2975);
#2977=EDGE_CURVE('',#2970,#2972,#2976,.T.);
#2978=ORIENTED_EDGE('',*,*,#2977,.F.);
#2979=CARTESIAN_POINT('',(-9.999998995,250.,126.630731905));
#2980=VERTEX_POINT('',#2979);
#2981=CARTESIAN_POINT('',(-9.999873304,250.050337993,120.631153864));
#2982=CARTESIAN_POINT('',(-9.998869416,250.249764787,120.631153864));
#2983=CARTESIAN_POINT('',(-9.99192774,250.445605806,120.650839368));
#2984=CARTESIAN_POINT('',(-9.979624124,250.638045729,120.689283776));
#2985=CARTESIAN_POINT('',(-9.973472315,250.734265691,120.708505979));
#2986=CARTESIAN_POINT('',(-9.965978194,250.829629322,120.732453807));
#2987=CARTESIAN_POINT('',(-9.957208172,250.924124138,120.761223939));
#2988=CARTESIAN_POINT('',(-9.948438149,251.018618954,120.789994071));
#2989=CARTESIAN_POINT('',(-9.938374057,251.112232726,120.823659804));
#2990=CARTESIAN_POINT('',(-9.927388446,251.202895943,120.861386695));
#2991=CARTESIAN_POINT('',(-9.905417223,251.384222377,120.936840476));
#2992=CARTESIAN_POINT('',(-9.879575986,251.556021085,121.029007734));
#2993=CARTESIAN_POINT('',(-9.851220545,251.718561542,121.137756545));
#2994=CARTESIAN_POINT('',(-9.837042824,251.79983177,121.19213095));
#2995=CARTESIAN_POINT('',(-9.822152663,251.879170095,121.251031829));
#2996=CARTESIAN_POINT('',(-9.807056527,251.954902112,121.313259234));
#2997=CARTESIAN_POINT('',(-9.791960392,252.030634129,121.375486638));
#2998=CARTESIAN_POINT('',(-9.776665385,252.102800205,121.440984406));
#2999=CARTESIAN_POINT('',(-9.761379165,252.171514863,121.509690056));
#3000=CARTESIAN_POINT('',(-9.730806724,252.308944177,121.647101356));
#3001=CARTESIAN_POINT('',(-9.700254358,252.432677328,121.797239277));
#3002=CARTESIAN_POINT('',(-9.671431048,252.542325998,121.960825817));
#3003=CARTESIAN_POINT('',(-9.642607738,252.651974669,122.124412358));
#3004=CARTESIAN_POINT('',(-9.616346783,252.744447489,122.297041935));
#3005=CARTESIAN_POINT('',(-9.594288779,252.81950755,122.47716081));
#3006=CARTESIAN_POINT('',(-9.583259777,252.85703758,122.567220247));
#3007=CARTESIAN_POINT('',(-9.573259939,252.8902596,122.659281146));
#3008=CARTESIAN_POINT('',(-9.564469685,252.919061431,122.753414814));
#3009=CARTESIAN_POINT('',(-9.555679432,252.947863262,122.847548482));
#3010=CARTESIAN_POINT('',(-9.548071139,252.972331141,122.944326601));
#3011=CARTESIAN_POINT('',(-9.541975676,252.991772083,123.041267863));
#3012=CARTESIAN_POINT('',(-9.529784749,253.030653969,123.235150387));
#3013=CARTESIAN_POINT('',(-9.523493597,253.050093401,123.430551417));
#3014=CARTESIAN_POINT('',(-9.523415984,253.05033572,123.6274605));
#3015=CARTESIAN_POINT('',(-9.52333837,253.050578039,123.824369584));
#3016=CARTESIAN_POINT('',(-9.529692564,253.030937681,124.024481682));
#3017=CARTESIAN_POINT('',(-9.541745653,252.992505622,124.217370242));
#3018=CARTESIAN_POINT('',(-9.553798742,252.954073564,124.410258802));
#3019=CARTESIAN_POINT('',(-9.571447598,252.897170853,124.597845593));
#3020=CARTESIAN_POINT('',(-9.593678778,252.821582446,124.780155249));
#3021=CARTESIAN_POINT('',(-9.615909958,252.74599404,124.962464905));
#3022=CARTESIAN_POINT('',(-9.642351599,252.652841576,125.136104115));
#3023=CARTESIAN_POINT('',(-9.670813971,252.544672303,125.297976096));
#3024=CARTESIAN_POINT('',(-9.685045158,252.490587667,125.378912086));
#3025=CARTESIAN_POINT('',(-9.699822954,252.432592154,125.457194284));
#3026=CARTESIAN_POINT('',(-9.714945922,252.370617161,125.532812241));
#3027=CARTESIAN_POINT('',(-9.730068891,252.308642169,125.608430198));
#3028=CARTESIAN_POINT('',(-9.745612778,252.242330786,125.681699874));
#3029=CARTESIAN_POINT('',(-9.761003701,252.173201959,125.750929462));
#3030=CARTESIAN_POINT('',(-9.791785546,252.034944304,125.889388637));
#3031=CARTESIAN_POINT('',(-9.822120762,251.88492369,126.012813519));
#3032=CARTESIAN_POINT('',(-9.850430391,251.723084765,126.121518945));
#3033=CARTESIAN_POINT('',(-9.878740021,251.56124584,126.230224372));
#3034=CARTESIAN_POINT('',(-9.905186588,251.385778639,126.324645265));
#3035=CARTESIAN_POINT('',(-9.927113786,251.205160523,126.399977608));
#3036=CARTESIAN_POINT('',(-9.949040983,251.024542407,126.475309951));
#3037=CARTESIAN_POINT('',(-9.966749856,250.837571402,126.532750527));
#3038=CARTESIAN_POINT('',(-9.979242101,250.643993088,126.571829573));
#3039=CARTESIAN_POINT('',(-9.985488223,250.547203932,126.591369097));
#3040=CARTESIAN_POINT('',(-9.990432558,250.448279535,126.606288384));
#3041=CARTESIAN_POINT('',(-9.993877839,250.349865311,126.616163644));
#3042=CARTESIAN_POINT('',(-9.997323121,250.251451088,126.626038904));
#3043=CARTESIAN_POINT('',(-9.999310419,250.153118104,126.631002192));
#3044=CARTESIAN_POINT('',(-9.999849492,250.054864754,126.631150449));
#3045=CARTESIAN_POINT('',(-10.000927637,249.858358056,126.631446962));
#3046=CARTESIAN_POINT('',(-9.996169169,249.661321888,126.612454751));
#3047=CARTESIAN_POINT('',(-9.985753694,249.466405429,126.573775613));
#3048=CARTESIAN_POINT('',(-9.975338219,249.27148897,126.535096475));
#3049=CARTESIAN_POINT('',(-9.959596609,249.083699023,126.477906509));
#3050=CARTESIAN_POINT('',(-9.939610634,248.902666663,126.402949404));
#3051=CARTESIAN_POINT('',(-9.919624658,248.721634303,126.327992299));
#3052=CARTESIAN_POINT('',(-9.895074825,248.545824367,126.233973054));
#3053=CARTESIAN_POINT('',(-9.86844404,248.383271131,126.125324684));
#3054=CARTESIAN_POINT('',(-9.841813255,248.220717896,126.016676313));
#3055=CARTESIAN_POINT('',(-9.813045823,248.070178075,125.893303332));
#3056=CARTESIAN_POINT('',(-9.783733991,247.931534578,125.754988153));
#3057=CARTESIAN_POINT('',(-9.769078074,247.862212829,125.685830564));
#3058=CARTESIAN_POINT('',(-9.754231212,247.795674808,125.612586704));
#3059=CARTESIAN_POINT('',(-9.73976033,247.733489751,125.536990747));
#3060=CARTESIAN_POINT('',(-9.725289448,247.671304694,125.46139479));
#3061=CARTESIAN_POINT('',(-9.71113058,247.613147014,125.383173734));
#3062=CARTESIAN_POINT('',(-9.697483503,247.55893185,125.302349672));
#3063=CARTESIAN_POINT('',(-9.670189348,247.450501522,125.140701546));
#3064=CARTESIAN_POINT('',(-9.644896693,247.357606661,124.968478233));
#3065=CARTESIAN_POINT('',(-9.623361525,247.281376644,124.785646413));
#3066=CARTESIAN_POINT('',(-9.601826358,247.205146627,124.602814593));
#3067=CARTESIAN_POINT('',(-9.584760051,247.147982153,124.415238356));
#3068=CARTESIAN_POINT('',(-9.573078407,247.109295966,124.222991506));
#3069=CARTESIAN_POINT('',(-9.567237585,247.089952873,124.126868081));
#3070=CARTESIAN_POINT('',(-9.562741408,247.075263454,124.029569169));
#3071=CARTESIAN_POINT('',(-9.559703015,247.065365735,123.931054877));
#3072=CARTESIAN_POINT('',(-9.556664622,247.055468016,123.832540584));
#3073=CARTESIAN_POINT('',(-9.555102499,247.050421005,123.732526836));
#3074=CARTESIAN_POINT('',(-9.555077191,247.050339024,123.633640049));
#3075=CARTESIAN_POINT('',(-9.555026575,247.05017506,123.435866475));
#3076=CARTESIAN_POINT('',(-9.561018671,247.069380563,123.24033358));
#3077=CARTESIAN_POINT('',(-9.572614128,247.10775887,123.047006536));
#3078=CARTESIAN_POINT('',(-9.578411856,247.126948023,122.950343014));
#3079=CARTESIAN_POINT('',(-9.585659175,247.151134038,122.853716913));
#3080=CARTESIAN_POINT('',(-9.594114816,247.179900552,122.759036386));
#3081=CARTESIAN_POINT('',(-9.602570457,247.208667066,122.664355858));
#3082=CARTESIAN_POINT('',(-9.6121934,247.241874105,122.571857428));
#3083=CARTESIAN_POINT('',(-9.622798128,247.279383123,122.481454291));
#3084=CARTESIAN_POINT('',(-9.665217041,247.429419197,122.119841742));
#3085=CARTESIAN_POINT('',(-9.724568341,247.652285239,121.787030952));
#3086=CARTESIAN_POINT('',(-9.782824209,247.927236027,121.511616641));
#3087=CARTESIAN_POINT('',(-9.797388176,247.995973724,121.442763063));
#3088=CARTESIAN_POINT('',(-9.81192583,248.068148747,121.377147999));
#3089=CARTESIAN_POINT('',(-9.826228515,248.143866067,121.314828154));
#3090=CARTESIAN_POINT('',(-9.8405312,248.219583388,121.252508309));
#3091=CARTESIAN_POINT('',(-9.854623569,248.299060906,121.19340449));
#3092=CARTESIAN_POINT('',(-9.867978311,248.380430906,121.13888375));
#3093=CARTESIAN_POINT('',(-9.894687796,248.543170907,121.02984227));
#3094=CARTESIAN_POINT('',(-9.918760829,248.714953455,120.93760643));
#3095=CARTESIAN_POINT('',(-9.938865929,248.895942006,120.862152256));
#3096=CARTESIAN_POINT('',(-9.958971028,249.076930557,120.786698082));
#3097=CARTESIAN_POINT('',(-9.975089459,249.268586682,120.728116791));
#3098=CARTESIAN_POINT('',(-9.985497525,249.461632855,120.689483206));
#3099=CARTESIAN_POINT('',(-9.99590559,249.654679029,120.650849621));
#3100=CARTESIAN_POINT('',(-10.000877409,249.850867826,120.631153864));
#3101=CARTESIAN_POINT('',(-9.999873304,250.050337993,120.631153864));
#3102=B_SPLINE_CURVE_WITH_KNOTS('',3,(#2981,#2982,#2983,#2984,#2985,#2986,#2987,#2988,#2989,#2990,#2991,#2992,#2993,#2994,#2995,#2996,#2997,#2998,#2999,#3000,#3001,#3002,#3003,#3004,#3005,#3006,
#3007,#3008,#3009,#3010,#3011,#3012,#3013,#3014,#3015,#3016,#3017,#3018,#3019,#3020,#3021,#3022,#3023,#3024,#3025,#3026,#3027,#3028,#3029,#3030,#3031,
#3032,#3033,#3034,#3035,#3036,#3037,#3038,#3039,#3040,#3041,#3042,#3043,#3044,#3045,#3046,#3047,#3048,#3049,#3050,#3051,#3052,#3053,#3054,#3055,#3056,
#3057,#3058,#3059,#3060,#3061,#3062,#3063,#3064,#3065,#3066,#3067,#3068,#3069,#3070,#3071,#3072,#3073,#3074,#3075,#3076,#3077,#3078,#3079,#3080,#3081,
#3082,#3083,#3084,#3085,#3086,#3087,#3088,#3089,#3090,#3091,#3092,#3093,#3094,#3095,#3096,#3097,#3098,#3099,#3100,#3101),.UNSPECIFIED.,.T.,.F.,(4,3,3,3,3,3,3,3,3,3,3,3,3,3,3,3,3,3,3,3,3,3,3,3,3,3,
3,3,3,3,3,3,3,3,3,3,3,3,3,3,4),(0.,0.000589541,0.000884311,0.001179082,0.001768623,0.002063393,0.002358164,0.002947704,0.003537245,0.003832016,0.004126786,0.004716327,0.005305868,0.005895409,0.00648495,0.00677972,0.007074491,0.007664032,0.008253572,0.008843113,0.009137884,0.009432654,0.010022195,0.010611736,0.011201277,0.011790818,
0.012085588,0.012380359,0.0129699,0.01355944,0.013854211,0.014148981,0.014738522,0.015033293,0.015328063,0.016507145,0.016801915,0.017096686,0.017686227,0.018275768,0.018865308),.UNSPECIFIED.);
#3103=EDGE_CURVE('',#2970,#2980,#3102,.T.);
#3104=ORIENTED_EDGE('',*,*,#3103,.T.);
#3105=CARTESIAN_POINT('',(-10.000000161,250.,120.631572678));
#3106=VERTEX_POINT('',#3105);
#3107=CARTESIAN_POINT('',(-9.999873304,250.050337993,120.631153864));
#3108=CARTESIAN_POINT('',(-9.998869416,250.249764787,120.631153864));
#3109=CARTESIAN_POINT('',(-9.99192774,250.445605806,120.650839368));
#3110=CARTESIAN_POINT('',(-9.979624124,250.638045729,120.689283776));
#3111=CARTESIAN_POINT('',(-9.973472315,250.734265691,120.708505979));
#3112=CARTESIAN_POINT('',(-9.965978194,250.829629322,120.732453807));
#3113=CARTESIAN_POINT('',(-9.957208172,250.924124138,120.761223939));
#3114=CARTESIAN_POINT('',(-9.948438149,251.018618954,120.789994071));
#3115=CARTESIAN_POINT('',(-9.938374057,251.112232726,120.823659804));
#3116=CARTESIAN_POINT('',(-9.927388446,251.202895943,120.861386695));
#3117=CARTESIAN_POINT('',(-9.905417223,251.384222377,120.936840476));
#3118=CARTESIAN_POINT('',(-9.879575986,251.556021085,121.029007734));
#3119=CARTESIAN_POINT('',(-9.851220545,251.718561542,121.137756545));
#3120=CARTESIAN_POINT('',(-9.837042824,251.79983177,121.19213095));
#3121=CARTESIAN_POINT('',(-9.822152663,251.879170095,121.251031829));
#3122=CARTESIAN_POINT('',(-9.807056527,251.954902112,121.313259234));
#3123=CARTESIAN_POINT('',(-9.791960392,252.030634129,121.375486638));
#3124=CARTESIAN_POINT('',(-9.776665385,252.102800205,121.440984406));
#3125=CARTESIAN_POINT('',(-9.761379165,252.171514863,121.509690056));
#3126=CARTESIAN_POINT('',(-9.730806724,252.308944177,121.647101356));
#3127=CARTESIAN_POINT('',(-9.700254358,252.432677328,121.797239277));
#3128=CARTESIAN_POINT('',(-9.671431048,252.542325998,121.960825817));
#3129=CARTESIAN_POINT('',(-9.642607738,252.651974669,122.124412358));
#3130=CARTESIAN_POINT('',(-9.616346783,252.744447489,122.297041935));
#3131=CARTESIAN_POINT('',(-9.594288779,252.81950755,122.47716081));
#3132=CARTESIAN_POINT('',(-9.583259777,252.85703758,122.567220247));
#3133=CARTESIAN_POINT('',(-9.573259939,252.8902596,122.659281146));
#3134=CARTESIAN_POINT('',(-9.564469685,252.919061431,122.753414814));
#3135=CARTESIAN_POINT('',(-9.555679432,252.947863262,122.847548482));
#3136=CARTESIAN_POINT('',(-9.548071139,252.972331141,122.944326601));
#3137=CARTESIAN_POINT('',(-9.541975676,252.991772083,123.041267863));
#3138=CARTESIAN_POINT('',(-9.529784749,253.030653969,123.235150387));
#3139=CARTESIAN_POINT('',(-9.523493597,253.050093401,123.430551417));
#3140=CARTESIAN_POINT('',(-9.523415984,253.05033572,123.6274605));
#3141=CARTESIAN_POINT('',(-9.52333837,253.050578039,123.824369584));
#3142=CARTESIAN_POINT('',(-9.529692564,253.030937681,124.024481682));
#3143=CARTESIAN_POINT('',(-9.541745653,252.992505622,124.217370242));
#3144=CARTESIAN_POINT('',(-9.553798742,252.954073564,124.410258802));
#3145=CARTESIAN_POINT('',(-9.571447598,252.897170853,124.597845593));
#3146=CARTESIAN_POINT('',(-9.593678778,252.821582446,124.780155249));
#3147=CARTESIAN_POINT('',(-9.615909958,252.74599404,124.962464905));
#3148=CARTESIAN_POINT('',(-9.642351599,252.652841576,125.136104115));
#3149=CARTESIAN_POINT('',(-9.670813971,252.544672303,125.297976096));
#3150=CARTESIAN_POINT('',(-9.685045158,252.490587667,125.378912086));
#3151=CARTESIAN_POINT('',(-9.699822954,252.432592154,125.457194284));
#3152=CARTESIAN_POINT('',(-9.714945922,252.370617161,125.532812241));
#3153=CARTESIAN_POINT('',(-9.730068891,252.308642169,125.608430198));
#3154=CARTESIAN_POINT('',(-9.745612778,252.242330786,125.681699874));
#3155=CARTESIAN_POINT('',(-9.761003701,252.173201959,125.750929462));
#3156=CARTESIAN_POINT('',(-9.791785546,252.034944304,125.889388637));
#3157=CARTESIAN_POINT('',(-9.822120762,251.88492369,126.012813519));
#3158=CARTESIAN_POINT('',(-9.850430391,251.723084765,126.121518945));
#3159=CARTESIAN_POINT('',(-9.878740021,251.56124584,126.230224372));
#3160=CARTESIAN_POINT('',(-9.905186588,251.385778639,126.324645265));
#3161=CARTESIAN_POINT('',(-9.927113786,251.205160523,126.399977608));
#3162=CARTESIAN_POINT('',(-9.949040983,251.024542407,126.475309951));
#3163=CARTESIAN_POINT('',(-9.966749856,250.837571402,126.532750527));
#3164=CARTESIAN_POINT('',(-9.979242101,250.643993088,126.571829573));
#3165=CARTESIAN_POINT('',(-9.985488223,250.547203932,126.591369097));
#3166=CARTESIAN_POINT('',(-9.990432558,250.448279535,126.606288384));
#3167=CARTESIAN_POINT('',(-9.993877839,250.349865311,126.616163644));
#3168=CARTESIAN_POINT('',(-9.997323121,250.251451088,126.626038904));
#3169=CARTESIAN_POINT('',(-9.999310419,250.153118104,126.631002192));
#3170=CARTESIAN_POINT('',(-9.999849492,250.054864754,126.631150449));
#3171=CARTESIAN_POINT('',(-10.000927637,249.858358056,126.631446962));
#3172=CARTESIAN_POINT('',(-9.996169169,249.661321888,126.612454751));
#3173=CARTESIAN_POINT('',(-9.985753694,249.466405429,126.573775613));
#3174=CARTESIAN_POINT('',(-9.975338219,249.27148897,126.535096475));
#3175=CARTESIAN_POINT('',(-9.959596609,249.083699023,126.477906509));
#3176=CARTESIAN_POINT('',(-9.939610634,248.902666663,126.402949404));
#3177=CARTESIAN_POINT('',(-9.919624658,248.721634303,126.327992299));
#3178=CARTESIAN_POINT('',(-9.895074825,248.545824367,126.233973054));
#3179=CARTESIAN_POINT('',(-9.86844404,248.383271131,126.125324684));
#3180=CARTESIAN_POINT('',(-9.841813255,248.220717896,126.016676313));
#3181=CARTESIAN_POINT('',(-9.813045823,248.070178075,125.893303332));
#3182=CARTESIAN_POINT('',(-9.783733991,247.931534578,125.754988153));
#3183=CARTESIAN_POINT('',(-9.769078074,247.862212829,125.685830564));
#3184=CARTESIAN_POINT('',(-9.754231212,247.795674808,125.612586704));
#3185=CARTESIAN_POINT('',(-9.73976033,247.733489751,125.536990747));
#3186=CARTESIAN_POINT('',(-9.725289448,247.671304694,125.46139479));
#3187=CARTESIAN_POINT('',(-9.71113058,247.613147014,125.383173734));
#3188=CARTESIAN_POINT('',(-9.697483503,247.55893185,125.302349672));
#3189=CARTESIAN_POINT('',(-9.670189348,247.450501522,125.140701546));
#3190=CARTESIAN_POINT('',(-9.644896693,247.357606661,124.968478233));
#3191=CARTESIAN_POINT('',(-9.623361525,247.281376644,124.785646413));
#3192=CARTESIAN_POINT('',(-9.601826358,247.205146627,124.602814593));
#3193=CARTESIAN_POINT('',(-9.584760051,247.147982153,124.415238356));
#3194=CARTESIAN_POINT('',(-9.573078407,247.109295966,124.222991506));
#3195=CARTESIAN_POINT('',(-9.567237585,247.089952873,124.126868081));
#3196=CARTESIAN_POINT('',(-9.562741408,247.075263454,124.029569169));
#3197=CARTESIAN_POINT('',(-9.559703015,247.065365735,123.931054877));
#3198=CARTESIAN_POINT('',(-9.556664622,247.055468016,123.832540584));
#3199=CARTESIAN_POINT('',(-9.555102499,247.050421005,123.732526836));
#3200=CARTESIAN_POINT('',(-9.555077191,247.050339024,123.633640049));
#3201=CARTESIAN_POINT('',(-9.555026575,247.05017506,123.435866475));
#3202=CARTESIAN_POINT('',(-9.561018671,247.069380563,123.24033358));
#3203=CARTESIAN_POINT('',(-9.572614128,247.10775887,123.047006536));
#3204=CARTESIAN_POINT('',(-9.578411856,247.126948023,122.950343014));
#3205=CARTESIAN_POINT('',(-9.585659175,247.151134038,122.853716913));
#3206=CARTESIAN_POINT('',(-9.594114816,247.179900552,122.759036386));
#3207=CARTESIAN_POINT('',(-9.602570457,247.208667066,122.664355858));
#3208=CARTESIAN_POINT('',(-9.6121934,247.241874105,122.571857428));
#3209=CARTESIAN_POINT('',(-9.622798128,247.279383123,122.481454291));
#3210=CARTESIAN_POINT('',(-9.665217041,247.429419197,122.119841742));
#3211=CARTESIAN_POINT('',(-9.724568341,247.652285239,121.787030952));
#3212=CARTESIAN_POINT('',(-9.782824209,247.927236027,121.511616641));
#3213=CARTESIAN_POINT('',(-9.797388176,247.995973724,121.442763063));
#3214=CARTESIAN_POINT('',(-9.81192583,248.068148747,121.377147999));
#3215=CARTESIAN_POINT('',(-9.826228515,248.143866067,121.314828154));
#3216=CARTESIAN_POINT('',(-9.8405312,248.219583388,121.252508309));
#3217=CARTESIAN_POINT('',(-9.854623569,248.299060906,121.19340449));
#3218=CARTESIAN_POINT('',(-9.867978311,248.380430906,121.13888375));
#3219=CARTESIAN_POINT('',(-9.894687796,248.543170907,121.02984227));
#3220=CARTESIAN_POINT('',(-9.918760829,248.714953455,120.93760643));
#3221=CARTESIAN_POINT('',(-9.938865929,248.895942006,120.862152256));
#3222=CARTESIAN_POINT('',(-9.958971028,249.076930557,120.786698082));
#3223=CARTESIAN_POINT('',(-9.975089459,249.268586682,120.728116791));
#3224=CARTESIAN_POINT('',(-9.985497525,249.461632855,120.689483206));
#3225=CARTESIAN_POINT('',(-9.99590559,249.654679029,120.650849621));
#3226=CARTESIAN_POINT('',(-10.000877409,249.850867826,120.631153864));
#3227=CARTESIAN_POINT('',(-9.999873304,250.050337993,120.631153864));
#3228=B_SPLINE_CURVE_WITH_KNOTS('',3,(#3107,#3108,#3109,#3110,#3111,#3112,#3113,#3114,#3115,#3116,#3117,#3118,#3119,#3120,#3121,#3122,#3123,#3124,#3125,#3126,#3127,#3128,#3129,#3130,#3131,#3132,
#3133,#3134,#3135,#3136,#3137,#3138,#3139,#3140,#3141,#3142,#3143,#3144,#3145,#3146,#3147,#3148,#3149,#3150,#3151,#3152,#3153,#3154,#3155,#3156,#3157,
#3158,#3159,#3160,#3161,#3162,#3163,#3164,#3165,#3166,#3167,#3168,#3169,#3170,#3171,#3172,#3173,#3174,#3175,#3176,#3177,#3178,#3179,#3180,#3181,#3182,
#3183,#3184,#3185,#3186,#3187,#3188,#3189,#3190,#3191,#3192,#3193,#3194,#3195,#3196,#3197,#3198,#3199,#3200,#3201,#3202,#3203,#3204,#3205,#3206,#3207,
#3208,#3209,#3210,#3211,#3212,#3213,#3214,#3215,#3216,#3217,#3218,#3219,#3220,#3221,#3222,#3223,#3224,#3225,#3226,#3227),.UNSPECIFIED.,.T.,.F.,(4,3,3,3,3,3,3,3,3,3,3,3,3,3,3,3,3,3,3,3,3,3,3,3,3,3,
3,3,3,3,3,3,3,3,3,3,3,3,3,3,4),(0.,0.000589541,0.000884311,0.001179082,0.001768623,0.002063393,0.002358164,0.002947704,0.003537245,0.003832016,0.004126786,0.004716327,0.005305868,0.005895409,0.00648495,0.00677972,0.007074491,0.007664032,0.008253572,0.008843113,0.009137884,0.009432654,0.010022195,0.010611736,0.011201277,0.011790818,
0.012085588,0.012380359,0.0129699,0.01355944,0.013854211,0.014148981,0.014738522,0.015033293,0.015328063,0.016507145,0.016801915,0.017096686,0.017686227,0.018275768,0.018865308),.UNSPECIFIED.);
#3229=EDGE_CURVE('',#2980,#3106,#3228,.T.);
#3230=ORIENTED_EDGE('',*,*,#3229,.T.);
#3231=CARTESIAN_POINT('',(-9.999873304,250.050337993,120.631153864));
#3232=CARTESIAN_POINT('',(-9.998869416,250.249764787,120.631153864));
#3233=CARTESIAN_POINT('',(-9.99192774,250.445605806,120.650839368));
#3234=CARTESIAN_POINT('',(-9.979624124,250.638045729,120.689283776));
#3235=CARTESIAN_POINT('',(-9.973472315,250.734265691,120.708505979));
#3236=CARTESIAN_POINT('',(-9.965978194,250.829629322,120.732453807));
#3237=CARTESIAN_POINT('',(-9.957208172,250.924124138,120.761223939));
#3238=CARTESIAN_POINT('',(-9.948438149,251.018618954,120.789994071));
#3239=CARTESIAN_POINT('',(-9.938374057,251.112232726,120.823659804));
#3240=CARTESIAN_POINT('',(-9.927388446,251.202895943,120.861386695));
#3241=CARTESIAN_POINT('',(-9.905417223,251.384222377,120.936840476));
#3242=CARTESIAN_POINT('',(-9.879575986,251.556021085,121.029007734));
#3243=CARTESIAN_POINT('',(-9.851220545,251.718561542,121.137756545));
#3244=CARTESIAN_POINT('',(-9.837042824,251.79983177,121.19213095));
#3245=CARTESIAN_POINT('',(-9.822152663,251.879170095,121.251031829));
#3246=CARTESIAN_POINT('',(-9.807056527,251.954902112,121.313259234));
#3247=CARTESIAN_POINT('',(-9.791960392,252.030634129,121.375486638));
#3248=CARTESIAN_POINT('',(-9.776665385,252.102800205,121.440984406));
#3249=CARTESIAN_POINT('',(-9.761379165,252.171514863,121.509690056));
#3250=CARTESIAN_POINT('',(-9.730806724,252.308944177,121.647101356));
#3251=CARTESIAN_POINT('',(-9.700254358,252.432677328,121.797239277));
#3252=CARTESIAN_POINT('',(-9.671431048,252.542325998,121.960825817));
#3253=CARTESIAN_POINT('',(-9.642607738,252.651974669,122.124412358));
#3254=CARTESIAN_POINT('',(-9.616346783,252.744447489,122.297041935));
#3255=CARTESIAN_POINT('',(-9.594288779,252.81950755,122.47716081));
#3256=CARTESIAN_POINT('',(-9.583259777,252.85703758,122.567220247));
#3257=CARTESIAN_POINT('',(-9.573259939,252.8902596,122.659281146));
#3258=CARTESIAN_POINT('',(-9.564469685,252.919061431,122.753414814));
#3259=CARTESIAN_POINT('',(-9.555679432,252.947863262,122.847548482));
#3260=CARTESIAN_POINT('',(-9.548071139,252.972331141,122.944326601));
#3261=CARTESIAN_POINT('',(-9.541975676,252.991772083,123.041267863));
#3262=CARTESIAN_POINT('',(-9.529784749,253.030653969,123.235150387));
#3263=CARTESIAN_POINT('',(-9.523493597,253.050093401,123.430551417));
#3264=CARTESIAN_POINT('',(-9.523415984,253.05033572,123.6274605));
#3265=CARTESIAN_POINT('',(-9.52333837,253.050578039,123.824369584));
#3266=CARTESIAN_POINT('',(-9.529692564,253.030937681,124.024481682));
#3267=CARTESIAN_POINT('',(-9.541745653,252.992505622,124.217370242));
#3268=CARTESIAN_POINT('',(-9.553798742,252.954073564,124.410258802));
#3269=CARTESIAN_POINT('',(-9.571447598,252.897170853,124.597845593));
#3270=CARTESIAN_POINT('',(-9.593678778,252.821582446,124.780155249));
#3271=CARTESIAN_POINT('',(-9.615909958,252.74599404,124.962464905));
#3272=CARTESIAN_POINT('',(-9.642351599,252.652841576,125.136104115));
#3273=CARTESIAN_POINT('',(-9.670813971,252.544672303,125.297976096));
#3274=CARTESIAN_POINT('',(-9.685045158,252.490587667,125.378912086));
#3275=CARTESIAN_POINT('',(-9.699822954,252.432592154,125.457194284));
#3276=CARTESIAN_POINT('',(-9.714945922,252.370617161,125.532812241));
#3277=CARTESIAN_POINT('',(-9.730068891,252.308642169,125.608430198));
#3278=CARTESIAN_POINT('',(-9.745612778,252.242330786,125.681699874));
#3279=CARTESIAN_POINT('',(-9.761003701,252.173201959,125.750929462));
#3280=CARTESIAN_POINT('',(-9.791785546,252.034944304,125.889388637));
#3281=CARTESIAN_POINT('',(-9.822120762,251.88492369,126.012813519));
#3282=CARTESIAN_POINT('',(-9.850430391,251.723084765,126.121518945));
#3283=CARTESIAN_POINT('',(-9.878740021,251.56124584,126.230224372));
#3284=CARTESIAN_POINT('',(-9.905186588,251.385778639,126.324645265));
#3285=CARTESIAN_POINT('',(-9.927113786,251.205160523,126.399977608));
#3286=CARTESIAN_POINT('',(-9.949040983,251.024542407,126.475309951));
#3287=CARTESIAN_POINT('',(-9.966749856,250.837571402,126.532750527));
#3288=CARTESIAN_POINT('',(-9.979242101,250.643993088,126.571829573));
#3289=CARTESIAN_POINT('',(-9.985488223,250.547203932,126.591369097));
#3290=CARTESIAN_POINT('',(-9.990432558,250.448279535,126.606288384));
#3291=CARTESIAN_POINT('',(-9.993877839,250.349865311,126.616163644));
#3292=CARTESIAN_POINT('',(-9.997323121,250.251451088,126.626038904));
#3293=CARTESIAN_POINT('',(-9.999310419,250.153118104,126.631002192));
#3294=CARTESIAN_POINT('',(-9.999849492,250.054864754,126.631150449));
#3295=CARTESIAN_POINT('',(-10.000927637,249.858358056,126.631446962));
#3296=CARTESIAN_POINT('',(-9.996169169,249.661321888,126.612454751));
#3297=CARTESIAN_POINT('',(-9.985753694,249.466405429,126.573775613));
#3298=CARTESIAN_POINT('',(-9.975338219,249.27148897,126.535096475));
#3299=CARTESIAN_POINT('',(-9.959596609,249.083699023,126.477906509));
#3300=CARTESIAN_POINT('',(-9.939610634,248.902666663,126.402949404));
#3301=CARTESIAN_POINT('',(-9.919624658,248.721634303,126.327992299));
#3302=CARTESIAN_POINT('',(-9.895074825,248.545824367,126.233973054));
#3303=CARTESIAN_POINT('',(-9.86844404,248.383271131,126.125324684));
#3304=CARTESIAN_POINT('',(-9.841813255,248.220717896,126.016676313));
#3305=CARTESIAN_POINT('',(-9.813045823,248.070178075,125.893303332));
#3306=CARTESIAN_POINT('',(-9.783733991,247.931534578,125.754988153));
#3307=CARTESIAN_POINT('',(-9.769078074,247.862212829,125.685830564));
#3308=CARTESIAN_POINT('',(-9.754231212,247.795674808,125.612586704));
#3309=CARTESIAN_POINT('',(-9.73976033,247.733489751,125.536990747));
#3310=CARTESIAN_POINT('',(-9.725289448,247.671304694,125.46139479));
#3311=CARTESIAN_POINT('',(-9.71113058,247.613147014,125.383173734));
#3312=CARTESIAN_POINT('',(-9.697483503,247.55893185,125.302349672));
#3313=CARTESIAN_POINT('',(-9.670189348,247.450501522,125.140701546));
#3314=CARTESIAN_POINT('',(-9.644896693,247.357606661,124.968478233));
#3315=CARTESIAN_POINT('',(-9.623361525,247.281376644,124.785646413));
#3316=CARTESIAN_POINT('',(-9.601826358,247.205146627,124.602814593));
#3317=CARTESIAN_POINT('',(-9.584760051,247.147982153,124.415238356));
#3318=CARTESIAN_POINT('',(-9.573078407,247.109295966,124.222991506));
#3319=CARTESIAN_POINT('',(-9.567237585,247.089952873,124.126868081));
#3320=CARTESIAN_POINT('',(-9.562741408,247.075263454,124.029569169));
#3321=CARTESIAN_POINT('',(-9.559703015,247.065365735,123.931054877));
#3322=CARTESIAN_POINT('',(-9.556664622,247.055468016,123.832540584));
#3323=CARTESIAN_POINT('',(-9.555102499,247.050421005,123.732526836));
#3324=CARTESIAN_POINT('',(-9.555077191,247.050339024,123.633640049));
#3325=CARTESIAN_POINT('',(-9.555026575,247.05017506,123.435866475));
#3326=CARTESIAN_POINT('',(-9.561018671,247.069380563,123.24033358));
#3327=CARTESIAN_POINT('',(-9.572614128,247.10775887,123.047006536));
#3328=CARTESIAN_POINT('',(-9.578411856,247.126948023,122.950343014));
#3329=CARTESIAN_POINT('',(-9.585659175,247.151134038,122.853716913));
#3330=CARTESIAN_POINT('',(-9.594114816,247.179900552,122.759036386));
#3331=CARTESIAN_POINT('',(-9.602570457,247.208667066,122.664355858));
#3332=CARTESIAN_POINT('',(-9.6121934,247.241874105,122.571857428));
#3333=CARTESIAN_POINT('',(-9.622798128,247.279383123,122.481454291));
#3334=CARTESIAN_POINT('',(-9.665217041,247.429419197,122.119841742));
#3335=CARTESIAN_POINT('',(-9.724568341,247.652285239,121.787030952));
#3336=CARTESIAN_POINT('',(-9.782824209,247.927236027,121.511616641));
#3337=CARTESIAN_POINT('',(-9.797388176,247.995973724,121.442763063));
#3338=CARTESIAN_POINT('',(-9.81192583,248.068148747,121.377147999));
#3339=CARTESIAN_POINT('',(-9.826228515,248.143866067,121.314828154));
#3340=CARTESIAN_POINT('',(-9.8405312,248.219583388,121.252508309));
#3341=CARTESIAN_POINT('',(-9.854623569,248.299060906,121.19340449));
#3342=CARTESIAN_POINT('',(-9.867978311,248.380430906,121.13888375));
#3343=CARTESIAN_POINT('',(-9.894687796,248.543170907,121.02984227));
#3344=CARTESIAN_POINT('',(-9.918760829,248.714953455,120.93760643));
#3345=CARTESIAN_POINT('',(-9.938865929,248.895942006,120.862152256));
#3346=CARTESIAN_POINT('',(-9.958971028,249.076930557,120.786698082));
#3347=CARTESIAN_POINT('',(-9.975089459,249.268586682,120.728116791));
#3348=CARTESIAN_POINT('',(-9.985497525,249.461632855,120.689483206));
#3349=CARTESIAN_POINT('',(-9.99590559,249.654679029,120.650849621));
#3350=CARTESIAN_POINT('',(-10.000877409,249.850867826,120.631153864));
#3351=CARTESIAN_POINT('',(-9.999873304,250.050337993,120.631153864));
#3352=B_SPLINE_CURVE_WITH_KNOTS('',3,(#3231,#3232,#3233,#3234,#3235,#3236,#3237,#3238,#3239,#3240,#3241,#3242,#3243,#3244,#3245,#3246,#3247,#3248,#3249,#3250,#3251,#3252,#3253,#3254,#3255,#3256,
#3257,#3258,#3259,#3260,#3261,#3262,#3263,#3264,#3265,#3266,#3267,#3268,#3269,#3270,#3271,#3272,#3273,#3274,#3275,#3276,#3277,#3278,#3279,#3280,#3281,
#3282,#3283,#3284,#3285,#3286,#3287,#3288,#3289,#3290,#3291,#3292,#3293,#3294,#3295,#3296,#3297,#3298,#3299,#3300,#3301,#3302,#3303,#3304,#3305,#3306,
#3307,#3308,#3309,#3310,#3311,#3312,#3313,#3314,#3315,#3316,#3317,#3318,#3319,#3320,#3321,#3322,#3323,#3324,#3325,#3326,#3327,#3328,#3329,#3330,#3331,
#3332,#3333,#3334,#3335,#3336,#3337,#3338,#3339,#3340,#3341,#3342,#3343,#3344,#3345,#3346,#3347,#3348,#3349,#3350,#3351),.UNSPECIFIED.,.T.,.F.,(4,3,3,3,3,3,3,3,3,3,3,3,3,3,3,3,3,3,3,3,3,3,3,3,3,3,
3,3,3,3,3,3,3,3,3,3,3,3,3,3,4),(0.,0.000589541,0.000884311,0.001179082,0.001768623,0.002063393,0.002358164,0.002947704,0.003537245,0.003832016,0.004126786,0.004716327,0.005305868,0.005895409,0.00648495,0.00677972,0.007074491,0.007664032,0.008253572,0.008843113,0.009137884,0.009432654,0.010022195,0.010611736,0.011201277,0.011790818,
0.012085588,0.012380359,0.0129699,0.01355944,0.013854211,0.014148981,0.014738522,0.015033293,0.015328063,0.016507145,0.016801915,0.017096686,0.017686227,0.018275768,0.018865308),.UNSPECIFIED.);
#3353=EDGE_CURVE('',#3106,#2970,#3352,.T.);
#3354=ORIENTED_EDGE('',*,*,#3353,.T.);
#3355=ORIENTED_EDGE('',*,*,#2977,.T.);
#3356=CARTESIAN_POINT('',(-14.975645468,250.050337993,123.631153864));
#3357=DIRECTION('',(-1.,-0.,-0.));
#3358=DIRECTION('',(0.,0.,-1.));
#3359=AXIS2_PLACEMENT_3D('',#3356,#3357,#3358);
#3360=CIRCLE('',#3359,3.);
#3361=EDGE_CURVE('',#2972,#2972,#3360,.T.);
#3362=ORIENTED_EDGE('',*,*,#3361,.T.);
#3363=EDGE_LOOP('',(#2978,#3104,#3230,#3354,#3355,#3362));
#3364=FACE_BOUND('',#3363,.T.);
#3365=ADVANCED_FACE('',(#3364),#2968,.F.);
#3366=CARTESIAN_POINT('',(-14.975645468,352.650337993,0.));
#3367=DIRECTION('',(1.,0.,0.));
#3368=DIRECTION('',(0.,-1.,0.));
#3369=AXIS2_PLACEMENT_3D('',#3366,#3367,#3368);
#3370=PLANE('',#3369);
#3371=CARTESIAN_POINT('',(-14.975645468,250.050337993,121.481153864));
#3372=VERTEX_POINT('',#3371);
#3373=CARTESIAN_POINT('',(-14.975645468,250.050337993,123.631153864));
#3374=DIRECTION('',(-1.,-0.,-0.));
#3375=DIRECTION('',(0.,0.,-1.));
#3376=AXIS2_PLACEMENT_3D('',#3373,#3374,#3375);
#3377=CIRCLE('',#3376,2.15);
#3378=EDGE_CURVE('',#3372,#3372,#3377,.T.);
#3379=ORIENTED_EDGE('',*,*,#3378,.T.);
#3380=EDGE_LOOP('',(#3379));
#3381=FACE_BOUND('',#3380,.T.);
#3382=ORIENTED_EDGE('',*,*,#3361,.F.);
#3383=EDGE_LOOP('',(#3382));
#3384=FACE_BOUND('',#3383,.T.);
#3385=ADVANCED_FACE('',(#3381,#3384),#3370,.T.);
#3386=CARTESIAN_POINT('',(3.724354532,254.478342066,117.5));
#3387=DIRECTION('',(0.,-1.,0.));
#3388=DIRECTION('',(0.,0.,1.));
#3389=AXIS2_PLACEMENT_3D('',#3386,#3387,#3388);
#3390=PLANE('',#3389);
#3391=CARTESIAN_POINT('',(8.941166162,254.478342066,113.12));
#3392=VERTEX_POINT('',#3391);
#3393=CARTESIAN_POINT('',(8.941166162,254.478342066,128.12));
#3394=VERTEX_POINT('',#3393);
#3395=CARTESIAN_POINT('',(8.941166162,254.478342066,113.12));
#3396=DIRECTION('',(-0.,-0.,1.));
#3397=VECTOR('',#3396,15.);
#3398=LINE('',#3395,#3397);
#3399=EDGE_CURVE('',#3392,#3394,#3398,.T.);
#3400=ORIENTED_EDGE('',*,*,#3399,.F.);
#3401=CARTESIAN_POINT('',(15.440472248,254.478342066,113.12));
#3402=VERTEX_POINT('',#3401);
#3403=CARTESIAN_POINT('',(15.440472248,254.478342066,113.12));
#3404=DIRECTION('',(-1.,0.,0.));
#3405=VECTOR('',#3404,6.499306086);
#3406=LINE('',#3403,#3405);
#3407=EDGE_CURVE('',#3402,#3392,#3406,.T.);
#3408=ORIENTED_EDGE('',*,*,#3407,.F.);
#3409=CARTESIAN_POINT('',(15.440472248,254.478342066,128.12));
#3410=VERTEX_POINT('',#3409);
#3411=CARTESIAN_POINT('',(15.440472248,254.478342066,113.12));
#3412=DIRECTION('',(0.,0.,1.));
#3413=VECTOR('',#3412,15.);
#3414=LINE('',#3411,#3413);
#3415=EDGE_CURVE('',#3402,#3410,#3414,.T.);
#3416=ORIENTED_EDGE('',*,*,#3415,.T.);
#3417=CARTESIAN_POINT('',(15.440472248,254.478342066,128.12));
#3418=DIRECTION('',(-1.,0.,0.));
#3419=VECTOR('',#3418,6.499306086);
#3420=LINE('',#3417,#3419);
#3421=EDGE_CURVE('',#3410,#3394,#3420,.T.);
#3422=ORIENTED_EDGE('',*,*,#3421,.T.);
#3423=EDGE_LOOP('',(#3400,#3408,#3416,#3422));
#3424=FACE_BOUND('',#3423,.T.);
#3425=ADVANCED_FACE('',(#3424),#3390,.T.);
#3426=CARTESIAN_POINT('',(3.724354532,250.150337993,110.12));
#3427=DIRECTION('',(0.,0.,1.));
#3428=DIRECTION('',(1.,0.,0.));
#3429=AXIS2_PLACEMENT_3D('',#3426,#3427,#3428);
#3430=PLANE('',#3429);
#3431=CARTESIAN_POINT('',(9.918429714,248.725342399,110.12));
#3432=VERTEX_POINT('',#3431);
#3433=CARTESIAN_POINT('',(9.890121573,251.478342066,110.12));
#3434=VERTEX_POINT('',#3433);
#3435=CARTESIAN_POINT('',(0.,250.,110.12));
#3436=DIRECTION('',(0.,0.,1.));
#3437=DIRECTION('',(1.,0.,-0.));
#3438=AXIS2_PLACEMENT_3D('',#3435,#3436,#3437);
#3439=CIRCLE('',#3438,10.);
#3440=EDGE_CURVE('',#3432,#3434,#3439,.T.);
#3441=ORIENTED_EDGE('',*,*,#3440,.F.);
#3442=CARTESIAN_POINT('',(15.926186744,248.725342399,110.12));
#3443=VERTEX_POINT('',#3442);
#3444=CARTESIAN_POINT('',(15.926186744,248.725342399,110.12));
#3445=DIRECTION('',(-1.,0.,0.));
#3446=VECTOR('',#3445,6.00775703);
#3447=LINE('',#3444,#3446);
#3448=EDGE_CURVE('',#3443,#3432,#3447,.T.);
#3449=ORIENTED_EDGE('',*,*,#3448,.F.);
#3450=CARTESIAN_POINT('',(15.924989331,251.478341815,110.12));
#3451=VERTEX_POINT('',#3450);
#3452=CARTESIAN_POINT('',(-0.015089493,250.094908733,110.12));
#3453=DIRECTION('',(-0.,-0.,1.));
#3454=DIRECTION('',(-1.,0.,0.));
#3455=AXIS2_PLACEMENT_3D('',#3452,#3453,#3454);
#3456=CIRCLE('',#3455,16.);
#3457=EDGE_CURVE('',#3443,#3451,#3456,.T.);
#3458=ORIENTED_EDGE('',*,*,#3457,.T.);
#3459=CARTESIAN_POINT('',(9.890121573,251.478342066,110.12));
#3460=DIRECTION('',(1.,-0.,-0.));
#3461=VECTOR('',#3460,6.034867758);
#3462=LINE('',#3459,#3461);
#3463=EDGE_CURVE('',#3434,#3451,#3462,.T.);
#3464=ORIENTED_EDGE('',*,*,#3463,.F.);
#3465=EDGE_LOOP('',(#3441,#3449,#3458,#3464));
#3466=FACE_BOUND('',#3465,.T.);
#3467=ADVANCED_FACE('',(#3466),#3430,.T.);
#3468=CARTESIAN_POINT('',(3.724354532,245.725342399,117.5));
#3469=DIRECTION('',(0.,1.,0.));
#3470=DIRECTION('',(0.,0.,-1.));
#3471=AXIS2_PLACEMENT_3D('',#3468,#3469,#3470);
#3472=PLANE('',#3471);
#3473=CARTESIAN_POINT('',(9.040315393,245.725342399,128.12));
#3474=VERTEX_POINT('',#3473);
#3475=CARTESIAN_POINT('',(9.040315393,245.725342399,113.12));
#3476=VERTEX_POINT('',#3475);
#3477=CARTESIAN_POINT('',(9.040315393,245.725342399,128.12));
#3478=DIRECTION('',(0.,0.,-1.));
#3479=VECTOR('',#3478,15.);
#3480=LINE('',#3477,#3479);
#3481=EDGE_CURVE('',#3474,#3476,#3480,.T.);
#3482=ORIENTED_EDGE('',*,*,#3481,.F.);
#3483=CARTESIAN_POINT('',(15.444159884,245.725342399,128.12));
#3484=VERTEX_POINT('',#3483);
#3485=CARTESIAN_POINT('',(9.040315393,245.725342399,128.12));
#3486=DIRECTION('',(1.,-0.,-0.));
#3487=VECTOR('',#3486,6.403844492);
#3488=LINE('',#3485,#3487);
#3489=EDGE_CURVE('',#3474,#3484,#3488,.T.);
#3490=ORIENTED_EDGE('',*,*,#3489,.T.);
#3491=CARTESIAN_POINT('',(15.444159884,245.725342399,113.12));
#3492=VERTEX_POINT('',#3491);
#3493=CARTESIAN_POINT('',(15.444159884,245.725342399,128.12));
#3494=DIRECTION('',(0.,0.,-1.));
#3495=VECTOR('',#3494,15.);
#3496=LINE('',#3493,#3495);
#3497=EDGE_CURVE('',#3484,#3492,#3496,.T.);
#3498=ORIENTED_EDGE('',*,*,#3497,.T.);
#3499=CARTESIAN_POINT('',(9.040315393,245.725342399,113.12));
#3500=DIRECTION('',(1.,-0.,-0.));
#3501=VECTOR('',#3500,6.403844492);
#3502=LINE('',#3499,#3501);
#3503=EDGE_CURVE('',#3476,#3492,#3502,.T.);
#3504=ORIENTED_EDGE('',*,*,#3503,.F.);
#3505=EDGE_LOOP('',(#3482,#3490,#3498,#3504));
#3506=FACE_BOUND('',#3505,.T.);
#3507=ADVANCED_FACE('',(#3506),#3472,.T.);
#3508=CARTESIAN_POINT('',(-20.853365227,229.927990247,99.12));
#3509=DIRECTION('',(-0.64278761,-0.766044443,0.));
#3510=DIRECTION('',(0.,0.,-1.));
#3511=AXIS2_PLACEMENT_3D('',#3508,#3509,#3510);
#3512=PLANE('',#3511);
#3513=CARTESIAN_POINT('',(-23.611125225,232.242025645,114.191067812));
#3514=VERTEX_POINT('',#3513);
#3515=CARTESIAN_POINT('',(-19.627694122,228.899530073,114.191067812));
#3516=VERTEX_POINT('',#3515);
#3517=CARTESIAN_POINT('',(-23.611125225,232.242025645,114.191067812));
#3518=DIRECTION('',(0.766044443,-0.64278761,0.));
#3519=VECTOR('',#3518,5.2);
#3520=LINE('',#3517,#3519);
#3521=EDGE_CURVE('',#3514,#3516,#3520,.T.);
#3522=ORIENTED_EDGE('',*,*,#3521,.T.);
#3523=CARTESIAN_POINT('',(-19.627694122,228.899530073,124.12));
#3524=VERTEX_POINT('',#3523);
#3525=CARTESIAN_POINT('',(-19.627694122,228.899530073,114.191067812));
#3526=DIRECTION('',(0.,0.,1.));
#3527=VECTOR('',#3526,9.928932188);
#3528=LINE('',#3525,#3527);
#3529=EDGE_CURVE('',#3516,#3524,#3528,.T.);
#3530=ORIENTED_EDGE('',*,*,#3529,.T.);
#3531=CARTESIAN_POINT('',(-23.319298771,231.997154175,128.714781621));
#3532=VERTEX_POINT('',#3531);
#3533=CARTESIAN_POINT('',(-23.151498559,231.856353079,124.12));
#3534=DIRECTION('',(-0.64278761,-0.766044443,0.));
#3535=DIRECTION('',(0.766044443,-0.64278761,0.));
#3536=AXIS2_PLACEMENT_3D('',#3533,#3534,#3535);
#3537=CIRCLE('',#3536,4.6);
#3538=EDGE_CURVE('',#3524,#3532,#3537,.T.);
#3539=ORIENTED_EDGE('',*,*,#3538,.T.);
#3540=CARTESIAN_POINT('',(-23.611125225,232.242025645,128.315235393));
#3541=VERTEX_POINT('',#3540);
#3542=CARTESIAN_POINT('',(-23.304707448,231.984910601,128.315235393));
#3543=DIRECTION('',(-0.64278761,-0.766044443,0.));
#3544=DIRECTION('',(0.766044443,-0.64278761,0.));
#3545=AXIS2_PLACEMENT_3D('',#3542,#3543,#3544);
#3546=CIRCLE('',#3545,0.4);
#3547=EDGE_CURVE('',#3532,#3541,#3546,.T.);
#3548=ORIENTED_EDGE('',*,*,#3547,.T.);
#3549=CARTESIAN_POINT('',(-23.611125225,232.242025645,128.315235393));
#3550=DIRECTION('',(0.,0.,-1.));
#3551=VECTOR('',#3550,14.124167581);
#3552=LINE('',#3549,#3551);
#3553=EDGE_CURVE('',#3541,#3514,#3552,.T.);
#3554=ORIENTED_EDGE('',*,*,#3553,.T.);
#3555=EDGE_LOOP('',(#3522,#3530,#3539,#3548,#3554));
#3556=FACE_BOUND('',#3555,.T.);
#3557=ADVANCED_FACE('',(#3556),#3512,.T.);
#3558=CARTESIAN_POINT('',(-11.947763836,246.764168004,99.12));
#3559=DIRECTION('',(-0.766044443,0.64278761,0.));
#3560=DIRECTION('',(0.,0.,1.));
#3561=AXIS2_PLACEMENT_3D('',#3558,#3559,#3560);
#3562=PLANE('',#3561);
#3563=CARTESIAN_POINT('',(-21.61179352,235.247025916,122.711371046));
#3564=VERTEX_POINT('',#3563);
#3565=CARTESIAN_POINT('',(-19.844127593,237.353648134,122.711371046));
#3566=DIRECTION('',(0.766044443,-0.64278761,-0.));
#3567=DIRECTION('',(-0.64278761,-0.766044443,0.));
#3568=AXIS2_PLACEMENT_3D('',#3565,#3566,#3567);
#3569=CIRCLE('',#3568,2.75);
#3570=EDGE_CURVE('',#3564,#3564,#3569,.T.);
#3571=ORIENTED_EDGE('',*,*,#3570,.T.);
#3572=EDGE_LOOP('',(#3571));
#3573=FACE_BOUND('',#3572,.T.);
#3574=CARTESIAN_POINT('',(-22.794394551,233.837656891,110.938376618));
#3575=VERTEX_POINT('',#3574);
#3576=CARTESIAN_POINT('',(-23.660427958,232.805558466,114.191067812));
#3577=VERTEX_POINT('',#3576);
#3578=CARTESIAN_POINT('',(-20.703604953,236.329362904,114.191067812));
#3579=DIRECTION('',(-0.766044443,0.64278761,0.));
#3580=DIRECTION('',(-0.64278761,-0.766044443,0.));
#3581=AXIS2_PLACEMENT_3D('',#3578,#3579,#3580);
#3582=CIRCLE('',#3581,4.6);
#3583=EDGE_CURVE('',#3575,#3577,#3582,.T.);
#3584=ORIENTED_EDGE('',*,*,#3583,.T.);
#3585=CARTESIAN_POINT('',(-23.660427958,232.805558466,128.315235393));
#3586=VERTEX_POINT('',#3585);
#3587=CARTESIAN_POINT('',(-23.660427958,232.805558466,114.191067812));
#3588=DIRECTION('',(0.,0.,1.));
#3589=VECTOR('',#3588,14.124167581);
#3590=LINE('',#3587,#3589);
#3591=EDGE_CURVE('',#3577,#3586,#3590,.T.);
#3592=ORIENTED_EDGE('',*,*,#3591,.T.);
#3593=CARTESIAN_POINT('',(-15.335423424,242.726912518,128.315235393));
#3594=VERTEX_POINT('',#3593);
#3595=CARTESIAN_POINT('',(-23.660427958,232.805558466,128.315235393));
#3596=DIRECTION('',(0.64278761,0.766044443,-0.));
#3597=VECTOR('',#3596,12.951407905);
#3598=LINE('',#3595,#3597);
#3599=EDGE_CURVE('',#3586,#3594,#3598,.T.);
#3600=ORIENTED_EDGE('',*,*,#3599,.T.);
#3601=CARTESIAN_POINT('',(-15.335423424,242.72691252,99.419999999));
#3602=VERTEX_POINT('',#3601);
#3603=CARTESIAN_POINT('',(-15.335423424,242.726912518,99.419999999));
#3604=DIRECTION('',(-0.,-0.,1.));
#3605=VECTOR('',#3604,28.895235394);
#3606=LINE('',#3603,#3605);
#3607=EDGE_CURVE('',#3602,#3594,#3606,.T.);
#3608=ORIENTED_EDGE('',*,*,#3607,.F.);
#3609=CARTESIAN_POINT('',(-15.335423424,242.726912521,99.419999999));
#3610=CARTESIAN_POINT('',(-15.264815086,242.811060263,99.319897436));
#3611=CARTESIAN_POINT('',(-15.194150394,242.895275163,99.219895415));
#3612=CARTESIAN_POINT('',(-15.123425951,242.979561272,99.12));
#3613=B_SPLINE_CURVE_WITH_KNOTS('',3,(#3609,#3610,#3611,#3612),.UNSPECIFIED.,.F.,.F.,(4,4),(0.019921353,0.020367099),.UNSPECIFIED.);
#3614=EDGE_CURVE('',#3602,#197,#3613,.T.);
#3615=ORIENTED_EDGE('',*,*,#3614,.T.);
#3616=ORIENTED_EDGE('',*,*,#202,.T.);
#3617=CARTESIAN_POINT('',(-15.197688491,242.891058623,99.12));
#3618=DIRECTION('',(-0.454519478,-0.54167522,0.707106781));
#3619=VECTOR('',#3618,16.713708499);
#3620=LINE('',#3617,#3619);
#3621=EDGE_CURVE('',#189,#3575,#3620,.T.);
#3622=ORIENTED_EDGE('',*,*,#3621,.T.);
#3623=EDGE_LOOP('',(#3584,#3592,#3600,#3608,#3615,#3616,#3622));
#3624=FACE_BOUND('',#3623,.T.);
#3625=ADVANCED_FACE('',(#3573,#3624),#3562,.T.);
#3626=CARTESIAN_POINT('',(-16.28193606,226.028313667,99.12));
#3627=DIRECTION('',(0.64278761,0.766044443,0.));
#3628=DIRECTION('',(0.,0.,1.));
#3629=AXIS2_PLACEMENT_3D('',#3626,#3627,#3628);
#3630=PLANE('',#3629);
#3631=CARTESIAN_POINT('',(-13.983803716,224.099951663,128.637157288));
#3632=VERTEX_POINT('',#3631);
#3633=CARTESIAN_POINT('',(-17.444145973,227.003523576,124.12));
#3634=VERTEX_POINT('',#3633);
#3635=CARTESIAN_POINT('',(-13.983802735,224.09995084,124.12));
#3636=DIRECTION('',(-0.64278761,-0.766044443,-0.));
#3637=DIRECTION('',(-0.766044443,0.64278761,0.));
#3638=AXIS2_PLACEMENT_3D('',#3635,#3636,#3637);
#3639=CIRCLE('',#3638,4.517157288);
#3640=EDGE_CURVE('',#3632,#3634,#3639,.T.);
#3641=ORIENTED_EDGE('',*,*,#3640,.T.);
#3642=CARTESIAN_POINT('',(-17.444145973,227.003523576,114.191067812));
#3643=VERTEX_POINT('',#3642);
#3644=CARTESIAN_POINT('',(-17.444145973,227.003523576,124.12));
#3645=DIRECTION('',(-0.,-0.,-1.));
#3646=VECTOR('',#3645,9.928932188);
#3647=LINE('',#3644,#3646);
#3648=EDGE_CURVE('',#3634,#3643,#3647,.T.);
#3649=ORIENTED_EDGE('',*,*,#3648,.T.);
#3650=CARTESIAN_POINT('',(-13.587637268,223.767528542,114.191067812));
#3651=VERTEX_POINT('',#3650);
#3652=CARTESIAN_POINT('',(-17.444145973,227.003523576,114.191067812));
#3653=DIRECTION('',(0.766044443,-0.64278761,0.));
#3654=VECTOR('',#3653,5.034314576);
#3655=LINE('',#3652,#3654);
#3656=EDGE_CURVE('',#3643,#3651,#3655,.T.);
#3657=ORIENTED_EDGE('',*,*,#3656,.T.);
#3658=CARTESIAN_POINT('',(-13.587637268,223.767528542,128.12));
#3659=VERTEX_POINT('',#3658);
#3660=CARTESIAN_POINT('',(-13.587637268,223.767528542,114.191067812));
#3661=DIRECTION('',(-0.,-0.,1.));
#3662=VECTOR('',#3661,13.928932188);
#3663=LINE('',#3660,#3662);
#3664=EDGE_CURVE('',#3651,#3659,#3663,.T.);
#3665=ORIENTED_EDGE('',*,*,#3664,.T.);
#3666=CARTESIAN_POINT('',(-13.983802734,224.099950839,128.12));
#3667=DIRECTION('',(-0.64278761,-0.766044443,-0.));
#3668=DIRECTION('',(-0.766044443,0.64278761,0.));
#3669=AXIS2_PLACEMENT_3D('',#3666,#3667,#3668);
#3670=CIRCLE('',#3669,0.517157288);
#3671=EDGE_CURVE('',#3659,#3632,#3670,.T.);
#3672=ORIENTED_EDGE('',*,*,#3671,.T.);
#3673=EDGE_LOOP('',(#3641,#3649,#3657,#3665,#3672));
#3674=FACE_BOUND('',#3673,.T.);
#3675=ADVANCED_FACE('',(#3674),#3630,.F.);
#3676=CARTESIAN_POINT('',(0.39826707,233.725342399,109.12));
#3677=DIRECTION('',(0.,-0.,1.));
#3678=DIRECTION('',(0.,1.,0.));
#3679=AXIS2_PLACEMENT_3D('',#3676,#3677,#3678);
#3680=CYLINDRICAL_SURFACE('',#3679,5.);
#3681=CARTESIAN_POINT('',(-4.570697574,234.281571096,128.32));
#3682=VERTEX_POINT('',#3681);
#3683=CARTESIAN_POINT('',(-4.595019565,233.984357028,128.12));
#3684=VERTEX_POINT('',#3683);
#3685=CARTESIAN_POINT('',(-4.570697574,234.281571096,128.32));
#3686=CARTESIAN_POINT('',(-4.577711262,234.218915633,128.32));
#3687=CARTESIAN_POINT('',(-4.583495461,234.155815953,128.308621916));
#3688=CARTESIAN_POINT('',(-4.587763976,234.098831898,128.279186261));
#3689=CARTESIAN_POINT('',(-4.589898233,234.070339871,128.264468433));
#3690=CARTESIAN_POINT('',(-4.591677225,234.043030157,128.244821346));
#3691=CARTESIAN_POINT('',(-4.592960327,234.021398256,128.21824079));
#3692=CARTESIAN_POINT('',(-4.594243428,233.999766354,128.191660235));
#3693=CARTESIAN_POINT('',(-4.595019565,233.98435703,128.157069986));
#3694=CARTESIAN_POINT('',(-4.595019565,233.98435703,128.12));
#3695=B_SPLINE_CURVE_WITH_KNOTS('',3,(#3685,#3686,#3687,#3688,#3689,#3690,#3691,#3692,#3693,#3694),.UNSPECIFIED.,.F.,.F.,(4,3,3,4),(0.,0.000218077,0.000327116,0.000436154),.UNSPECIFIED.);
#3696=EDGE_CURVE('',#3682,#3684,#3695,.T.);
#3697=ORIENTED_EDGE('',*,*,#3696,.T.);
#3698=CARTESIAN_POINT('',(-4.595015587,233.984358084,110.041627462));
#3699=VERTEX_POINT('',#3698);
#3700=CARTESIAN_POINT('',(-4.595019565,233.98435703,128.12));
#3701=DIRECTION('',(-0.,-0.,-1.));
#3702=VECTOR('',#3701,18.078367276);
#3703=LINE('',#3700,#3702);
#3704=EDGE_CURVE('',#3684,#3699,#3703,.T.);
#3705=ORIENTED_EDGE('',*,*,#3704,.T.);
#3706=CARTESIAN_POINT('',(-4.510614695,234.675542283,110.12));
#3707=VERTEX_POINT('',#3706);
#3708=CARTESIAN_POINT('',(-4.510614695,234.675542282,110.12));
#3709=CARTESIAN_POINT('',(-4.555843638,234.441882461,110.12));
#3710=CARTESIAN_POINT('',(-4.583237178,234.211497999,110.093402158));
#3711=CARTESIAN_POINT('',(-4.595019565,233.984357025,110.041632724));
#3712=B_SPLINE_CURVE_WITH_KNOTS('',3,(#3708,#3709,#3710,#3711),.UNSPECIFIED.,.F.,.F.,(4,4),(0.00679532,0.007356129),.UNSPECIFIED.);
#3713=EDGE_CURVE('',#3707,#3699,#3712,.T.);
#3714=ORIENTED_EDGE('',*,*,#3713,.F.);
#3715=CARTESIAN_POINT('',(0.39826707,233.725342399,110.12));
#3716=DIRECTION('',(0.,0.,1.));
#3717=DIRECTION('',(1.,0.,-0.));
#3718=AXIS2_PLACEMENT_3D('',#3715,#3716,#3717);
#3719=CIRCLE('',#3718,5.);
#3720=EDGE_CURVE('',#2836,#3707,#3719,.T.);
#3721=ORIENTED_EDGE('',*,*,#3720,.F.);
#3722=ORIENTED_EDGE('',*,*,#2841,.T.);
#3723=CARTESIAN_POINT('',(-1.012362919,238.522229206,128.32));
#3724=VERTEX_POINT('',#3723);
#3725=CARTESIAN_POINT('',(0.39826707,233.725342399,128.32));
#3726=DIRECTION('',(0.,0.,1.));
#3727=DIRECTION('',(1.,0.,-0.));
#3728=AXIS2_PLACEMENT_3D('',#3725,#3726,#3727);
#3729=CIRCLE('',#3728,5.);
#3730=EDGE_CURVE('',#2828,#3724,#3729,.T.);
#3731=ORIENTED_EDGE('',*,*,#3730,.T.);
#3732=CARTESIAN_POINT('',(-1.012362919,238.522229206,128.32));
#3733=CARTESIAN_POINT('',(-1.486373989,238.382835833,128.32));
#3734=CARTESIAN_POINT('',(-1.926229581,238.178916537,128.286354407));
#3735=CARTESIAN_POINT('',(-2.334435915,237.912505448,128.2577944));
#3736=CARTESIAN_POINT('',(-2.538539082,237.779299903,128.243514396));
#3737=CARTESIAN_POINT('',(-2.735848067,237.628808506,128.230108937));
#3738=CARTESIAN_POINT('',(-2.918715559,237.466682565,128.220906117));
#3739=CARTESIAN_POINT('',(-3.10158305,237.304556625,128.211703297));
#3740=CARTESIAN_POINT('',(-3.271342901,237.130234636,128.206586669));
#3741=CARTESIAN_POINT('',(-3.428131237,236.943832107,128.206506947));
#3742=CARTESIAN_POINT('',(-3.506525404,236.850630842,128.206467086));
#3743=CARTESIAN_POINT('',(-3.581663646,236.754397476,128.207660872));
#3744=CARTESIAN_POINT('',(-3.653482509,236.655073674,128.210051154));
#3745=CARTESIAN_POINT('',(-3.725301373,236.555749872,128.212441437));
#3746=CARTESIAN_POINT('',(-3.794056758,236.452889205,128.216119241));
#3747=CARTESIAN_POINT('',(-3.858499829,236.348305527,128.220707103));
#3748=CARTESIAN_POINT('',(-3.987385971,236.139138171,128.229882827));
#3749=CARTESIAN_POINT('',(-4.099564264,235.922764393,128.242943823));
#3750=CARTESIAN_POINT('',(-4.195581318,235.699312253,128.257165504));
#3751=CARTESIAN_POINT('',(-4.291598372,235.475860112,128.271387184));
#3752=CARTESIAN_POINT('',(-4.3714592,235.245329276,128.286731251));
#3753=CARTESIAN_POINT('',(-4.43460026,235.007291448,128.298935883));
#3754=CARTESIAN_POINT('',(-4.49774132,234.769253621,128.311140514));
#3755=CARTESIAN_POINT('',(-4.543233744,234.526914061,128.32));
#3756=CARTESIAN_POINT('',(-4.570697574,234.281571096,128.32));
#3757=B_SPLINE_CURVE_WITH_KNOTS('',3,(#3732,#3733,#3734,#3735,#3736,#3737,#3738,#3739,#3740,#3741,#3742,#3743,#3744,#3745,#3746,#3747,#3748,#3749,#3750,#3751,#3752,#3753,#3754,#3755,#3756),.UNSPECIFIED.,.F.,.F.,(4,3,3,3,3,3,3,3,4),(0.,0.001688691,0.002533036,0.003377382,0.003799554,0.004221727,0.005066072,0.005910418,0.006754763),.UNSPECIFIED.);
#3758=EDGE_CURVE('',#3724,#3682,#3757,.T.);
#3759=ORIENTED_EDGE('',*,*,#3758,.T.);
#3760=EDGE_LOOP('',(#3697,#3705,#3714,#3721,#3722,#3731,#3759));
#3761=FACE_BOUND('',#3760,.T.);
#3762=ADVANCED_FACE('',(#3761),#3680,.F.);
#3763=CARTESIAN_POINT('',(0.44804901,266.478342066,109.12));
#3764=DIRECTION('',(0.,-0.,1.));
#3765=DIRECTION('',(0.,1.,0.));
#3766=AXIS2_PLACEMENT_3D('',#3763,#3764,#3765);
#3767=CYLINDRICAL_SURFACE('',#3766,5.);
#3768=CARTESIAN_POINT('',(-4.429694842,265.379426732,110.12));
#3769=VERTEX_POINT('',#3768);
#3770=CARTESIAN_POINT('',(-4.429694841,265.379426732,128.12));
#3771=DIRECTION('',(-0.,-0.,-1.));
#3772=VECTOR('',#3771,18.);
#3773=LINE('',#3770,#3772);
#3774=EDGE_CURVE('',#1443,#3769,#3773,.T.);
#3775=ORIENTED_EDGE('',*,*,#3774,.F.);
#3776=CARTESIAN_POINT('',(0.44804901,266.478342066,128.12));
#3777=DIRECTION('',(0.,0.,1.));
#3778=DIRECTION('',(1.,0.,-0.));
#3779=AXIS2_PLACEMENT_3D('',#3776,#3777,#3778);
#3780=CIRCLE('',#3779,5.);
#3781=EDGE_CURVE('',#1443,#2901,#3780,.T.);
#3782=ORIENTED_EDGE('',*,*,#3781,.T.);
#3783=ORIENTED_EDGE('',*,*,#2939,.T.);
#3784=CARTESIAN_POINT('',(0.44804901,266.478342066,110.12));
#3785=DIRECTION('',(0.,0.,1.));
#3786=DIRECTION('',(1.,0.,-0.));
#3787=AXIS2_PLACEMENT_3D('',#3784,#3785,#3786);
#3788=CIRCLE('',#3787,5.);
#3789=EDGE_CURVE('',#3769,#2928,#3788,.T.);
#3790=ORIENTED_EDGE('',*,*,#3789,.F.);
#3791=EDGE_LOOP('',(#3775,#3782,#3783,#3790));
#3792=FACE_BOUND('',#3791,.T.);
#3793=ADVANCED_FACE('',(#3792),#3767,.F.);
#3794=CARTESIAN_POINT('',(-108.175645468,262.478342066,110.12));
#3795=DIRECTION('',(-1.,0.,0.));
#3796=DIRECTION('',(0.,0.,1.));
#3797=AXIS2_PLACEMENT_3D('',#3794,#3795,#3796);
#3798=CYLINDRICAL_SURFACE('',#3797,1.);
#3799=ORIENTED_EDGE('',*,*,#2874,.T.);
#3800=CARTESIAN_POINT('',(0.44804901,262.478342066,110.12));
#3801=DIRECTION('',(-1.,0.,0.));
#3802=DIRECTION('',(0.,0.,1.));
#3803=AXIS2_PLACEMENT_3D('',#3800,#3801,#3802);
#3804=CIRCLE('',#3803,1.);
#3805=EDGE_CURVE('',#2858,#2928,#3804,.T.);
#3806=ORIENTED_EDGE('',*,*,#3805,.T.);
#3807=ORIENTED_EDGE('',*,*,#2933,.T.);
#3808=CARTESIAN_POINT('',(10.116572705,262.478342066,109.12));
#3809=CARTESIAN_POINT('',(10.367223453,262.375805531,109.12));
#3810=CARTESIAN_POINT('',(10.608529402,262.270732406,109.135322178));
#3811=CARTESIAN_POINT('',(10.840126926,262.163791338,109.170759335));
#3812=CARTESIAN_POINT('',(10.955925688,262.110320804,109.188477914));
#3813=CARTESIAN_POINT('',(11.068825807,262.056589497,109.211329026));
#3814=CARTESIAN_POINT('',(11.176142584,262.004074438,109.239619277));
#3815=CARTESIAN_POINT('',(11.283459361,261.95155938,109.267909529));
#3816=CARTESIAN_POINT('',(11.385919271,261.899929092,109.301705935));
#3817=CARTESIAN_POINT('',(11.483074958,261.849727208,109.342283239));
#3818=CARTESIAN_POINT('',(11.677386333,261.749323442,109.423437847));
#3819=CARTESIAN_POINT('',(11.846732969,261.6562309,109.531236211));
#3820=CARTESIAN_POINT('',(11.967584413,261.587940118,109.664824901));
#3821=CARTESIAN_POINT('',(12.028010136,261.553794727,109.731619246));
#3822=CARTESIAN_POINT('',(12.0760236,261.52608125,109.804539635));
#3823=CARTESIAN_POINT('',(12.108640062,261.507144764,109.88172327));
#3824=CARTESIAN_POINT('',(12.141256524,261.488208278,109.958906905));
#3825=CARTESIAN_POINT('',(12.158008397,261.478342066,110.038278434));
#3826=CARTESIAN_POINT('',(12.158008397,261.478342066,110.12));
#3827=B_SPLINE_CURVE_WITH_KNOTS('',3,(#3808,#3809,#3810,#3811,#3812,#3813,#3814,#3815,#3816,#3817,#3818,#3819,#3820,#3821,#3822,#3823,#3824,#3825,#3826),.UNSPECIFIED.,.F.,.F.,(4,3,3,3,3,3,4),(0.,0.00096488,0.00144732,0.00192976,0.002894641,0.003377081,0.003859521),.UNSPECIFIED.);
#3828=EDGE_CURVE('',#2869,#2920,#3827,.T.);
#3829=ORIENTED_EDGE('',*,*,#3828,.F.);
#3830=EDGE_LOOP('',(#3799,#3806,#3807,#3829));
#3831=FACE_BOUND('',#3830,.T.);
#3832=ADVANCED_FACE('',(#3831),#3798,.F.);
#3833=CARTESIAN_POINT('',(0.44804901,266.478342066,110.12));
#3834=DIRECTION('',(0.,-0.,1.));
#3835=DIRECTION('',(0.,1.,0.));
#3836=AXIS2_PLACEMENT_3D('',#3833,#3834,#3835);
#3837=TOROIDAL_SURFACE('',#3836,4.,1.);
#3838=ORIENTED_EDGE('',*,*,#3789,.T.);
#3839=ORIENTED_EDGE('',*,*,#3805,.F.);
#3840=ORIENTED_EDGE('',*,*,#2866,.T.);
#3841=CARTESIAN_POINT('',(-4.429694842,265.379426732,110.12));
#3842=CARTESIAN_POINT('',(-4.429694842,265.379426732,109.987756162));
#3843=CARTESIAN_POINT('',(-4.404957275,265.390743199,109.856373837));
#3844=CARTESIAN_POINT('',(-4.358278521,265.411108552,109.736137503));
#3845=CARTESIAN_POINT('',(-4.311599768,265.431473906,109.61590117));
#3846=CARTESIAN_POINT('',(-4.241823141,265.461318024,109.504533213));
#3847=CARTESIAN_POINT('',(-4.154930054,265.495713952,109.412481301));
#3848=CARTESIAN_POINT('',(-4.11148351,265.512911916,109.366455345));
#3849=CARTESIAN_POINT('',(-4.06289501,265.531556513,109.324321358));
#3850=CARTESIAN_POINT('',(-4.011370579,265.550455424,109.288103641));
#3851=CARTESIAN_POINT('',(-3.959846147,265.569354335,109.251885925));
#3852=CARTESIAN_POINT('',(-3.905228064,265.588579496,109.221223947));
#3853=CARTESIAN_POINT('',(-3.847413389,265.607815336,109.196163001));
#3854=CARTESIAN_POINT('',(-3.789598713,265.627051177,109.171102055));
#3855=CARTESIAN_POINT('',(-3.728703476,265.646223576,109.151884023));
#3856=CARTESIAN_POINT('',(-3.667154277,265.664288416,109.139186248));
#3857=CARTESIAN_POINT('',(-3.605605077,265.682353256,109.126488474));
#3858=CARTESIAN_POINT('',(-3.542768796,265.699529659,109.12));
#3859=CARTESIAN_POINT('',(-3.478546198,265.715551091,109.12));
#3860=B_SPLINE_CURVE_WITH_KNOTS('',3,(#3841,#3842,#3843,#3844,#3845,#3846,#3847,#3848,#3849,#3850,#3851,#3852,#3853,#3854,#3855,#3856,#3857,#3858,#3859),.UNSPECIFIED.,.F.,.F.,(4,3,3,3,3,3,4),(0.,0.000782142,0.001564283,0.001955354,0.002346425,0.002737495,0.003128566),.UNSPECIFIED.);
#3861=EDGE_CURVE('',#3769,#2860,#3860,.T.);
#3862=ORIENTED_EDGE('',*,*,#3861,.F.);
#3863=EDGE_LOOP('',(#3838,#3839,#3840,#3862));
#3864=FACE_BOUND('',#3863,.T.);
#3865=ADVANCED_FACE('',(#3864),#3837,.F.);
#3866=CARTESIAN_POINT('',(-0.015089493,250.094908733,108.12));
#3867=DIRECTION('',(0.,-0.,1.));
#3868=DIRECTION('',(0.,1.,0.));
#3869=AXIS2_PLACEMENT_3D('',#3866,#3867,#3868);
#3870=TOROIDAL_SURFACE('',#3869,16.,1.);
#3871=ORIENTED_EDGE('',*,*,#2801,.T.);
#3872=CARTESIAN_POINT('',(-3.472542646,233.913675384,108.957466345));
#3873=CARTESIAN_POINT('',(-3.502033772,234.001288324,109.009354953));
#3874=CARTESIAN_POINT('',(-3.524548719,234.095068367,109.049984013));
#3875=CARTESIAN_POINT('',(-3.535279875,234.19258299,109.077844673));
#3876=CARTESIAN_POINT('',(-3.546011031,234.290097613,109.105705332));
#3877=CARTESIAN_POINT('',(-3.544698747,234.387871997,109.12));
#3878=CARTESIAN_POINT('',(-3.528838342,234.485502306,109.12));
#3879=B_SPLINE_CURVE_WITH_KNOTS('',3,(#3872,#3873,#3874,#3875,#3876,#3877,#3878),.UNSPECIFIED.,.F.,.F.,(4,3,4),(0.00679532,0.007377197,0.007959073),.UNSPECIFIED.);
#3880=EDGE_CURVE('',#698,#2784,#3879,.T.);
#3881=ORIENTED_EDGE('',*,*,#3880,.F.);
#3882=CARTESIAN_POINT('',(-4.007228422,233.570295976,108.12));
#3883=CARTESIAN_POINT('',(-4.007228422,233.570295976,108.205225075));
#3884=CARTESIAN_POINT('',(-3.994401691,233.578714148,108.291516317));
#3885=CARTESIAN_POINT('',(-3.969771782,233.594809112,108.373237915));
#3886=CARTESIAN_POINT('',(-3.945141873,233.610904075,108.454959512));
#3887=CARTESIAN_POINT('',(-3.908173867,233.635021443,108.534266415));
#3888=CARTESIAN_POINT('',(-3.860851033,233.665690431,108.607138052));
#3889=CARTESIAN_POINT('',(-3.766205365,233.727028408,108.752881326));
#3890=CARTESIAN_POINT('',(-3.631188431,233.813835179,108.872107208));
#3891=CARTESIAN_POINT('',(-3.47262103,233.913626054,108.957424174));
#3892=B_SPLINE_CURVE_WITH_KNOTS('',3,(#3882,#3883,#3884,#3885,#3886,#3887,#3888,#3889,#3890,#3891),.UNSPECIFIED.,.F.,.F.,(4,3,3,4),(0.005873158,0.006384249,0.006895339,0.00791752),.UNSPECIFIED.);
#3893=EDGE_CURVE('',#2375,#698,#3892,.T.);
#3894=ORIENTED_EDGE('',*,*,#3893,.F.);
#3895=ORIENTED_EDGE('',*,*,#2381,.T.);
#3896=CARTESIAN_POINT('',(10.13349803,237.725342399,109.12));
#3897=CARTESIAN_POINT('',(10.216525967,237.624144121,109.12));
#3898=CARTESIAN_POINT('',(10.299521237,237.52298566,109.093972677));
#3899=CARTESIAN_POINT('',(10.376229049,237.429490643,109.043879533));
#3900=CARTESIAN_POINT('',(10.452936861,237.335995625,108.993786388));
#3901=CARTESIAN_POINT('',(10.523296853,237.250237623,108.919666843));
#3902=CARTESIAN_POINT('',(10.582006471,237.178679634,108.827106781));
#3903=CARTESIAN_POINT('',(10.640716088,237.107121646,108.73454672));
#3904=CARTESIAN_POINT('',(10.687729132,237.049819981,108.623618981));
#3905=CARTESIAN_POINT('',(10.719502548,237.011093076,108.502683433));
#3906=CARTESIAN_POINT('',(10.751275964,236.972366172,108.381747885));
#3907=CARTESIAN_POINT('',(10.76778475,236.952244503,108.250899694));
#3908=CARTESIAN_POINT('',(10.76778475,236.952244503,108.12));
#3909=B_SPLINE_CURVE_WITH_KNOTS('',3,(#3896,#3897,#3898,#3899,#3900,#3901,#3902,#3903,#3904,#3905,#3906,#3907,#3908),.UNSPECIFIED.,.F.,.F.,(4,3,3,3,4),(90.,112.5,135.,157.5,180.),.UNSPECIFIED.);
#3910=EDGE_CURVE('',#2795,#2348,#3909,.T.);
#3911=ORIENTED_EDGE('',*,*,#3910,.F.);
#3912=EDGE_LOOP('',(#3871,#3881,#3894,#3895,#3911));
#3913=FACE_BOUND('',#3912,.T.);
#3914=ADVANCED_FACE('',(#3913),#3870,.T.);
#3915=CARTESIAN_POINT('',(-4.880726569,233.367725434,108.119999985));
#3916=CARTESIAN_POINT('',(-4.855713318,233.388491614,108.119999982));
#3917=CARTESIAN_POINT('',(-4.829689974,233.408040741,108.11999998));
#3918=CARTESIAN_POINT('',(-4.726199575,233.478121612,108.119999974));
#3919=CARTESIAN_POINT('',(-4.642397244,233.519279568,108.119999973));
#3920=CARTESIAN_POINT('',(-4.466707351,233.577075425,108.119999973));
#3921=CARTESIAN_POINT('',(-4.374837071,233.593707641,108.119999976));
#3922=CARTESIAN_POINT('',(-4.190036034,233.601175108,108.119999986));
#3923=CARTESIAN_POINT('',(-4.097123456,233.592009625,108.119999992));
#3924=CARTESIAN_POINT('',(-4.007233564,233.570293595,108.119999997));
#3925=CARTESIAN_POINT('',(-4.880724004,233.367728445,108.136941075));
#3926=CARTESIAN_POINT('',(-4.855710785,233.388494569,108.136604967));
#3927=CARTESIAN_POINT('',(-4.82968747,233.408043639,108.136271832));
#3928=CARTESIAN_POINT('',(-4.726197169,233.478124286,108.135008696));
#3929=CARTESIAN_POINT('',(-4.642394887,233.519282068,108.13411136));
#3930=CARTESIAN_POINT('',(-4.466705045,233.577077584,108.132459459));
#3931=CARTESIAN_POINT('',(-4.374834768,233.593709632,108.131705055));
#3932=CARTESIAN_POINT('',(-4.190033701,233.6011768,108.130396741));
#3933=CARTESIAN_POINT('',(-4.097121092,233.592011185,108.12984296));
#3934=CARTESIAN_POINT('',(-4.007231158,233.570295059,108.129410622));
#3935=CARTESIAN_POINT('',(-4.880543095,233.367941357,108.153902682));
#3936=CARTESIAN_POINT('',(-4.855531786,233.388704241,108.153230059));
#3937=CARTESIAN_POINT('',(-4.829510253,233.408249967,108.152563388));
#3938=CARTESIAN_POINT('',(-4.726026327,233.478317379,108.150035591));
#3939=CARTESIAN_POINT('',(-4.642227754,233.519464567,108.148239834));
#3940=CARTESIAN_POINT('',(-4.466543705,233.577237779,108.144934028));
#3941=CARTESIAN_POINT('',(-4.374675515,233.593858117,108.143424303));
#3942=CARTESIAN_POINT('',(-4.189877585,233.601301525,108.140806085));
#3943=CARTESIAN_POINT('',(-4.096966027,233.592123861,108.139697848));
#3944=CARTESIAN_POINT('',(-4.007076964,233.57039602,108.138832645));
#3945=CARTESIAN_POINT('',(-4.878835229,233.369951404,108.234607282));
#3946=CARTESIAN_POINT('',(-4.853841919,233.390683765,108.232333145));
#3947=CARTESIAN_POINT('',(-4.827837192,233.410197996,108.230079147));
#3948=CARTESIAN_POINT('',(-4.724413382,233.480140717,108.221532799));
#3949=CARTESIAN_POINT('',(-4.640649851,233.521188061,108.215461612));
#3950=CARTESIAN_POINT('',(-4.465020705,233.578750894,108.204285834));
#3951=CARTESIAN_POINT('',(-4.373172405,233.595260707,108.199182344));
#3952=CARTESIAN_POINT('',(-4.188404592,233.602479541,108.190332733));
#3953=CARTESIAN_POINT('',(-4.095503295,233.593187851,108.186587484));
#3954=CARTESIAN_POINT('',(-4.00562283,233.571348932,108.183664371));
#3955=CARTESIAN_POINT('',(-4.874892294,233.374591799,108.299029728));
#3956=CARTESIAN_POINT('',(-4.849940518,233.395253699,108.295476101));
#3957=CARTESIAN_POINT('',(-4.823974573,233.414695218,108.291953987));
#3958=CARTESIAN_POINT('',(-4.720689501,233.484350083,108.278599667));
#3959=CARTESIAN_POINT('',(-4.637006871,233.525166934,108.269113545));
#3960=CARTESIAN_POINT('',(-4.461504552,233.582244066,108.251653794));
#3961=CARTESIAN_POINT('',(-4.369702245,233.598498692,108.24368189));
#3962=CARTESIAN_POINT('',(-4.185004168,233.60519896,108.229861847));
#3963=CARTESIAN_POINT('',(-4.09212669,233.595643936,108.224015073));
#3964=CARTESIAN_POINT('',(-4.002266224,233.573548442,108.219454446));
#3965=CARTESIAN_POINT('',(-4.862039866,233.389717653,108.425405168));
#3966=CARTESIAN_POINT('',(-4.837223734,233.410149414,108.419331526));
#3967=CARTESIAN_POINT('',(-4.8113844,233.429353465,108.413312187));
#3968=CARTESIAN_POINT('',(-4.708552062,233.49806831,108.390492131));
#3969=CARTESIAN_POINT('',(-4.62513295,233.538132679,108.374287811));
#3970=CARTESIAN_POINT('',(-4.450042445,233.593625395,108.344484681));
#3971=CARTESIAN_POINT('',(-4.358388656,233.609048161,108.330888864));
#3972=CARTESIAN_POINT('',(-4.173914019,233.614060076,108.307353707));
#3973=CARTESIAN_POINT('',(-4.08111172,233.60364872,108.297416729));
#3974=CARTESIAN_POINT('',(-3.991313613,233.580720409,108.289692235));
#3975=CARTESIAN_POINT('',(-4.853162866,233.400165339,108.487561326));
#3976=CARTESIAN_POINT('',(-4.828440523,233.420438049,108.480243183));
#3977=CARTESIAN_POINT('',(-4.802688715,233.439477983,108.47299079));
#3978=CARTESIAN_POINT('',(-4.700169269,233.50754319,108.445497993));
#3979=CARTESIAN_POINT('',(-4.616932097,233.547087562,108.425979736));
#3980=CARTESIAN_POINT('',(-4.442125445,233.601485695,108.39009745));
#3981=CARTESIAN_POINT('',(-4.350573727,233.616333927,108.373737059));
#3982=CARTESIAN_POINT('',(-4.166252035,233.620180338,108.345441336));
#3983=CARTESIAN_POINT('',(-4.073500789,233.609178126,108.333508874));
#3984=CARTESIAN_POINT('',(-3.983744762,233.585675633,108.324252609));
#3985=CARTESIAN_POINT('',(-4.830665075,233.426640148,108.609836009));
#3986=CARTESIAN_POINT('',(-4.806180936,233.446508203,108.600052139));
#3987=CARTESIAN_POINT('',(-4.780651335,233.465130646,108.590357372));
#3988=CARTESIAN_POINT('',(-4.678925775,233.531543634,108.553613037));
#3989=CARTESIAN_POINT('',(-4.596149163,233.569766273,108.52754216));
#3990=CARTESIAN_POINT('',(-4.42205801,233.621385966,108.479672612));
#3991=CARTESIAN_POINT('',(-4.330761627,233.634777633,108.457878926));
#3992=CARTESIAN_POINT('',(-4.146818285,233.635675313,108.42027939));
#3993=CARTESIAN_POINT('',(-4.054190511,233.62318123,108.404477456));
#3994=CARTESIAN_POINT('',(-3.964534279,233.598233348,108.392291727));
#3995=CARTESIAN_POINT('',(-4.817043702,233.442667884,108.66995445));
#3996=CARTESIAN_POINT('',(-4.792703981,233.462290317,108.658949383));
#3997=CARTESIAN_POINT('',(-4.767309066,233.480659369,108.648045324));
#3998=CARTESIAN_POINT('',(-4.666064518,233.546069712,108.606722291));
#3999=CARTESIAN_POINT('',(-4.58356655,233.583490566,108.577412789));
#4000=CARTESIAN_POINT('',(-4.409907098,233.633426302,108.523635194));
#4001=CARTESIAN_POINT('',(-4.318764014,233.645935888,108.499172787));
#4002=CARTESIAN_POINT('',(-4.135046153,233.64505023,108.457029932));
#4003=CARTESIAN_POINT('',(-4.042490842,233.631655076,108.43935394));
#4004=CARTESIAN_POINT('',(-3.952892367,233.605835925,108.425770407));
#4005=CARTESIAN_POINT('',(-4.785067299,233.480291205,108.788116687));
#4006=CARTESIAN_POINT('',(-4.761067861,233.499334451,108.774685954));
#4007=CARTESIAN_POINT('',(-4.735990079,233.517106069,108.761380834));
#4008=CARTESIAN_POINT('',(-4.63587706,233.580153007,108.710972495));
#4009=CARTESIAN_POINT('',(-4.554032138,233.615685136,108.675249129));
#4010=CARTESIAN_POINT('',(-4.381377777,233.661660777,108.60981854));
#4011=CARTESIAN_POINT('',(-4.290587319,233.672099232,108.580118498));
#4012=CARTESIAN_POINT('',(-4.107378901,233.667037479,108.529134696));
#4013=CARTESIAN_POINT('',(-4.014981081,233.651537822,108.507856531));
#4014=CARTESIAN_POINT('',(-3.925503752,233.623692038,108.491646758));
#4015=CARTESIAN_POINT('',(-4.766634604,233.501977252,108.846294257));
#4016=CARTESIAN_POINT('',(-4.742831824,233.520685421,108.831656093));
#4017=CARTESIAN_POINT('',(-4.717937233,233.538111442,108.817156283));
#4018=CARTESIAN_POINT('',(-4.618477404,233.599791505,108.762230333));
#4019=CARTESIAN_POINT('',(-4.537008468,233.634231865,108.723324068));
#4020=CARTESIAN_POINT('',(-4.364930003,233.677921419,108.652135015));
#4021=CARTESIAN_POINT('',(-4.274339793,233.687165701,108.619860203));
#4022=CARTESIAN_POINT('',(-4.091416726,233.679701068,108.564569524));
#4023=CARTESIAN_POINT('',(-3.999104405,233.662992984,108.541559852));
#4024=CARTESIAN_POINT('',(-3.909690837,233.633987147,108.524119686));
#4025=CARTESIAN_POINT('',(-4.70532966,233.574093513,109.014331182));
#4026=CARTESIAN_POINT('',(-4.682183884,233.591680515,108.996155672));
#4027=CARTESIAN_POINT('',(-4.657900818,233.607950384,108.978157702));
#4028=CARTESIAN_POINT('',(-4.560618969,233.665059294,108.910014896));
#4029=CARTESIAN_POINT('',(-4.48039809,233.695851777,108.861820698));
#4030=CARTESIAN_POINT('',(-4.310215535,233.731919959,108.773919981));
#4031=CARTESIAN_POINT('',(-4.220274331,233.737191294,108.734223973));
#4032=CARTESIAN_POINT('',(-4.03825358,233.721760337,108.666668284));
#4033=CARTESIAN_POINT('',(-3.946195924,233.701059872,108.638816683));
#4034=CARTESIAN_POINT('',(-3.856960453,233.66824198,108.618058922));
#4035=CARTESIAN_POINT('',(-4.655687981,233.632479492,109.119645136));
#4036=CARTESIAN_POINT('',(-4.633077725,233.649150637,109.099182559));
#4037=CARTESIAN_POINT('',(-4.609292512,233.664476309,109.078925432));
#4038=CARTESIAN_POINT('',(-4.51378079,233.717853907,109.002262389));
#4039=CARTESIAN_POINT('',(-4.434567439,233.745672497,108.948114029));
#4040=CARTESIAN_POINT('',(-4.265896328,233.775547552,108.849627912));
#4041=CARTESIAN_POINT('',(-4.176460001,233.777600164,108.805302584));
#4042=CARTESIAN_POINT('',(-3.995113186,233.75574858,108.730305386));
#4043=CARTESIAN_POINT('',(-3.903225734,233.7318471,108.699642988));
#4044=CARTESIAN_POINT('',(-3.81409325,233.6959976,108.67713819));
#4045=CARTESIAN_POINT('',(-4.544387633,233.763332053,109.309125543));
#4046=CARTESIAN_POINT('',(-4.522994625,233.777911843,109.284364145));
#4047=CARTESIAN_POINT('',(-4.500338459,233.791082706,109.259867338));
#4048=CARTESIAN_POINT('',(-4.408827908,233.835953886,109.167254638));
#4049=CARTESIAN_POINT('',(-4.331861961,233.857011557,109.102047006));
#4050=CARTESIAN_POINT('',(-4.166477365,233.872901912,108.984230135));
#4051=CARTESIAN_POINT('',(-4.078082453,233.86773226,108.931637715));
#4052=CARTESIAN_POINT('',(-3.897997885,233.831627883,108.843898523));
#4053=CARTESIAN_POINT('',(-3.806334065,233.800698277,108.808764283));
#4054=CARTESIAN_POINT('',(-3.717253344,233.75830525,108.783973963));
#4055=CARTESIAN_POINT('',(-4.482645123,233.835897875,109.394007558));
#4056=CARTESIAN_POINT('',(-4.461934556,233.849301039,109.367220994));
#4057=CARTESIAN_POINT('',(-4.439910271,233.861260109,109.340730341));
#4058=CARTESIAN_POINT('',(-4.350633329,233.901351402,109.240637505));
#4059=CARTESIAN_POINT('',(-4.274909,233.918617995,109.170288324));
#4060=CARTESIAN_POINT('',(-4.111302908,233.926707284,109.043657517));
#4061=CARTESIAN_POINT('',(-4.023446219,233.91752864,108.987395187));
#4062=CARTESIAN_POINT('',(-3.843953398,233.873579633,108.894297565));
#4063=CARTESIAN_POINT('',(-3.752344756,233.838815901,108.857476476));
#4064=CARTESIAN_POINT('',(-3.663214599,233.792903237,108.832125952));
#4065=CARTESIAN_POINT('',(-4.38152445,233.954687106,109.507289489));
#4066=CARTESIAN_POINT('',(-4.361952528,233.966117684,109.477616156));
#4067=CARTESIAN_POINT('',(-4.340979581,233.976046766,109.448289604));
#4068=CARTESIAN_POINT('',(-4.255403742,234.008141772,109.337594917));
#4069=CARTESIAN_POINT('',(-4.181701891,234.019089088,109.260040075));
#4070=CARTESIAN_POINT('',(-4.020892253,234.014287486,109.121368531));
#4071=CARTESIAN_POINT('',(-3.933811901,233.998539363,109.060275457));
#4072=CARTESIAN_POINT('',(-3.755000273,233.941918028,108.96067541));
#4073=CARTESIAN_POINT('',(-3.663299498,233.901054449,108.922185412));
#4074=CARTESIAN_POINT('',(-3.573884385,233.849677442,108.896927622));
#4075=CARTESIAN_POINT('',(-4.346207335,233.996165768,109.542833962));
#4076=CARTESIAN_POINT('',(-4.327036383,234.006900222,109.512219696));
#4077=CARTESIAN_POINT('',(-4.306433213,234.016113165,109.481969906));
#4078=CARTESIAN_POINT('',(-4.222156786,234.045388932,109.367830447));
#4079=CARTESIAN_POINT('',(-4.149159627,234.054111809,109.287949032));
#4080=CARTESIAN_POINT('',(-3.989308577,234.044789925,109.145446471));
#4081=CARTESIAN_POINT('',(-3.902482973,234.026746783,109.082850512));
#4082=CARTESIAN_POINT('',(-3.723864338,233.965727089,108.981334188));
#4083=CARTESIAN_POINT('',(-3.632102908,233.922761302,108.942431774));
#4084=CARTESIAN_POINT('',(-3.542556461,233.869522911,108.917363523));
#4085=CARTESIAN_POINT('',(-4.296199706,234.054882047,109.587993143));
#4086=CARTESIAN_POINT('',(-4.277602426,234.06461819,109.55613066));
#4087=CARTESIAN_POINT('',(-4.257527532,234.072804561,109.524657761));
#4088=CARTESIAN_POINT('',(-4.175103498,234.098042037,109.405964484));
#4089=CARTESIAN_POINT('',(-4.103101698,234.103584962,109.323029088));
#4090=CARTESIAN_POINT('',(-3.944577389,234.087831697,109.175580984));
#4091=CARTESIAN_POINT('',(-3.858084418,234.066538437,109.111095747));
#4092=CARTESIAN_POINT('',(-3.679662202,233.99933989,109.007331365));
#4093=CARTESIAN_POINT('',(-3.587766203,233.95344712,108.968071554));
#4094=CARTESIAN_POINT('',(-3.497979842,233.897654945,108.943482409));
#4095=CARTESIAN_POINT('',(-4.282142714,234.071385466,109.600151556));
#4096=CARTESIAN_POINT('',(-4.263707307,234.080839687,109.567946908));
#4097=CARTESIAN_POINT('',(-4.243781399,234.088736198,109.536138907));
#4098=CARTESIAN_POINT('',(-4.161879361,234.112833738,109.416199085));
#4099=CARTESIAN_POINT('',(-4.090157089,234.117479664,109.332430102));
#4100=CARTESIAN_POINT('',(-3.93200251,234.099915364,109.183641413));
#4101=CARTESIAN_POINT('',(-3.8456001,234.077708453,109.11864983));
#4102=CARTESIAN_POINT('',(-3.667225059,234.00877812,109.01430173));
#4103=CARTESIAN_POINT('',(-3.575286147,233.962067723,108.974964937));
#4104=CARTESIAN_POINT('',(-3.485426716,233.905566165,108.950532318));
#4105=CARTESIAN_POINT('',(-4.267963619,234.088030484,109.611895033));
#4106=CARTESIAN_POINT('',(-4.249692166,234.09719891,109.579353637));
#4107=CARTESIAN_POINT('',(-4.229917072,234.10480163,109.547216022));
#4108=CARTESIAN_POINT('',(-4.148543003,234.127744115,109.426051175));
#4109=CARTESIAN_POINT('',(-4.077102435,234.131481854,109.341465436));
#4110=CARTESIAN_POINT('',(-3.919317416,234.112087344,109.191372682));
#4111=CARTESIAN_POINT('',(-3.833003228,234.088958814,109.125894454));
#4112=CARTESIAN_POINT('',(-3.654667223,234.018287191,109.021004696));
#4113=CARTESIAN_POINT('',(-3.562679611,233.970757651,108.981613283));
#4114=CARTESIAN_POINT('',(-3.472740497,233.913549715,108.957359988));
#4115=B_SPLINE_SURFACE_WITH_KNOTS('',3,3,((#3915,#3916,#3917,#3918,#3919,#3920,#3921,#3922,#3923,#3924),(#3925,#3926,#3927,#3928,#3929,#3930,#3931,#3932,#3933,#3934),(#3935,#3936,#3937,#3938,#3939,#3940,#3941,#3942,#3943,#3944),(#3945,#3946,#3947,#3948,#3949,#3950,#3951,#3952,#3953,#3954),(#3955,#3956,#3957,#3958,#3959,#3960,#3961,#3962,#3963,#3964),(#3965,#3966,#3967,#3968,#3969,#3970,#3971,#3972,#3973,#3974),(#3975,#3976,#3977,#3978,#3979,#3980,#3981,#3982,#3983,#3984),(#3985,#3986,#3987,#3988,#3989,#3990,#3991,#3992,#3993,#3994),(#3995,#3996,#3997,#3998,#3999,#4000,#4001,#4002,#4003,#4004),(#4005,#4006,#4007,#4008,#4009,#4010,#4011,#4012,#4013,#4014),(#4015,#4016,#4017,#4018,#4019,#4020,#4021,#4022,#4023,#4024),(#4025,#4026,#4027,#4028,#4029,#4030,#4031,#4032,#4033,#4034),(#4035,#4036,#4037,#4038,#4039,#4040,#4041,#4042,#4043,#4044),(#4045,#4046,#4047,#4048,#4049,#4050,#4051,#4052,#4053,#4054),(#4055,#4056,#4057,#4058,#4059,#4060,#4061,#4062,#4063,#4064),(#4065,#4066,#4067,#4068,#4069,#4070,#4071,#4072,#4073,#4074),(#4075,#4076,#4077,#4078,#4079,#4080,#4081,#4082,#4083,#4084),(#4085,#4086,#4087,#4088,#4089,#4090,#4091,#4092,#4093,#4094),(#4095,#4096,#4097,#4098,#4099,#4100,#4101,#4102,#4103,#4104),(#4105,#4106,#4107,#4108,#4109,#4110,#4111,#4112,#4113,#4114)),.UNSPECIFIED.,.F.,.F.,.U.,(4,2,2,2,2,2,2,2,2,4),(4,2,2,2,4),(0.005872991,0.005929425,0.00614119,0.006352955,0.00656472,0.006776485,0.007200016,0.007623546,0.007835311,0.007917092),(0.162112119,0.25,0.5,0.75,1.),.UNSPECIFIED.);
#4116=ORIENTED_EDGE('',*,*,#3893,.T.);
#4117=ORIENTED_EDGE('',*,*,#716,.T.);
#4118=ORIENTED_EDGE('',*,*,#2541,.F.);
#4119=EDGE_LOOP('',(#4116,#4117,#4118));
#4120=FACE_BOUND('',#4119,.T.);
#4121=ADVANCED_FACE('',(#4120),#4115,.F.);
#4122=CARTESIAN_POINT('',(-3.528838342,234.485502306,109.12));
#4123=CARTESIAN_POINT('',(-3.657352566,234.51037848,109.12));
#4124=CARTESIAN_POINT('',(-3.785816226,234.535244867,109.146027323));
#4125=CARTESIAN_POINT('',(-4.023279548,234.581210045,109.246213612));
#4126=CARTESIAN_POINT('',(-4.13218578,234.60229075,109.320333158));
#4127=CARTESIAN_POINT('',(-4.313932338,234.637470974,109.50545328));
#4128=CARTESIAN_POINT('',(-4.386701156,234.651556651,109.61638102));
#4129=CARTESIAN_POINT('',(-4.485061685,234.67059605,109.858252116));
#4130=CARTESIAN_POINT('',(-4.510614695,234.675542282,109.989100306));
#4131=CARTESIAN_POINT('',(-4.510614695,234.675542282,110.12));
#4132=CARTESIAN_POINT('',(-3.541970724,234.404664619,109.12));
#4133=CARTESIAN_POINT('',(-3.671704232,234.424324594,109.119676765));
#4134=CARTESIAN_POINT('',(-3.801853638,234.441901026,109.145463819));
#4135=CARTESIAN_POINT('',(-4.043307795,234.470226052,109.245359658));
#4136=CARTESIAN_POINT('',(-4.154516957,234.480963388,109.319428891));
#4137=CARTESIAN_POINT('',(-4.341086849,234.493959542,109.504611466));
#4138=CARTESIAN_POINT('',(-4.416373724,234.49621316,109.615651489));
#4139=CARTESIAN_POINT('',(-4.519569904,234.491885273,109.857840964));
#4140=CARTESIAN_POINT('',(-4.547438365,234.485305425,109.988894529));
#4141=CARTESIAN_POINT('',(-4.549471021,234.474804405,110.12));
#4142=CARTESIAN_POINT('',(-3.545106204,234.323737097,109.110132006));
#4143=CARTESIAN_POINT('',(-3.676494216,234.338460746,109.108180497));
#4144=CARTESIAN_POINT('',(-3.808754717,234.349055342,109.132502404));
#4145=CARTESIAN_POINT('',(-4.054729715,234.360335521,109.2299503));
#4146=CARTESIAN_POINT('',(-4.168343958,234.361016149,109.303036435));
#4147=CARTESIAN_POINT('',(-4.359397128,234.352315701,109.486708016));
#4148=CARTESIAN_POINT('',(-4.436758193,234.342937706,109.597218456));
#4149=CARTESIAN_POINT('',(-4.543281778,234.31551996,109.838621836));
#4150=CARTESIAN_POINT('',(-4.572400877,234.297490887,109.969416238));
#4151=CARTESIAN_POINT('',(-4.575143111,234.276502561,110.100264033));
#4152=CARTESIAN_POINT('',(-3.537041442,234.202519517,109.081425327));
#4153=CARTESIAN_POINT('',(-3.671345785,234.211078128,109.075538865));
#4154=CARTESIAN_POINT('',(-3.807246968,234.212163899,109.096166811));
#4155=CARTESIAN_POINT('',(-4.060589918,234.199210557,109.18716211));
#4156=CARTESIAN_POINT('',(-4.177920075,234.185177065,109.257489342));
#4157=CARTESIAN_POINT('',(-4.375203945,234.144223056,109.436594732));
#4158=CARTESIAN_POINT('',(-4.455070746,234.117320469,109.545293949));
#4159=CARTESIAN_POINT('',(-4.564529163,234.054939573,109.783663336));
#4160=CARTESIAN_POINT('',(-4.594072557,234.019488625,109.913228457));
#4161=CARTESIAN_POINT('',(-4.596076447,233.982596012,110.042850689));
#4162=CARTESIAN_POINT('',(-3.532156927,234.161868893,109.069397661));
#4163=CARTESIAN_POINT('',(-3.667516392,234.168568844,109.061939519));
#4164=CARTESIAN_POINT('',(-3.804722237,234.16662759,109.081074112));
#4165=CARTESIAN_POINT('',(-4.060640592,234.145769167,109.1694297));
#4166=CARTESIAN_POINT('',(-4.179236925,234.126861352,109.238610523));
#4167=CARTESIAN_POINT('',(-4.378527188,234.075133693,109.415786293));
#4168=CARTESIAN_POINT('',(-4.459130645,234.042337173,109.523700742));
#4169=CARTESIAN_POINT('',(-4.569220215,233.968167123,109.760727598));
#4170=CARTESIAN_POINT('',(-4.598656337,233.926827093,109.889732339));
#4171=CARTESIAN_POINT('',(-4.600103039,233.884567061,110.018795696));
#4172=CARTESIAN_POINT('',(-3.518740307,234.082580941,109.041187284));
#4173=CARTESIAN_POINT('',(-3.65630004,234.0861813,109.030287795));
#4174=CARTESIAN_POINT('',(-3.796212525,234.078726852,109.04608992));
#4175=CARTESIAN_POINT('',(-4.05736242,234.042946781,109.128451806));
#4176=CARTESIAN_POINT('',(-4.178473033,234.014638419,109.194971517));
#4177=CARTESIAN_POINT('',(-4.381527198,233.941903642,109.367567121));
#4178=CARTESIAN_POINT('',(-4.463372157,233.897512388,109.47355915));
#4179=CARTESIAN_POINT('',(-4.574020371,233.800085792,109.707214109));
#4180=CARTESIAN_POINT('',(-4.60276989,233.747097585,109.834763529));
#4181=CARTESIAN_POINT('',(-4.602541834,233.694254681,109.962374935));
#4182=CARTESIAN_POINT('',(-3.510246979,234.043851906,109.02502023));
#4183=CARTESIAN_POINT('',(-3.648952126,234.046202328,109.012253243));
#4184=CARTESIAN_POINT('',(-3.790266903,234.036251188,109.026218303));
#4185=CARTESIAN_POINT('',(-4.054074348,233.99343175,109.105229786));
#4186=CARTESIAN_POINT('',(-4.176434174,233.960584889,109.170236331));
#4187=CARTESIAN_POINT('',(-4.381249364,233.877591631,109.340183944));
#4188=CARTESIAN_POINT('',(-4.463601583,233.827486838,109.445039335));
#4189=CARTESIAN_POINT('',(-4.574183525,233.718568083,109.676666659));
#4190=CARTESIAN_POINT('',(-4.602357533,233.659808757,109.803321856));
#4191=CARTESIAN_POINT('',(-4.601016225,233.601739241,109.930040923));
#4192=CARTESIAN_POINT('',(-3.492016788,233.974694615,108.991818699));
#4193=CARTESIAN_POINT('',(-3.632897873,233.975367508,108.975520467));
#4194=CARTESIAN_POINT('',(-3.776868584,233.961364804,108.985925588));
#4195=CARTESIAN_POINT('',(-4.045624417,233.906470498,109.058304699));
#4196=CARTESIAN_POINT('',(-4.170264154,233.865608507,109.120239473));
#4197=CARTESIAN_POINT('',(-4.378108144,233.764244926,109.284682529));
#4198=CARTESIAN_POINT('',(-4.461199957,233.703798042,109.387101786));
#4199=CARTESIAN_POINT('',(-4.571083071,233.574012205,109.614286114));
#4200=CARTESIAN_POINT('',(-4.597814909,233.504743318,109.738928219));
#4201=CARTESIAN_POINT('',(-4.593981013,233.437194652,109.863637834));
#4202=CARTESIAN_POINT('',(-3.482739147,233.94398075,108.975407268));
#4203=CARTESIAN_POINT('',(-3.624636972,233.94412214,108.95746455));
#4204=CARTESIAN_POINT('',(-3.76984585,233.928476731,108.9661806));
#4205=CARTESIAN_POINT('',(-4.040877776,233.868410575,109.035363618));
#4206=CARTESIAN_POINT('',(-4.16654919,233.824023347,109.095791803));
#4207=CARTESIAN_POINT('',(-4.375694059,233.714481347,109.257491776));
#4208=CARTESIAN_POINT('',(-4.459050492,233.649387718,109.35867301));
#4209=CARTESIAN_POINT('',(-4.56839996,233.510201451,109.583568585));
#4210=CARTESIAN_POINT('',(-4.594331785,233.436186519,109.707157013));
#4211=CARTESIAN_POINT('',(-4.589196599,233.364371769,109.830814676));
#4212=CARTESIAN_POINT('',(-3.4726258,233.913919927,108.957611707));
#4213=CARTESIAN_POINT('',(-3.615572237,233.913773991,108.93803828));
#4214=CARTESIAN_POINT('',(-3.762054667,233.896691769,108.945031578));
#4215=CARTESIAN_POINT('',(-4.035397874,233.831767686,109.010877247));
#4216=CARTESIAN_POINT('',(-4.162100163,233.783963471,109.069691441));
#4217=CARTESIAN_POINT('',(-4.372477021,233.666382119,109.228384775));
#4218=CARTESIAN_POINT('',(-4.456029611,233.596673159,109.328171904));
#4219=CARTESIAN_POINT('',(-4.564637234,233.448121819,109.550442759));
#4220=CARTESIAN_POINT('',(-4.589629297,233.36936557,109.672797611));
#4221=CARTESIAN_POINT('',(-4.583032442,233.293304665,109.795223451));
#4222=B_SPLINE_SURFACE_WITH_KNOTS('',3,3,((#4122,#4123,#4124,#4125,#4126,#4127,#4128,#4129,#4130,#4131),(#4132,#4133,#4134,#4135,#4136,#4137,#4138,#4139,#4140,#4141),(#4142,#4143,#4144,#4145,#4146,#4147,#4148,#4149,#4150,#4151),(#4152,#4153,#4154,#4155,#4156,#4157,#4158,#4159,#4160,#4161),(#4162,#4163,#4164,#4165,#4166,#4167,#4168,#4169,#4170,#4171),(#4172,#4173,#4174,#4175,#4176,#4177,#4178,#4179,#4180,#4181),(#4182,#4183,#4184,#4185,#4186,#4187,#4188,#4189,#4190,#4191),(#4192,#4193,#4194,#4195,#4196,#4197,#4198,#4199,#4200,#4201),(#4202,#4203,#4204,#4205,#4206,#4207,#4208,#4209,#4210,#4211),(#4212,#4213,#4214,#4215,#4216,#4217,#4218,#4219,#4220,#4221)),.UNSPECIFIED.,.F.,.F.,.U.,(4,2,2,2,4),(4,2,2,2,4),(0.00679532,0.007277113,0.007518009,0.007758906,0.007958531),(0.,0.25,0.5,0.75,1.),.UNSPECIFIED.);
#4223=CARTESIAN_POINT('',(-4.595011602,233.984359253,110.0416222));
#4224=CARTESIAN_POINT('',(-4.595948383,233.966232469,109.914394747));
#4225=CARTESIAN_POINT('',(-4.572721213,233.986352345,109.792633681));
#4226=CARTESIAN_POINT('',(-4.527167433,234.057242921,109.697479998));
#4227=B_SPLINE_CURVE_WITH_KNOTS('',3,(#4223,#4224,#4225,#4226),.UNSPECIFIED.,.F.,.F.,(4,4),(-0.,0.000650217),.UNSPECIFIED.);
#4228=EDGE_CURVE('',#3699,#719,#4227,.T.);
#4229=ORIENTED_EDGE('',*,*,#4228,.T.);
#4230=ORIENTED_EDGE('',*,*,#740,.T.);
#4231=ORIENTED_EDGE('',*,*,#3880,.T.);
#4232=CARTESIAN_POINT('',(-3.528838342,234.485502306,109.12));
#4233=CARTESIAN_POINT('',(-3.593095454,234.497940394,109.12));
#4234=CARTESIAN_POINT('',(-3.657350977,234.510378174,109.126446088));
#4235=CARTESIAN_POINT('',(-3.720373406,234.522577267,109.13921472));
#4236=CARTESIAN_POINT('',(-3.783395836,234.53477636,109.151983351));
#4237=CARTESIAN_POINT('',(-3.845182056,234.546736162,109.171073895));
#4238=CARTESIAN_POINT('',(-3.904547886,234.558227457,109.196120468));
#4239=CARTESIAN_POINT('',(-3.963913717,234.569718751,109.22116704));
#4240=CARTESIAN_POINT('',(-4.020856223,234.580740969,109.252168401));
#4241=CARTESIAN_POINT('',(-4.074284059,234.59108286,109.288530388));
#4242=CARTESIAN_POINT('',(-4.127711895,234.601424752,109.324892374));
#4243=CARTESIAN_POINT('',(-4.177622419,234.611085806,109.366613188));
#4244=CARTESIAN_POINT('',(-4.223059058,234.619880862,109.412893219));
#4245=CARTESIAN_POINT('',(-4.268495698,234.628675918,109.459173249));
#4246=CARTESIAN_POINT('',(-4.309456206,234.636604541,109.510010208));
#4247=CARTESIAN_POINT('',(-4.345155545,234.643514772,109.564429767));
#4248=CARTESIAN_POINT('',(-4.380854884,234.650425003,109.618849326));
#4249=CARTESIAN_POINT('',(-4.411291287,234.656316501,109.676848794));
#4250=CARTESIAN_POINT('',(-4.43588142,234.661076351,109.737316568));
#4251=CARTESIAN_POINT('',(-4.460471552,234.665836201,109.797784342));
#4252=CARTESIAN_POINT('',(-4.479214197,234.669464167,109.860717432));
#4253=CARTESIAN_POINT('',(-4.491750137,234.671890718,109.924909678));
#4254=CARTESIAN_POINT('',(-4.504286078,234.674317268,109.989101925));
#4255=CARTESIAN_POINT('',(-4.510614695,234.675542283,110.054550153));
#4256=CARTESIAN_POINT('',(-4.510614695,234.675542283,110.12));
#4257=B_SPLINE_CURVE_WITH_KNOTS('',3,(#4232,#4233,#4234,#4235,#4236,#4237,#4238,#4239,#4240,#4241,#4242,#4243,#4244,#4245,#4246,#4247,#4248,#4249,#4250,#4251,#4252,#4253,#4254,#4255,#4256),.UNSPECIFIED.,.F.,.F.,(4,3,3,3,3,3,3,3,4),(270.,281.25,292.5,303.75,315.,326.25,337.5,348.75,360.),.UNSPECIFIED.);
#4258=EDGE_CURVE('',#2784,#3707,#4257,.T.);
#4259=ORIENTED_EDGE('',*,*,#4258,.T.);
#4260=ORIENTED_EDGE('',*,*,#3713,.T.);
#4261=EDGE_LOOP('',(#4229,#4230,#4231,#4259,#4260));
#4262=FACE_BOUND('',#4261,.T.);
#4263=ADVANCED_FACE('',(#4262),#4222,.F.);
#4264=CARTESIAN_POINT('',(0.39826707,233.725342399,110.12));
#4265=DIRECTION('',(0.,-0.,1.));
#4266=DIRECTION('',(0.,1.,0.));
#4267=AXIS2_PLACEMENT_3D('',#4264,#4265,#4266);
#4268=TOROIDAL_SURFACE('',#4267,4.,1.);
#4269=ORIENTED_EDGE('',*,*,#4258,.F.);
#4270=ORIENTED_EDGE('',*,*,#2792,.T.);
#4271=CARTESIAN_POINT('',(0.39826707,237.725342399,110.12));
#4272=DIRECTION('',(1.,-0.,0.));
#4273=DIRECTION('',(0.,1.,0.));
#4274=AXIS2_PLACEMENT_3D('',#4271,#4272,#4273);
#4275=CIRCLE('',#4274,1.);
#4276=EDGE_CURVE('',#2786,#2836,#4275,.T.);
#4277=ORIENTED_EDGE('',*,*,#4276,.T.);
#4278=ORIENTED_EDGE('',*,*,#3720,.T.);
#4279=EDGE_LOOP('',(#4269,#4270,#4277,#4278));
#4280=FACE_BOUND('',#4279,.T.);
#4281=ADVANCED_FACE('',(#4280),#4268,.F.);
#4282=CARTESIAN_POINT('',(6.111310801,237.725342399,110.12));
#4283=DIRECTION('',(1.,0.,0.));
#4284=DIRECTION('',(0.,0.,-1.));
#4285=AXIS2_PLACEMENT_3D('',#4282,#4283,#4284);
#4286=CYLINDRICAL_SURFACE('',#4285,1.);
#4287=ORIENTED_EDGE('',*,*,#4276,.F.);
#4288=ORIENTED_EDGE('',*,*,#2807,.T.);
#4289=CARTESIAN_POINT('',(10.133498029,237.725342399,109.12));
#4290=CARTESIAN_POINT('',(10.383751727,237.828002488,109.12));
#4291=CARTESIAN_POINT('',(10.623549767,237.93272302,109.135396817));
#4292=CARTESIAN_POINT('',(10.852540551,238.038684128,109.170359562));
#4293=CARTESIAN_POINT('',(11.081531335,238.144645236,109.205322308));
#4294=CARTESIAN_POINT('',(11.302221888,238.253348765,109.261060054));
#4295=CARTESIAN_POINT('',(11.495614919,238.353502855,109.341916173));
#4296=CARTESIAN_POINT('',(11.592311434,238.403579899,109.382344232));
#4297=CARTESIAN_POINT('',(11.68384965,238.452340364,109.429834168));
#4298=CARTESIAN_POINT('',(11.765359304,238.496684403,109.483579138));
#4299=CARTESIAN_POINT('',(11.846868959,238.541028442,109.537324108));
#4300=CARTESIAN_POINT('',(11.918736003,238.581141799,109.597181539));
#4301=CARTESIAN_POINT('',(11.979612393,238.615620666,109.66458304));
#4302=CARTESIAN_POINT('',(12.040488783,238.650099533,109.73198454));
#4303=CARTESIAN_POINT('',(12.087820812,238.677482687,109.804168852));
#4304=CARTESIAN_POINT('',(12.120422489,238.69645379,109.881373374));
#4305=CARTESIAN_POINT('',(12.153024166,238.715424894,109.958577896));
#4306=CARTESIAN_POINT('',(12.169849893,238.72534234,110.039322968));
#4307=CARTESIAN_POINT('',(12.169832097,238.725342399,110.119999266));
#4308=B_SPLINE_CURVE_WITH_KNOTS('',3,(#4289,#4290,#4291,#4292,#4293,#4294,#4295,#4296,#4297,#4298,#4299,#4300,#4301,#4302,#4303,#4304,#4305,#4306,#4307),.UNSPECIFIED.,.F.,.F.,(4,3,3,3,3,3,4),(0.001729867,0.0026873,0.003644734,0.00412345,0.004602167,0.005080883,0.0055596),.UNSPECIFIED.);
#4309=EDGE_CURVE('',#2795,#2820,#4308,.T.);
#4310=ORIENTED_EDGE('',*,*,#4309,.T.);
#4311=ORIENTED_EDGE('',*,*,#2847,.T.);
#4312=EDGE_LOOP('',(#4287,#4288,#4310,#4311));
#4313=FACE_BOUND('',#4312,.T.);
#4314=ADVANCED_FACE('',(#4313),#4286,.F.);
#4315=CARTESIAN_POINT('',(-5.405243612,265.159643665,129.17));
#4316=DIRECTION('',(0.,-0.,1.));
#4317=DIRECTION('',(0.,1.,0.));
#4318=AXIS2_PLACEMENT_3D('',#4315,#4316,#4317);
#4319=CYLINDRICAL_SURFACE('',#4318,1.);
#4320=CARTESIAN_POINT('',(-5.405243612,266.159643665,128.12));
#4321=VERTEX_POINT('',#4320);
#4322=CARTESIAN_POINT('',(-5.405242789,266.159628218,110.12));
#4323=VERTEX_POINT('',#4322);
#4324=CARTESIAN_POINT('',(-5.405243612,266.159643665,128.12));
#4325=DIRECTION('',(-0.,-0.,-1.));
#4326=VECTOR('',#4325,18.);
#4327=LINE('',#4324,#4326);
#4328=EDGE_CURVE('',#4321,#4323,#4327,.T.);
#4329=ORIENTED_EDGE('',*,*,#4328,.T.);
#4330=CARTESIAN_POINT('',(-5.405243612,265.159643665,110.12));
#4331=DIRECTION('',(0.,-0.,1.));
#4332=DIRECTION('',(0.,1.,0.));
#4333=AXIS2_PLACEMENT_3D('',#4330,#4331,#4332);
#4334=CIRCLE('',#4333,1.);
#4335=EDGE_CURVE('',#4323,#2116,#4334,.T.);
#4336=ORIENTED_EDGE('',*,*,#4335,.T.);
#4337=ORIENTED_EDGE('',*,*,#2121,.T.);
#4338=CARTESIAN_POINT('',(-5.405243612,265.159643665,128.12));
#4339=DIRECTION('',(0.,0.,1.));
#4340=DIRECTION('',(1.,0.,-0.));
#4341=AXIS2_PLACEMENT_3D('',#4338,#4339,#4340);
#4342=CIRCLE('',#4341,1.);
#4343=EDGE_CURVE('',#4321,#2107,#4342,.T.);
#4344=ORIENTED_EDGE('',*,*,#4343,.F.);
#4345=EDGE_LOOP('',(#4329,#4336,#4337,#4344));
#4346=FACE_BOUND('',#4345,.T.);
#4347=ADVANCED_FACE('',(#4346),#4319,.T.);
#4348=CARTESIAN_POINT('',(-3.695012242,266.691841238,108.12));
#4349=CARTESIAN_POINT('',(-3.695012242,266.691841238,108.250899694));
#4350=CARTESIAN_POINT('',(-3.68937821,266.666431019,108.381747884));
#4351=CARTESIAN_POINT('',(-3.66769128,266.568620132,108.62361898));
#4352=CARTESIAN_POINT('',(-3.651646916,266.49625795,108.73454672));
#4353=CARTESIAN_POINT('',(-3.611574695,266.315526998,108.919666842));
#4354=CARTESIAN_POINT('',(-3.587562606,266.207229339,108.993786388));
#4355=CARTESIAN_POINT('',(-3.535205727,265.971092971,109.093972677));
#4356=CARTESIAN_POINT('',(-3.506881537,265.843347172,109.12));
#4357=CARTESIAN_POINT('',(-3.478546198,265.715551091,109.12));
#4358=CARTESIAN_POINT('',(-3.83219052,266.66142565,108.12));
#4359=CARTESIAN_POINT('',(-3.82374621,266.663297948,108.251044657));
#4360=CARTESIAN_POINT('',(-3.809448537,266.639748884,108.382037526));
#4361=CARTESIAN_POINT('',(-3.771303337,266.54536579,108.624132909));
#4362=CARTESIAN_POINT('',(-3.747470857,266.474569065,108.735139748));
#4363=CARTESIAN_POINT('',(-3.693883556,266.296459808,108.920303866));
#4364=CARTESIAN_POINT('',(-3.664149889,266.189217667,108.994387969));
#4365=CARTESIAN_POINT('',(-3.603292006,265.954557922,109.094369645));
#4366=CARTESIAN_POINT('',(-3.572191826,265.827233056,109.120227707));
#4367=CARTESIAN_POINT('',(-3.542768837,265.699529648,109.12));
#4368=CARTESIAN_POINT('',(-3.966674788,266.629824651,108.132976959));
#4369=CARTESIAN_POINT('',(-3.949953147,266.633751292,108.263438429));
#4370=CARTESIAN_POINT('',(-3.927151038,266.612200701,108.393847926));
#4371=CARTESIAN_POINT('',(-3.872836929,266.521414872,108.634785709));
#4372=CARTESIAN_POINT('',(-3.841346495,266.452215817,108.745218004));
#4373=CARTESIAN_POINT('',(-3.774468149,266.276700583,108.929261695));
#4374=CARTESIAN_POINT('',(-3.739106822,266.170454335,109.002799767));
#4375=CARTESIAN_POINT('',(-3.669897807,265.937097261,109.101755708));
#4376=CARTESIAN_POINT('',(-3.636077653,265.810079402,109.127134149));
#4377=CARTESIAN_POINT('',(-3.605605158,265.682353234,109.126488482));
#4378=CARTESIAN_POINT('',(-4.164566778,266.58085596,108.17107033));
#4379=CARTESIAN_POINT('',(-4.135592648,266.588131251,108.29955979));
#4380=CARTESIAN_POINT('',(-4.100184167,266.569792042,108.427997222));
#4381=CARTESIAN_POINT('',(-4.021909534,266.484688491,108.665134106));
#4382=CARTESIAN_POINT('',(-3.97907506,266.417958614,108.773737531));
#4383=CARTESIAN_POINT('',(-3.892558174,266.246343691,108.954412381));
#4384=CARTESIAN_POINT('',(-3.848910782,266.141528138,109.026410642));
#4385=CARTESIAN_POINT('',(-3.767509159,265.909903732,109.122722576));
#4386=CARTESIAN_POINT('',(-3.729787881,265.783188671,109.146997247));
#4387=CARTESIAN_POINT('',(-3.697929014,265.655255955,109.145535168));
#4388=CARTESIAN_POINT('',(-4.229887512,266.564272499,108.186896228));
#4389=CARTESIAN_POINT('',(-4.19685699,266.57270853,108.314543797));
#4390=CARTESIAN_POINT('',(-4.157271955,266.555475322,108.442139359));
#4391=CARTESIAN_POINT('',(-4.071060185,266.47231332,108.677662128));
#4392=CARTESIAN_POINT('',(-4.02446855,266.406418413,108.785493374));
#4393=CARTESIAN_POINT('',(-3.931455618,266.236104675,108.964761691));
#4394=CARTESIAN_POINT('',(-3.885072197,266.131755236,109.036125722));
#4395=CARTESIAN_POINT('',(-3.799661879,265.900671008,109.131371125));
#4396=CARTESIAN_POINT('',(-3.76066977,265.77403037,109.15521369));
#4397=CARTESIAN_POINT('',(-3.728379661,265.645999917,109.153448141));
#4398=CARTESIAN_POINT('',(-4.359227802,266.530629817,108.224942894));
#4399=CARTESIAN_POINT('',(-4.318130938,266.54147507,108.350515711));
#4400=CARTESIAN_POINT('',(-4.270234724,266.526525441,108.476036669));
#4401=CARTESIAN_POINT('',(-4.168234209,266.447344466,108.707600294));
#4402=CARTESIAN_POINT('',(-4.11417201,266.383145825,108.813547324));
#4403=CARTESIAN_POINT('',(-4.008266267,266.215441669,108.989418514));
#4404=CARTESIAN_POINT('',(-3.956466443,266.112005416,109.059270039));
#4405=CARTESIAN_POINT('',(-3.86316676,265.881930083,109.152023043));
#4406=CARTESIAN_POINT('',(-3.82170542,265.75538602,109.174886214));
#4407=CARTESIAN_POINT('',(-3.788632026,265.627101551,109.172471474));
#4408=CARTESIAN_POINT('',(-4.423402687,266.513523862,108.247265126));
#4409=CARTESIAN_POINT('',(-4.378285921,266.525621371,108.371599035));
#4410=CARTESIAN_POINT('',(-4.326244786,266.511852853,108.495881212));
#4411=CARTESIAN_POINT('',(-4.216373173,266.434717374,108.725088448));
#4412=CARTESIAN_POINT('',(-4.158588384,266.371382514,108.829918136));
#4413=CARTESIAN_POINT('',(-4.046270245,266.204990397,109.003789516));
#4414=CARTESIAN_POINT('',(-3.991783606,266.102002371,109.07275886));
#4415=CARTESIAN_POINT('',(-3.894594277,265.87239673,109.164080089));
#4416=CARTESIAN_POINT('',(-3.851932012,265.745874643,109.186393974));
#4417=CARTESIAN_POINT('',(-3.818506259,265.617433189,109.183632609));
#4418=CARTESIAN_POINT('',(-4.60981609,266.462714917,108.322448055));
#4419=CARTESIAN_POINT('',(-4.552959491,266.478610892,108.442531712));
#4420=CARTESIAN_POINT('',(-4.488805018,266.468410831,108.56256421));
#4421=CARTESIAN_POINT('',(-4.355943508,266.397419784,108.783714828));
#4422=CARTESIAN_POINT('',(-4.287292953,266.336659057,108.88473873));
#4423=CARTESIAN_POINT('',(-4.15630094,266.174130244,109.051850593));
#4424=CARTESIAN_POINT('',(-4.094015185,266.072431391,109.117867355));
#4425=CARTESIAN_POINT('',(-3.985617965,265.844101685,109.204475593));
#4426=CARTESIAN_POINT('',(-3.939552614,265.717568078,109.225030165));
#4427=CARTESIAN_POINT('',(-3.905228316,265.588579409,109.221224074));
#4428=CARTESIAN_POINT('',(-4.72737642,266.42915969,108.383771616));
#4429=CARTESIAN_POINT('',(-4.663029983,266.447669007,108.50029793));
#4430=CARTESIAN_POINT('',(-4.591136145,266.439906068,108.616773725));
#4431=CARTESIAN_POINT('',(-4.44360407,266.373065837,108.831212479));
#4432=CARTESIAN_POINT('',(-4.368029639,266.314017536,108.92908247));
#4433=CARTESIAN_POINT('',(-4.225197134,266.15399786,109.090652762));
#4434=CARTESIAN_POINT('',(-4.158000852,266.053095831,109.154283011));
#4435=CARTESIAN_POINT('',(-4.042660231,265.825453149,109.23717485));
#4436=CARTESIAN_POINT('',(-3.994565811,265.698811125,109.256400493));
#4437=CARTESIAN_POINT('',(-3.959846012,265.569354383,109.25188584));
#4438=CARTESIAN_POINT('',(-4.949399071,266.363467102,108.528642546));
#4439=CARTESIAN_POINT('',(-4.870715069,266.387277951,108.636485475));
#4440=CARTESIAN_POINT('',(-4.783988078,266.384437949,108.744279939));
#4441=CARTESIAN_POINT('',(-4.608385505,266.325916431,108.942429929));
#4442=CARTESIAN_POINT('',(-4.519588669,266.270261229,109.032696407));
#4443=CARTESIAN_POINT('',(-4.354275288,266.115115003,109.181089996));
#4444=CARTESIAN_POINT('',(-4.277832892,266.015693669,109.239150416));
#4445=CARTESIAN_POINT('',(-4.149663976,265.789144925,109.313657099));
#4446=CARTESIAN_POINT('',(-4.097994963,265.662119255,109.330069871));
#4447=CARTESIAN_POINT('',(-4.062894948,265.531556537,109.324321304));
#4448=CARTESIAN_POINT('',(-5.054199272,266.331196807,108.612910597));
#4449=CARTESIAN_POINT('',(-4.968642999,266.357709324,108.715578405));
#4450=CARTESIAN_POINT('',(-4.874796659,266.357367628,108.818199175));
#4451=CARTESIAN_POINT('',(-4.685746574,266.303034663,109.006682114));
#4452=CARTESIAN_POINT('',(-4.590629231,266.249068287,109.092457949));
#4453=CARTESIAN_POINT('',(-4.414640043,266.096297188,109.23314907));
#4454=CARTESIAN_POINT('',(-4.333848644,265.997562386,109.28799991));
#4455=CARTESIAN_POINT('',(-4.199779769,265.771420598,109.357804441));
#4456=CARTESIAN_POINT('',(-4.146563595,265.64411709,109.372726151));
#4457=CARTESIAN_POINT('',(-4.111483483,265.512911927,109.366455315));
#4458=CARTESIAN_POINT('',(-5.241768633,266.271790481,108.797014543));
#4459=CARTESIAN_POINT('',(-5.143734201,266.303424014,108.888049223));
#4460=CARTESIAN_POINT('',(-5.036948119,266.307807054,108.979040668));
#4461=CARTESIAN_POINT('',(-4.823502207,266.26135155,109.145898852));
#4462=CARTESIAN_POINT('',(-4.716943502,266.210535072,109.221686367));
#4463=CARTESIAN_POINT('',(-4.521747658,266.062120746,109.345452555));
#4464=CARTESIAN_POINT('',(-4.433203012,265.964593303,109.393372461));
#4465=CARTESIAN_POINT('',(-4.288840438,265.739008225,109.453365553));
#4466=CARTESIAN_POINT('',(-4.233090931,265.611057576,109.465410245));
#4467=CARTESIAN_POINT('',(-4.198376624,265.478515977,109.458507286));
#4468=CARTESIAN_POINT('',(-5.325802425,266.244287654,108.897501726));
#4469=CARTESIAN_POINT('',(-5.222081391,266.278369452,108.982040762));
#4470=CARTESIAN_POINT('',(-5.109391464,266.285005736,109.066538949));
#4471=CARTESIAN_POINT('',(-4.88483903,266.242284486,109.221368384));
#4472=CARTESIAN_POINT('',(-4.773084798,266.192947592,109.291624821));
#4473=CARTESIAN_POINT('',(-4.569230486,266.046541643,109.406109764));
#4474=CARTESIAN_POINT('',(-4.477228711,265.949543246,109.450282951));
#4475=CARTESIAN_POINT('',(-4.328397778,265.724114355,109.505127079));
#4476=CARTESIAN_POINT('',(-4.271640405,265.595792637,109.515771514));
#4477=CARTESIAN_POINT('',(-4.23726797,265.462551421,109.508750876));
#4478=CARTESIAN_POINT('',(-5.437027163,266.207143828,109.061255958));
#4479=CARTESIAN_POINT('',(-5.325682849,266.244605648,109.134952785));
#4480=CARTESIAN_POINT('',(-5.205072813,266.254349922,109.208613179));
#4481=CARTESIAN_POINT('',(-4.965646248,266.216761831,109.343444609));
#4482=CARTESIAN_POINT('',(-4.846948015,266.169448046,109.404548991));
#4483=CARTESIAN_POINT('',(-4.631584607,266.025755329,109.503835055));
#4484=CARTESIAN_POINT('',(-4.535025841,265.929447408,109.541967654));
#4485=CARTESIAN_POINT('',(-4.380426454,265.704139569,109.588784108));
#4486=CARTESIAN_POINT('',(-4.322462222,265.57525099,109.597444818));
#4487=CARTESIAN_POINT('',(-4.288717737,265.440988622,109.590627992));
#4488=CARTESIAN_POINT('',(-5.471514921,266.195483621,109.117963998));
#4489=CARTESIAN_POINT('',(-5.357788859,266.234020005,109.187866245));
#4490=CARTESIAN_POINT('',(-5.234703333,266.244751978,109.257733666));
#4491=CARTESIAN_POINT('',(-4.990632468,266.208792274,109.385578254));
#4492=CARTESIAN_POINT('',(-4.869768635,266.162118505,109.443491743));
#4493=CARTESIAN_POINT('',(-4.650827642,266.019278533,109.537502924));
#4494=CARTESIAN_POINT('',(-4.55285948,265.92318345,109.573553789));
#4495=CARTESIAN_POINT('',(-4.396498801,265.697898078,109.617646705));
#4496=CARTESIAN_POINT('',(-4.33818413,265.568819957,109.625666792));
#4497=CARTESIAN_POINT('',(-4.304667123,265.434223392,109.618982017));
#4498=CARTESIAN_POINT('',(-5.534015954,266.17416683,109.233264867));
#4499=CARTESIAN_POINT('',(-5.415947057,266.214686965,109.295376517));
#4500=CARTESIAN_POINT('',(-5.288346219,266.227241245,109.357456789));
#4501=CARTESIAN_POINT('',(-5.035810808,266.194280526,109.470979557));
#4502=CARTESIAN_POINT('',(-4.911003717,266.148782174,109.522364715));
#4503=CARTESIAN_POINT('',(-4.685565281,266.007498558,109.605629388));
#4504=CARTESIAN_POINT('',(-4.585047741,265.911784627,109.637466846));
#4505=CARTESIAN_POINT('',(-4.425534227,265.686513481,109.676128616));
#4506=CARTESIAN_POINT('',(-4.366618782,265.557069999,109.682933399));
#4507=CARTESIAN_POINT('',(-4.333561448,265.421841189,109.676632451));
#4508=CARTESIAN_POINT('',(-5.562242554,266.16443914,109.29215662));
#4509=CARTESIAN_POINT('',(-5.44219788,266.205874953,109.350252536));
#4510=CARTESIAN_POINT('',(-5.312541944,266.219269773,109.408318919));
#4511=CARTESIAN_POINT('',(-5.056157607,266.187689373,109.514470316));
#4512=CARTESIAN_POINT('',(-4.929559468,266.142730204,109.56250137));
#4513=CARTESIAN_POINT('',(-4.701179014,266.002155171,109.640266693));
#4514=CARTESIAN_POINT('',(-4.599512735,265.906610738,109.669961432));
#4515=CARTESIAN_POINT('',(-4.438596659,265.681331317,109.705900834));
#4516=CARTESIAN_POINT('',(-4.379428624,265.551710797,109.712127228));
#4517=CARTESIAN_POINT('',(-4.346604792,265.416181879,109.70607831));
#4518=CARTESIAN_POINT('',(-5.612752148,266.146914446,109.412393032));
#4519=CARTESIAN_POINT('',(-5.489155538,266.190011863,109.462222856));
#4520=CARTESIAN_POINT('',(-5.355804354,266.20493206,109.512027053));
#4521=CARTESIAN_POINT('',(-5.092503781,266.175854855,109.603025039));
#4522=CARTESIAN_POINT('',(-4.962689729,266.131872405,109.644172029));
#4523=CARTESIAN_POINT('',(-4.729037417,265.992576924,109.710690626));
#4524=CARTESIAN_POINT('',(-4.625319257,265.8973355,109.736028023));
#4525=CARTESIAN_POINT('',(-4.461918847,265.672029339,109.766504592));
#4526=CARTESIAN_POINT('',(-4.402320589,265.542080418,109.771628089));
#4527=CARTESIAN_POINT('',(-4.369944186,265.405999257,109.766196516));
#4528=CARTESIAN_POINT('',(-5.635035057,266.139117327,109.473737669));
#4529=CARTESIAN_POINT('',(-5.509862368,266.18296064,109.51931721));
#4530=CARTESIAN_POINT('',(-5.374871121,266.198565657,109.564873183));
#4531=CARTESIAN_POINT('',(-5.108503392,266.170611341,109.648089242));
#4532=CARTESIAN_POINT('',(-4.977264538,266.127066455,109.685706311));
#4533=CARTESIAN_POINT('',(-4.741282452,265.988342039,109.746477555));
#4534=CARTESIAN_POINT('',(-4.636661148,265.893234191,109.769600313));
#4535=CARTESIAN_POINT('',(-4.472178884,265.667909712,109.797336316));
#4536=CARTESIAN_POINT('',(-4.412402911,265.537809509,109.801935222));
#4537=CARTESIAN_POINT('',(-4.380240314,265.401476286,109.796868852));
#4538=CARTESIAN_POINT('',(-5.673588932,266.125560675,109.598918904));
#4539=CARTESIAN_POINT('',(-5.545678097,266.170708618,109.635770608));
#4540=CARTESIAN_POINT('',(-5.407836879,266.187510788,109.672603079));
#4541=CARTESIAN_POINT('',(-5.136141988,266.161516752,109.739855249));
#4542=CARTESIAN_POINT('',(-5.002429973,266.118734103,109.770239863));
#4543=CARTESIAN_POINT('',(-4.762410762,265.980999805,109.819267713));
#4544=CARTESIAN_POINT('',(-4.656228711,265.886119975,109.837885373));
#4545=CARTESIAN_POINT('',(-4.489890702,265.660750805,109.860106128));
#4546=CARTESIAN_POINT('',(-4.429821473,265.530378975,109.863697632));
#4547=CARTESIAN_POINT('',(-4.398048485,265.393598137,109.85945947));
#4548=CARTESIAN_POINT('',(-5.68991382,266.119781913,109.663052069));
#4549=CARTESIAN_POINT('',(-5.560837088,266.165490441,109.695405142));
#4550=CARTESIAN_POINT('',(-5.421781983,266.182806666,109.727741272));
#4551=CARTESIAN_POINT('',(-5.147819656,266.157652891,109.786773047));
#4552=CARTESIAN_POINT('',(-5.013055838,266.115196059,109.813437777));
#4553=CARTESIAN_POINT('',(-4.771323669,265.97788237,109.856441656));
#4554=CARTESIAN_POINT('',(-4.664481852,265.883097391,109.872758285));
#4555=CARTESIAN_POINT('',(-4.497367398,265.657701944,109.892191858));
#4556=CARTESIAN_POINT('',(-4.437182237,265.527209461,109.895298625));
#4557=CARTESIAN_POINT('',(-4.405585611,265.390232491,109.891526035));
#4558=CARTESIAN_POINT('',(-5.729041383,266.105889965,109.856994001));
#4559=CARTESIAN_POINT('',(-5.597164924,266.152950076,109.875682796));
#4560=CARTESIAN_POINT('',(-5.455194764,266.171506211,109.894361686));
#4561=CARTESIAN_POINT('',(-5.175789023,266.148379559,109.928442049));
#4562=CARTESIAN_POINT('',(-5.03850106,266.106708996,109.94382546));
#4563=CARTESIAN_POINT('',(-4.792661703,265.97041028,109.968595855));
#4564=CARTESIAN_POINT('',(-4.684240194,265.875854146,109.97796971));
#4565=CARTESIAN_POINT('',(-4.515273729,265.650394631,109.989059902));
#4566=CARTESIAN_POINT('',(-4.454818047,265.519610376,109.990770359));
#4567=CARTESIAN_POINT('',(-4.423653812,265.382159108,109.988497001));
#4568=CARTESIAN_POINT('',(-5.742128245,266.101189599,109.987756247));
#4569=CARTESIAN_POINT('',(-5.609306684,266.148713082,109.997153762));
#4570=CARTESIAN_POINT('',(-5.466352084,266.167694162,110.006546297));
#4571=CARTESIAN_POINT('',(-5.185110295,266.145260919,110.0236832));
#4572=CARTESIAN_POINT('',(-5.046972184,266.103858489,110.031418484));
#4573=CARTESIAN_POINT('',(-4.799754947,265.967903231,110.043873568));
#4574=CARTESIAN_POINT('',(-4.690806865,265.87342247,110.048586764));
#4575=CARTESIAN_POINT('',(-4.521233996,265.647933586,110.054162413));
#4576=CARTESIAN_POINT('',(-4.460699097,265.517044989,110.055021909));
#4577=CARTESIAN_POINT('',(-4.429694842,265.379426732,110.053878123));
#4578=CARTESIAN_POINT('',(-5.742128245,266.101189599,110.12));
#4579=CARTESIAN_POINT('',(-5.609306684,266.148713082,110.12));
#4580=CARTESIAN_POINT('',(-5.466352084,266.167694162,110.12));
#4581=CARTESIAN_POINT('',(-5.185110295,266.145260919,110.12));
#4582=CARTESIAN_POINT('',(-5.046972184,266.103858489,110.12));
#4583=CARTESIAN_POINT('',(-4.799754947,265.967903231,110.12));
#4584=CARTESIAN_POINT('',(-4.690806865,265.87342247,110.12));
#4585=CARTESIAN_POINT('',(-4.521233996,265.647933586,110.12));
#4586=CARTESIAN_POINT('',(-4.460699097,265.517044989,110.12));
#4587=CARTESIAN_POINT('',(-4.429694842,265.379426732,110.12));
#4588=B_SPLINE_SURFACE_WITH_KNOTS('',3,3,((#4348,#4349,#4350,#4351,#4352,#4353,#4354,#4355,#4356,#4357),(#4358,#4359,#4360,#4361,#4362,#4363,#4364,#4365,#4366,#4367),(#4368,#4369,#4370,#4371,#4372,#4373,#4374,#4375,#4376,#4377),(#4378,#4379,#4380,#4381,#4382,#4383,#4384,#4385,#4386,#4387),(#4388,#4389,#4390,#4391,#4392,#4393,#4394,#4395,#4396,#4397),(#4398,#4399,#4400,#4401,#4402,#4403,#4404,#4405,#4406,#4407),(#4408,#4409,#4410,#4411,#4412,#4413,#4414,#4415,#4416,#4417),(#4418,#4419,#4420,#4421,#4422,#4423,#4424,#4425,#4426,#4427),(#4428,#4429,#4430,#4431,#4432,#4433,#4434,#4435,#4436,#4437),(#4438,#4439,#4440,#4441,#4442,#4443,#4444,#4445,#4446,#4447),(#4448,#4449,#4450,#4451,#4452,#4453,#4454,#4455,#4456,#4457),(#4458,#4459,#4460,#4461,#4462,#4463,#4464,#4465,#4466,#4467),(#4468,#4469,#4470,#4471,#4472,#4473,#4474,#4475,#4476,#4477),(#4478,#4479,#4480,#4481,#4482,#4483,#4484,#4485,#4486,#4487),(#4488,#4489,#4490,#4491,#4492,#4493,#4494,#4495,#4496,#4497),(#4498,#4499,#4500,#4501,#4502,#4503,#4504,#4505,#4506,#4507),(#4508,#4509,#4510,#4511,#4512,#4513,#4514,#4515,#4516,#4517),(#4518,#4519,#4520,#4521,#4522,#4523,#4524,#4525,#4526,#4527),(#4528,#4529,#4530,#4531,#4532,#4533,#4534,#4535,#4536,#4537),(#4538,#4539,#4540,#4541,#4542,#4543,#4544,#4545,#4546,#4547),(#4548,#4549,#4550,#4551,#4552,#4553,#4554,#4555,#4556,#4557),(#4558,#4559,#4560,#4561,#4562,#4563,#4564,#4565,#4566,#4567),(#4568,#4569,#4570,#4571,#4572,#4573,#4574,#4575,#4576,#4577),(#4578,#4579,#4580,#4581,#4582,#4583,#4584,#4585,#4586,#4587)),.UNSPECIFIED.,.F.,.F.,.U.,(4,2,2,2,2,2,2,2,2,2,2,4),(4,2,2,2,4),(0.,0.000391071,0.000586606,0.000782141,0.001173212,0.001564283,0.001955354,0.002150889,0.002346424,0.00254196,0.002737495,0.003128566),(0.,0.25,0.5,0.75,1.),.UNSPECIFIED.);
#4589=ORIENTED_EDGE('',*,*,#4335,.F.);
#4590=CARTESIAN_POINT('',(-5.405243612,265.159643665,110.12));
#4591=DIRECTION('',(0.,-0.,1.));
#4592=DIRECTION('',(0.,1.,0.));
#4593=AXIS2_PLACEMENT_3D('',#4590,#4591,#4592);
#4594=CIRCLE('',#4593,1.);
#4595=EDGE_CURVE('',#3769,#4323,#4594,.T.);
#4596=ORIENTED_EDGE('',*,*,#4595,.F.);
#4597=ORIENTED_EDGE('',*,*,#3861,.T.);
#4598=CARTESIAN_POINT('',(-3.478546198,265.715551091,108.12));
#4599=DIRECTION('',(-0.976290147,-0.216466044,-0.));
#4600=DIRECTION('',(-0.216466044,0.976290147,0.));
#4601=AXIS2_PLACEMENT_3D('',#4598,#4599,#4600);
#4602=CIRCLE('',#4601,1.);
#4603=EDGE_CURVE('',#2860,#2124,#4602,.T.);
#4604=ORIENTED_EDGE('',*,*,#4603,.T.);
#4605=ORIENTED_EDGE('',*,*,#2151,.T.);
#4606=EDGE_LOOP('',(#4589,#4596,#4597,#4604,#4605));
#4607=FACE_BOUND('',#4606,.T.);
#4608=ADVANCED_FACE('',(#4607),#4588,.T.);
#4609=CARTESIAN_POINT('',(12.158008397,260.478342066,129.17));
#4610=DIRECTION('',(0.,0.,-1.));
#4611=DIRECTION('',(-1.,0.,0.));
#4612=AXIS2_PLACEMENT_3D('',#4609,#4610,#4611);
#4613=CYLINDRICAL_SURFACE('',#4612,1.);
#4614=ORIENTED_EDGE('',*,*,#2925,.T.);
#4615=CARTESIAN_POINT('',(12.158008397,260.478342066,128.32));
#4616=DIRECTION('',(0.,0.,-1.));
#4617=DIRECTION('',(-1.,0.,0.));
#4618=AXIS2_PLACEMENT_3D('',#4615,#4616,#4617);
#4619=CIRCLE('',#4618,1.);
#4620=EDGE_CURVE('',#2912,#2205,#4619,.T.);
#4621=ORIENTED_EDGE('',*,*,#4620,.T.);
#4622=ORIENTED_EDGE('',*,*,#2210,.T.);
#4623=CARTESIAN_POINT('',(12.158008397,260.478342066,110.12));
#4624=DIRECTION('',(-0.,-0.,1.));
#4625=DIRECTION('',(-1.,0.,0.));
#4626=AXIS2_PLACEMENT_3D('',#4623,#4624,#4625);
#4627=CIRCLE('',#4626,1.);
#4628=EDGE_CURVE('',#2172,#2920,#4627,.T.);
#4629=ORIENTED_EDGE('',*,*,#4628,.T.);
#4630=EDGE_LOOP('',(#4614,#4621,#4622,#4629));
#4631=FACE_BOUND('',#4630,.T.);
#4632=ADVANCED_FACE('',(#4631),#4613,.T.);
#4633=CARTESIAN_POINT('',(-0.015089493,250.094908733,108.12));
#4634=DIRECTION('',(0.,-0.,1.));
#4635=DIRECTION('',(0.,1.,0.));
#4636=AXIS2_PLACEMENT_3D('',#4633,#4634,#4635);
#4637=TOROIDAL_SURFACE('',#4636,16.,1.);
#4638=CARTESIAN_POINT('',(-0.015089493,266.094908733,108.12));
#4639=DIRECTION('',(-1.,-0.,-0.));
#4640=DIRECTION('',(-0.,1.,0.));
#4641=AXIS2_PLACEMENT_3D('',#4638,#4639,#4640);
#4642=CIRCLE('',#4641,1.);
#4643=EDGE_CURVE('',#2877,#2154,#4642,.T.);
#4644=ORIENTED_EDGE('',*,*,#4643,.T.);
#4645=ORIENTED_EDGE('',*,*,#2160,.T.);
#4646=ORIENTED_EDGE('',*,*,#4603,.F.);
#4647=ORIENTED_EDGE('',*,*,#2890,.T.);
#4648=EDGE_LOOP('',(#4644,#4645,#4646,#4647));
#4649=FACE_BOUND('',#4648,.T.);
#4650=ADVANCED_FACE('',(#4649),#4637,.T.);
#4651=CARTESIAN_POINT('',(12.918827015,261.127306649,110.12));
#4652=CARTESIAN_POINT('',(12.872070544,261.182121957,110.12));
#4653=CARTESIAN_POINT('',(12.819368831,261.231862644,110.12));
#4654=CARTESIAN_POINT('',(12.704519905,261.31888716,110.12));
#4655=CARTESIAN_POINT('',(12.642376861,261.356167832,110.12));
#4656=CARTESIAN_POINT('',(12.511536604,261.416536444,110.12));
#4657=CARTESIAN_POINT('',(12.44284414,261.439622194,110.12));
#4658=CARTESIAN_POINT('',(12.302101383,261.470525565,110.12));
#4659=CARTESIAN_POINT('',(12.230056197,261.478342066,110.12));
#4660=CARTESIAN_POINT('',(12.158008397,261.478342066,110.12));
#4661=CARTESIAN_POINT('',(12.918827015,261.127306649,109.95655691));
#4662=CARTESIAN_POINT('',(12.872070544,261.182121957,109.964295755));
#4663=CARTESIAN_POINT('',(12.819368831,261.231862644,109.97203432));
#4664=CARTESIAN_POINT('',(12.704519905,261.31888716,109.987151873));
#4665=CARTESIAN_POINT('',(12.642376861,261.356167832,109.994530312));
#4666=CARTESIAN_POINT('',(12.511536604,261.416536444,110.008584211));
#4667=CARTESIAN_POINT('',(12.44284414,261.439622194,110.01525916));
#4668=CARTESIAN_POINT('',(12.302101383,261.470525565,110.027595388));
#4669=CARTESIAN_POINT('',(12.230056197,261.478342066,110.033256219));
#4670=CARTESIAN_POINT('',(12.158008397,261.478342066,110.038278455));
#4671=CARTESIAN_POINT('',(12.901025445,261.148270004,109.797813896));
#4672=CARTESIAN_POINT('',(12.854607384,261.202504817,109.813070294));
#4673=CARTESIAN_POINT('',(12.802158997,261.251576498,109.828326142));
#4674=CARTESIAN_POINT('',(12.687673141,261.337079991,109.858128579));
#4675=CARTESIAN_POINT('',(12.625639955,261.373508599,109.872674087));
#4676=CARTESIAN_POINT('',(12.49491578,261.432001043,109.900378424));
#4677=CARTESIAN_POINT('',(12.42622968,261.454062684,109.913536248));
#4678=CARTESIAN_POINT('',(12.285445298,261.482774674,109.937852238));
#4679=CARTESIAN_POINT('',(12.21335228,261.489423941,109.94900952));
#4680=CARTESIAN_POINT('',(12.141256532,261.488208272,109.958906947));
#4681=CARTESIAN_POINT('',(12.849043032,261.208629951,109.566263017));
#4682=CARTESIAN_POINT('',(12.803620933,261.261204831,109.592687958));
#4683=CARTESIAN_POINT('',(12.751919131,261.308351005,109.619111826));
#4684=CARTESIAN_POINT('',(12.638501852,261.389464228,109.670659067));
#4685=CARTESIAN_POINT('',(12.576791015,261.423427959,109.69578034));
#4686=CARTESIAN_POINT('',(12.446403375,261.476496858,109.743483832));
#4687=CARTESIAN_POINT('',(12.377731905,261.495599855,109.766064108));
#4688=CARTESIAN_POINT('',(12.236814732,261.518001701,109.807572198));
#4689=CARTESIAN_POINT('',(12.164574793,261.521299632,109.826498321));
#4690=CARTESIAN_POINT('',(12.092331864,261.516612987,109.843131521));
#4691=CARTESIAN_POINT('',(12.827411471,261.233653112,109.490472718));
#4692=CARTESIAN_POINT('',(12.782404491,261.285541132,109.520588974));
#4693=CARTESIAN_POINT('',(12.731013938,261.331889128,109.55070396));
#4694=CARTESIAN_POINT('',(12.618041905,261.411181021,109.609425641));
#4695=CARTESIAN_POINT('',(12.556465216,261.444121554,109.63802986));
#4696=CARTESIAN_POINT('',(12.426217059,261.494939493,109.6922948));
#4697=CARTESIAN_POINT('',(12.357551112,261.512814739,109.717953234));
#4698=CARTESIAN_POINT('',(12.216577227,261.532600361,109.765038985));
#4699=CARTESIAN_POINT('',(12.144275265,261.534509891,109.786464317));
#4700=CARTESIAN_POINT('',(12.071970237,261.52838746,109.805236359));
#4701=CARTESIAN_POINT('',(12.777256051,261.291218519,109.345893831));
#4702=CARTESIAN_POINT('',(12.733216851,261.341532407,109.383150152));
#4703=CARTESIAN_POINT('',(12.68255277,261.386044404,109.420404765));
#4704=CARTESIAN_POINT('',(12.570619716,261.46114029,109.492969714));
#4705=CARTESIAN_POINT('',(12.509355891,261.491720721,109.528276724));
#4706=CARTESIAN_POINT('',(12.379431577,261.537349139,109.595100382));
#4707=CARTESIAN_POINT('',(12.310777063,261.552395024,109.626613969));
#4708=CARTESIAN_POINT('',(12.169666862,261.566163331,109.684202789));
#4709=CARTESIAN_POINT('',(12.097217665,261.564885116,109.710275384));
#4710=CARTESIAN_POINT('',(12.024765136,261.555477064,109.732946916));
#4711=CARTESIAN_POINT('',(12.748598149,261.32391693,109.276443436));
#4712=CARTESIAN_POINT('',(12.705114483,261.373339387,109.317180118));
#4713=CARTESIAN_POINT('',(12.65486782,261.416808736,109.357914878));
#4714=CARTESIAN_POINT('',(12.543531715,261.489518908,109.437210389));
#4715=CARTESIAN_POINT('',(12.482447633,261.518756224,109.475767341));
#4716=CARTESIAN_POINT('',(12.352708858,261.561432371,109.548645407));
#4717=CARTESIAN_POINT('',(12.284060408,261.57486914,109.582963029));
#4718=CARTESIAN_POINT('',(12.142870416,261.585220293,109.64552691));
#4719=CARTESIAN_POINT('',(12.070335667,261.582134168,109.673770169));
#4720=CARTESIAN_POINT('',(11.997797354,261.570867377,109.698222172));
#4721=CARTESIAN_POINT('',(12.68439597,261.396475661,109.142854614));
#4722=CARTESIAN_POINT('',(12.642162788,261.443928655,109.19041288));
#4723=CARTESIAN_POINT('',(12.592856654,261.485083698,109.237968661));
#4724=CARTESIAN_POINT('',(12.482864329,261.552488246,109.330412797));
#4725=CARTESIAN_POINT('',(12.422183984,261.578734162,109.375296256));
#4726=CARTESIAN_POINT('',(12.29285831,261.614839328,109.459873042));
#4727=CARTESIAN_POINT('',(12.224219852,261.624696651,109.499561888));
#4728=CARTESIAN_POINT('',(12.082841123,261.627465541,109.571518255));
#4729=CARTESIAN_POINT('',(12.010108363,261.620376951,109.603781964));
#4730=CARTESIAN_POINT('',(11.93737166,261.605012753,109.631427837));
#4731=CARTESIAN_POINT('',(12.648596248,261.436616029,109.078386698));
#4732=CARTESIAN_POINT('',(12.607063052,261.482983488,109.129304434));
#4733=CARTESIAN_POINT('',(12.558283836,261.522857922,109.180219326));
#4734=CARTESIAN_POINT('',(12.449043785,261.587321917,109.279116197));
#4735=CARTESIAN_POINT('',(12.388589076,261.611907854,109.327092654));
#4736=CARTESIAN_POINT('',(12.259492637,261.644368681,109.417343165));
#4737=CARTESIAN_POINT('',(12.190858145,261.652241737,109.459612178));
#4738=CARTESIAN_POINT('',(12.049369695,261.650816246,109.536007123));
#4739=CARTESIAN_POINT('',(11.976523668,261.641517763,109.570128786));
#4740=CARTESIAN_POINT('',(11.903673558,261.623899421,109.599193349));
#4741=CARTESIAN_POINT('',(12.572115643,261.521436106,108.957490551));
#4742=CARTESIAN_POINT('',(12.532089163,261.565521619,109.014861861));
#4743=CARTESIAN_POINT('',(12.484446122,261.602689127,109.072229588));
#4744=CARTESIAN_POINT('',(12.376827555,261.660923787,109.183471561));
#4745=CARTESIAN_POINT('',(12.316858774,261.681987281,109.237338858));
#4746=CARTESIAN_POINT('',(12.188252507,261.706721727,109.338292348));
#4747=CARTESIAN_POINT('',(12.119623079,261.710391116,109.385372234));
#4748=CARTESIAN_POINT('',(11.977888645,261.700107466,109.469876785));
#4749=CARTESIAN_POINT('',(11.904792518,261.686155055,109.507296168));
#4750=CARTESIAN_POINT('',(11.831691811,261.663814751,109.538745275));
#4751=CARTESIAN_POINT('',(12.531321067,261.566248792,108.900728504));
#4752=CARTESIAN_POINT('',(12.492102875,261.609134088,108.961210216));
#4753=CARTESIAN_POINT('',(12.445070151,261.644870868,109.021687928));
#4754=CARTESIAN_POINT('',(12.338322119,261.699806692,109.138853829));
#4755=CARTESIAN_POINT('',(12.278613897,261.719002078,109.19553427));
#4756=CARTESIAN_POINT('',(12.150268574,261.739642059,109.301545806));
#4757=CARTESIAN_POINT('',(12.081639989,261.741085267,109.350869888));
#4758=CARTESIAN_POINT('',(11.939768587,261.726123351,109.439069884));
#4759=CARTESIAN_POINT('',(11.866535181,261.709719198,109.47793996));
#4760=CARTESIAN_POINT('',(11.793296916,261.684903074,109.510364252));
#4761=CARTESIAN_POINT('',(12.444970509,261.659983978,108.793789981));
#4762=CARTESIAN_POINT('',(12.407475724,261.70037209,108.860306859));
#4763=CARTESIAN_POINT('',(12.361746678,261.733113426,108.926818784));
#4764=CARTESIAN_POINT('',(12.256856978,261.781126223,109.055423066));
#4765=CARTESIAN_POINT('',(12.197704156,261.796394085,109.117505849));
#4766=CARTESIAN_POINT('',(12.069909904,261.808435499,109.23311646));
#4767=CARTESIAN_POINT('',(12.001278013,261.805208134,109.286635681));
#4768=CARTESIAN_POINT('',(11.859100771,261.780467111,109.381553068));
#4769=CARTESIAN_POINT('',(11.785566031,261.75895528,109.422944164));
#4770=CARTESIAN_POINT('',(11.712025803,261.72901375,109.456894991));
#4771=CARTESIAN_POINT('',(12.399415818,261.70890557,108.743611946));
#4772=CARTESIAN_POINT('',(12.362836719,261.747997076,108.813053593));
#4773=CARTESIAN_POINT('',(12.317801519,261.779174067,108.882489819));
#4774=CARTESIAN_POINT('',(12.213900404,261.823563388,109.016608807));
#4775=CARTESIAN_POINT('',(12.155042727,261.836772181,109.081280971));
#4776=CARTESIAN_POINT('',(12.027539029,261.844310116,109.201433069));
#4777=CARTESIAN_POINT('',(11.958903112,261.838638637,109.256903505));
#4778=CARTESIAN_POINT('',(11.816557079,261.808797232,109.354843435));
#4779=CARTESIAN_POINT('',(11.742858241,261.784629644,109.397305183));
#4780=CARTESIAN_POINT('',(11.669153492,261.752038651,109.431807692));
#4781=CARTESIAN_POINT('',(12.30370148,261.81037942,108.649358572));
#4782=CARTESIAN_POINT('',(12.269060456,261.846795632,108.724497457));
#4783=CARTESIAN_POINT('',(12.225496828,261.874722176,108.799629702));
#4784=CARTESIAN_POINT('',(12.123690858,261.91156358,108.944428572));
#4785=CARTESIAN_POINT('',(12.065457635,261.920475124,109.014082261));
#4786=CARTESIAN_POINT('',(11.938562062,261.918627885,109.142843068));
#4787=CARTESIAN_POINT('',(11.869911073,261.907869245,109.201938681));
#4788=CARTESIAN_POINT('',(11.727190217,261.867458123,109.305270852));
#4789=CARTESIAN_POINT('',(11.653133125,261.837809233,109.349498173));
#4790=CARTESIAN_POINT('',(11.579069327,261.799791099,109.384681098));
#4791=CARTESIAN_POINT('',(12.253319778,261.863155971,108.605147521));
#4792=CARTESIAN_POINT('',(12.219705724,261.898187693,108.683068802));
#4793=CARTESIAN_POINT('',(12.176923331,261.924420888,108.760982679));
#4794=CARTESIAN_POINT('',(12.076228916,261.957320869,108.910964786));
#4795=CARTESIAN_POINT('',(12.018326493,261.963984496,108.983018762));
#4796=CARTESIAN_POINT('',(11.891749921,261.957234426,109.115859796));
#4797=CARTESIAN_POINT('',(11.82308783,261.943821339,109.176634225));
#4798=CARTESIAN_POINT('',(11.68015999,261.897917609,109.282341409));
#4799=CARTESIAN_POINT('',(11.605907853,261.865431302,109.32726411));
#4800=CARTESIAN_POINT('',(11.531648645,261.8246241,109.36257376));
#4801=CARTESIAN_POINT('',(12.098478068,262.023174211,108.483415101));
#4802=CARTESIAN_POINT('',(12.068049357,262.054032361,108.569342109));
#4803=CARTESIAN_POINT('',(12.027696188,262.075120834,108.655259394));
#4804=CARTESIAN_POINT('',(11.930456327,262.096013662,108.820056902));
#4805=CARTESIAN_POINT('',(11.873580743,262.095815535,108.898918471));
#4806=CARTESIAN_POINT('',(11.74798362,262.074124933,109.043124241));
#4807=CARTESIAN_POINT('',(11.6792764,262.052634805,109.108452105));
#4808=CARTESIAN_POINT('',(11.535676482,261.990101134,109.220217093));
#4809=CARTESIAN_POINT('',(11.46080014,261.949064579,109.266641533));
#4810=CARTESIAN_POINT('',(11.38591527,261.899926801,109.30170755));
#4811=CARTESIAN_POINT('',(11.989603141,262.132882383,108.415825473));
#4812=CARTESIAN_POINT('',(11.961448772,262.160909475,108.506688179));
#4813=CARTESIAN_POINT('',(11.922837526,262.178455977,108.597539286));
#4814=CARTESIAN_POINT('',(11.828072175,262.19104078,108.771336076));
#4815=CARTESIAN_POINT('',(11.771930299,262.186077314,108.854259563));
#4816=CARTESIAN_POINT('',(11.647018974,262.154043797,109.004959281));
#4817=CARTESIAN_POINT('',(11.578265595,262.126977679,109.072716236));
#4818=CARTESIAN_POINT('',(11.434147276,262.053071381,109.187157271));
#4819=CARTESIAN_POINT('',(11.358800853,262.006240502,109.233826665));
#4820=CARTESIAN_POINT('',(11.283444751,261.951554176,109.267912737));
#4821=CARTESIAN_POINT('',(11.818566884,262.300273966,108.330953589));
#4822=CARTESIAN_POINT('',(11.794056976,262.324025246,108.428811491));
#4823=CARTESIAN_POINT('',(11.758254161,262.336124485,108.526654281));
#4824=CARTESIAN_POINT('',(11.667474072,262.33586196,108.713000314));
#4825=CARTESIAN_POINT('',(11.612510849,262.3235002,108.801474776));
#4826=CARTESIAN_POINT('',(11.488672196,262.275485938,108.960607929));
#4827=CARTESIAN_POINT('',(11.41981592,262.239840814,109.031242034));
#4828=CARTESIAN_POINT('',(11.274785221,262.148660585,109.147922801));
#4829=CARTESIAN_POINT('',(11.198633223,262.09313953,109.193951426));
#4830=CARTESIAN_POINT('',(11.12246945,262.030326685,109.225476794));
#4831=CARTESIAN_POINT('',(11.760261632,262.356550782,108.305436846));
#4832=CARTESIAN_POINT('',(11.737006115,262.378872128,108.405557564));
#4833=CARTESIAN_POINT('',(11.702172627,262.389133329,108.505661991));
#4834=CARTESIAN_POINT('',(11.61276737,262.384524105,108.696031435));
#4835=CARTESIAN_POINT('',(11.558210281,262.369654392,108.786265263));
#4836=CARTESIAN_POINT('',(11.434736649,262.316235003,108.947990386));
#4837=CARTESIAN_POINT('',(11.365840365,262.277694035,109.019455175));
#4838=CARTESIAN_POINT('',(11.220482636,262.180719184,109.136585568));
#4839=CARTESIAN_POINT('',(11.144045033,262.12230115,109.182231959));
#4840=CARTESIAN_POINT('',(11.067594842,262.056811659,109.212721387));
#4841=CARTESIAN_POINT('',(11.641106889,262.469877275,108.259595225));
#4842=CARTESIAN_POINT('',(11.620440745,262.48933134,108.364123316));
#4843=CARTESIAN_POINT('',(11.587614739,262.49587172,108.468632268));
#4844=CARTESIAN_POINT('',(11.501055422,262.482440362,108.666763449));
#4845=CARTESIAN_POINT('',(11.447338091,262.462471057,108.760349173));
#4846=CARTESIAN_POINT('',(11.324608683,262.398091874,108.926845455));
#4847=CARTESIAN_POINT('',(11.255619248,262.353693815,108.999725327));
#4848=CARTESIAN_POINT('',(11.109556396,262.245083644,109.117180897));
#4849=CARTESIAN_POINT('',(11.032509918,262.180891505,109.161734931));
#4850=CARTESIAN_POINT('',(10.955449176,262.110141772,109.189800608));
#4851=CARTESIAN_POINT('',(11.580095904,262.52707217,108.239232292));
#4852=CARTESIAN_POINT('',(11.560768688,262.545085744,108.345910305));
#4853=CARTESIAN_POINT('',(11.528983912,262.549738857,108.452567586));
#4854=CARTESIAN_POINT('',(11.443900012,262.531820959,108.654446477));
#4855=CARTESIAN_POINT('',(11.39061754,262.509253399,108.749628663));
#4856=CARTESIAN_POINT('',(11.268268295,262.439305245,108.918309126));
#4857=CARTESIAN_POINT('',(11.199225445,262.391938259,108.991774448));
#4858=CARTESIAN_POINT('',(11.052783103,262.27747238,109.109103987));
#4859=CARTESIAN_POINT('',(10.975412235,262.210395796,109.152945261));
#4860=CARTESIAN_POINT('',(10.898026233,262.137056105,109.179618611));
#4861=CARTESIAN_POINT('',(11.272504894,262.811134887,108.150639175));
#4862=CARTESIAN_POINT('',(11.260006236,262.822022623,108.267691832));
#4863=CARTESIAN_POINT('',(11.233550679,262.817244447,108.384715199));
#4864=CARTESIAN_POINT('',(11.156015065,262.776847576,108.604489094));
#4865=CARTESIAN_POINT('',(11.104955031,262.741238315,108.707184354));
#4866=CARTESIAN_POINT('',(10.984519224,262.643425651,108.885701948));
#4867=CARTESIAN_POINT('',(10.915174181,262.581246094,108.96147921));
#4868=CARTESIAN_POINT('',(10.766710573,262.437801168,109.076822856));
#4869=CARTESIAN_POINT('',(10.687629725,262.356571218,109.116359803));
#4870=CARTESIAN_POINT('',(10.608528795,262.270732682,109.135322097));
#4871=CARTESIAN_POINT('',(11.016117943,263.034416568,108.12));
#4872=CARTESIAN_POINT('',(11.009539866,263.039798504,108.244286392));
#4873=CARTESIAN_POINT('',(10.987761203,263.02742818,108.368534252));
#4874=CARTESIAN_POINT('',(10.916839993,262.968747683,108.600173245));
#4875=CARTESIAN_POINT('',(10.867720323,262.922454455,108.7074924));
#4876=CARTESIAN_POINT('',(10.748867831,262.80208572,108.890605433));
#4877=CARTESIAN_POINT('',(10.679172485,262.728046223,108.966341929));
#4878=CARTESIAN_POINT('',(10.528702911,262.562138675,109.075862715));
#4879=CARTESIAN_POINT('',(10.447975752,262.470321073,109.109611849));
#4880=CARTESIAN_POINT('',(10.367223388,262.375805557,109.12));
#4881=CARTESIAN_POINT('',(10.749801593,263.252306649,108.12));
#4882=CARTESIAN_POINT('',(10.749801593,263.252306649,108.250899694));
#4883=CARTESIAN_POINT('',(10.73332034,263.232162423,108.381747884));
#4884=CARTESIAN_POINT('',(10.669879488,263.154621784,108.62361898));
#4885=CARTESIAN_POINT('',(10.62294485,263.09725588,108.73454672));
#4886=CARTESIAN_POINT('',(10.505721441,262.953979462,108.919666842));
#4887=CARTESIAN_POINT('',(10.435478792,262.86812532,108.993786388));
#4888=CARTESIAN_POINT('',(10.282319027,262.680925658,109.093972677));
#4889=CARTESIAN_POINT('',(10.199462173,262.579653793,109.12));
#4890=CARTESIAN_POINT('',(10.116572705,262.478342066,109.12));
#4891=B_SPLINE_SURFACE_WITH_KNOTS('',3,3,((#4651,#4652,#4653,#4654,#4655,#4656,#4657,#4658,#4659,#4660),(#4661,#4662,#4663,#4664,#4665,#4666,#4667,#4668,#4669,#4670),(#4671,#4672,#4673,#4674,#4675,#4676,#4677,#4678,#4679,#4680),(#4681,#4682,#4683,#4684,#4685,#4686,#4687,#4688,#4689,#4690),(#4691,#4692,#4693,#4694,#4695,#4696,#4697,#4698,#4699,#4700),(#4701,#4702,#4703,#4704,#4705,#4706,#4707,#4708,#4709,#4710),(#4711,#4712,#4713,#4714,#4715,#4716,#4717,#4718,#4719,#4720),(#4721,#4722,#4723,#4724,#4725,#4726,#4727,#4728,#4729,#4730),(#4731,#4732,#4733,#4734,#4735,#4736,#4737,#4738,#4739,#4740),(#4741,#4742,#4743,#4744,#4745,#4746,#4747,#4748,#4749,#4750),(#4751,#4752,#4753,#4754,#4755,#4756,#4757,#4758,#4759,#4760),(#4761,#4762,#4763,#4764,#4765,#4766,#4767,#4768,#4769,#4770),(#4771,#4772,#4773,#4774,#4775,#4776,#4777,#4778,#4779,#4780),(#4781,#4782,#4783,#4784,#4785,#4786,#4787,#4788,#4789,#4790),(#4791,#4792,#4793,#4794,#4795,#4796,#4797,#4798,#4799,#4800),(#4801,#4802,#4803,#4804,#4805,#4806,#4807,#4808,#4809,#4810),(#4811,#4812,#4813,#4814,#4815,#4816,#4817,#4818,#4819,#4820),(#4821,#4822,#4823,#4824,#4825,#4826,#4827,#4828,#4829,#4830),(#4831,#4832,#4833,#4834,#4835,#4836,#4837,#4838,#4839,#4840),(#4841,#4842,#4843,#4844,#4845,#4846,#4847,#4848,#4849,#4850),(#4851,#4852,#4853,#4854,#4855,#4856,#4857,#4858,#4859,#4860),(#4861,#4862,#4863,#4864,#4865,#4866,#4867,#4868,#4869,#4870),(#4871,#4872,#4873,#4874,#4875,#4876,#4877,#4878,#4879,#4880),(#4881,#4882,#4883,#4884,#4885,#4886,#4887,#4888,#4889,#4890)),.UNSPECIFIED.,.F.,.F.,.U.,(4,2,2,2,2,2,2,2,2,2,2,4),(4,2,2,2,4),(0.,0.00048244,0.00072366,0.00096488,0.0012061,0.001447321,0.001688541,0.001929761,0.002412201,0.002653421,0.002894641,0.003859521),(0.,0.25,0.5,0.75,1.),.UNSPECIFIED.);
#4892=ORIENTED_EDGE('',*,*,#4628,.F.);
#4893=ORIENTED_EDGE('',*,*,#2202,.T.);
#4894=CARTESIAN_POINT('',(10.116572705,262.478342066,109.12));
#4895=CARTESIAN_POINT('',(10.199462173,262.579653793,109.12));
#4896=CARTESIAN_POINT('',(10.282319027,262.680925658,109.093972677));
#4897=CARTESIAN_POINT('',(10.358898909,262.774525489,109.043879532));
#4898=CARTESIAN_POINT('',(10.435478792,262.86812532,108.993786388));
#4899=CARTESIAN_POINT('',(10.505721441,262.953979462,108.919666842));
#4900=CARTESIAN_POINT('',(10.564333146,263.025617671,108.827106781));
#4901=CARTESIAN_POINT('',(10.62294485,263.097255881,108.73454672));
#4902=CARTESIAN_POINT('',(10.669879488,263.154621784,108.62361898));
#4903=CARTESIAN_POINT('',(10.701599914,263.193392103,108.502683432));
#4904=CARTESIAN_POINT('',(10.73332034,263.232162423,108.381747884));
#4905=CARTESIAN_POINT('',(10.749801593,263.252306649,108.250899694));
#4906=CARTESIAN_POINT('',(10.749801593,263.252306649,108.12));
#4907=B_SPLINE_CURVE_WITH_KNOTS('',3,(#4894,#4895,#4896,#4897,#4898,#4899,#4900,#4901,#4902,#4903,#4904,#4905,#4906),.UNSPECIFIED.,.F.,.F.,(4,3,3,3,4),(90.,112.5,135.,157.5,180.),.UNSPECIFIED.);
#4908=EDGE_CURVE('',#2869,#2163,#4907,.T.);
#4909=ORIENTED_EDGE('',*,*,#4908,.F.);
#4910=ORIENTED_EDGE('',*,*,#3828,.T.);
#4911=EDGE_LOOP('',(#4892,#4893,#4909,#4910));
#4912=FACE_BOUND('',#4911,.T.);
#4913=ADVANCED_FACE('',(#4912),#4891,.T.);
#4914=CARTESIAN_POINT('',(-0.015089493,250.094908733,128.12));
#4915=DIRECTION('',(0.,0.,1.));
#4916=DIRECTION('',(1.,0.,-0.));
#4917=AXIS2_PLACEMENT_3D('',#4914,#4915,#4916);
#4918=TOROIDAL_SURFACE('',#4917,16.,1.);
#4919=ORIENTED_EDGE('',*,*,#2113,.T.);
#4920=CARTESIAN_POINT('',(-0.015089493,250.094908733,128.12));
#4921=DIRECTION('',(0.,0.,1.));
#4922=DIRECTION('',(1.,0.,-0.));
#4923=AXIS2_PLACEMENT_3D('',#4920,#4921,#4922);
#4924=CIRCLE('',#4923,17.);
#4925=EDGE_CURVE('',#2099,#1663,#4924,.T.);
#4926=ORIENTED_EDGE('',*,*,#4925,.T.);
#4927=ORIENTED_EDGE('',*,*,#1687,.T.);
#4928=ORIENTED_EDGE('',*,*,#1891,.T.);
#4929=CARTESIAN_POINT('',(-5.405243612,265.159643665,128.12));
#4930=DIRECTION('',(-0.941545933,-0.336884632,-0.));
#4931=DIRECTION('',(-0.336884632,0.941545933,0.));
#4932=AXIS2_PLACEMENT_3D('',#4929,#4930,#4931);
#4933=CIRCLE('',#4932,1.);
#4934=EDGE_CURVE('',#1479,#2107,#4933,.T.);
#4935=ORIENTED_EDGE('',*,*,#4934,.T.);
#4936=EDGE_LOOP('',(#4919,#4926,#4927,#4928,#4935));
#4937=FACE_BOUND('',#4936,.T.);
#4938=ADVANCED_FACE('',(#4937),#4918,.T.);
#4939=CARTESIAN_POINT('',(-5.405243612,265.159643665,128.12));
#4940=DIRECTION('',(0.,0.,1.));
#4941=DIRECTION('',(1.,0.,-0.));
#4942=AXIS2_PLACEMENT_3D('',#4939,#4940,#4941);
#4943=SPHERICAL_SURFACE('',#4942,1.);
#4944=CARTESIAN_POINT('',(-5.405243612,265.159643665,128.12));
#4945=DIRECTION('',(-0.,1.,-0.));
#4946=DIRECTION('',(1.,0.,0.));
#4947=AXIS2_PLACEMENT_3D('',#4944,#4945,#4946);
#4948=CIRCLE('',#4947,1.);
#4949=EDGE_CURVE('',#1479,#1455,#4948,.T.);
#4950=ORIENTED_EDGE('',*,*,#4949,.T.);
#4951=ORIENTED_EDGE('',*,*,#1461,.T.);
#4952=CARTESIAN_POINT('',(-5.405243612,265.159643665,128.12));
#4953=DIRECTION('',(0.,0.,1.));
#4954=DIRECTION('',(1.,0.,-0.));
#4955=AXIS2_PLACEMENT_3D('',#4952,#4953,#4954);
#4956=CIRCLE('',#4955,1.);
#4957=EDGE_CURVE('',#1443,#4321,#4956,.T.);
#4958=ORIENTED_EDGE('',*,*,#4957,.T.);
#4959=ORIENTED_EDGE('',*,*,#4343,.T.);
#4960=ORIENTED_EDGE('',*,*,#4934,.F.);
#4961=EDGE_LOOP('',(#4950,#4951,#4958,#4959,#4960));
#4962=FACE_BOUND('',#4961,.T.);
#4963=ADVANCED_FACE('',(#4962),#4943,.T.);
#4964=CARTESIAN_POINT('',(15.631204125,250.058752596,107.487137771));
#4965=DIRECTION('',(0.,-0.000512242,0.999999869));
#4966=DIRECTION('',(0.,0.999999869,0.000512242));
#4967=AXIS2_PLACEMENT_3D('',#4964,#4965,#4966);
#4968=PLANE('',#4967);
#4969=CARTESIAN_POINT('',(15.631204125,248.326702016,107.486250542));
#4970=VERTEX_POINT('',#4969);
#4971=CARTESIAN_POINT('',(16.591037239,248.326702016,107.486250542));
#4972=VERTEX_POINT('',#4971);
#4973=CARTESIAN_POINT('',(15.631204125,248.326702016,107.486250542));
#4974=DIRECTION('',(1.,0.,-0.));
#4975=VECTOR('',#4974,0.959833114);
#4976=LINE('',#4973,#4975);
#4977=EDGE_CURVE('',#4970,#4972,#4976,.T.);
#4978=ORIENTED_EDGE('',*,*,#4977,.F.);
#4979=CARTESIAN_POINT('',(15.631204125,251.790803177,107.488024999));
#4980=VERTEX_POINT('',#4979);
#4981=CARTESIAN_POINT('',(15.631204125,248.326702016,107.486250542));
#4982=DIRECTION('',(0.,0.999999869,0.000512242));
#4983=VECTOR('',#4982,3.464101615);
#4984=LINE('',#4981,#4983);
#4985=EDGE_CURVE('',#4970,#4980,#4984,.T.);
#4986=ORIENTED_EDGE('',*,*,#4985,.T.);
#4987=CARTESIAN_POINT('',(16.598577836,251.790803177,107.488024999));
#4988=VERTEX_POINT('',#4987);
#4989=CARTESIAN_POINT('',(16.598577836,251.790803177,107.488024999));
#4990=DIRECTION('',(-1.,0.,0.));
#4991=VECTOR('',#4990,0.96737371);
#4992=LINE('',#4989,#4991);
#4993=EDGE_CURVE('',#4988,#4980,#4992,.T.);
#4994=ORIENTED_EDGE('',*,*,#4993,.F.);
#4995=CARTESIAN_POINT('',(16.591037239,248.326702016,107.486250542));
#4996=CARTESIAN_POINT('',(16.713571779,249.477486709,107.486840022));
#4997=CARTESIAN_POINT('',(16.716101453,250.639494322,107.487435251));
#4998=CARTESIAN_POINT('',(16.598577837,251.790803177,107.488025));
#4999=B_SPLINE_CURVE_WITH_KNOTS('',3,(#4995,#4996,#4997,#4998),.UNSPECIFIED.,.F.,.F.,(4,4),(0.,0.003470741),.UNSPECIFIED.);
#5000=EDGE_CURVE('',#4972,#4988,#4999,.T.);
#5001=ORIENTED_EDGE('',*,*,#5000,.F.);
#5002=EDGE_LOOP('',(#4978,#4986,#4994,#5001));
#5003=FACE_BOUND('',#5002,.T.);
#5004=ADVANCED_FACE('',(#5003),#4968,.F.);
#5005=COLOUR_RGB('',0.972549021,0.015686275,0.015686275);
#5006=FILL_AREA_STYLE_COLOUR('',#5005);
#5007=FILL_AREA_STYLE('',(#5006));
#5008=SURFACE_STYLE_FILL_AREA(#5007);
#5009=SURFACE_SIDE_STYLE('',(#5008));
#5010=SURFACE_STYLE_USAGE(.BOTH.,#5009);
#5011=PRESENTATION_STYLE_ASSIGNMENT((#5010));
#5012=OVER_RIDING_STYLED_ITEM('',(#5011),#5004,#82);
#5013=CARTESIAN_POINT('',(15.631204125,251.792339902,104.488025393));
#5014=DIRECTION('',(0.,0.866281411,-0.49955632));
#5015=DIRECTION('',(0.,-0.49955632,-0.866281411));
#5016=AXIS2_PLACEMENT_3D('',#5013,#5014,#5015);
#5017=PLANE('',#5016);
#5018=CARTESIAN_POINT('',(15.631204125,252.657596829,105.98846881));
#5019=VERTEX_POINT('',#5018);
#5020=CARTESIAN_POINT('',(16.4910548,252.657621728,105.988511992));
#5021=VERTEX_POINT('',#5020);
#5022=CARTESIAN_POINT('',(15.631204125,252.657596829,105.98846881));
#5023=CARTESIAN_POINT('',(15.91758134,252.65761343,105.988497597));
#5024=CARTESIAN_POINT('',(16.203958555,252.657630029,105.988526384));
#5025=CARTESIAN_POINT('',(16.490335769,252.657646626,105.988555172));
#5026=B_SPLINE_CURVE_WITH_KNOTS('',3,(#5022,#5023,#5024,#5025),.UNSPECIFIED.,.F.,.F.,(4,4),(0.,0.857707767),.UNSPECIFIED.);
#5027=EDGE_CURVE('',#5019,#5021,#5026,.T.);
#5028=ORIENTED_EDGE('',*,*,#5027,.F.);
#5029=CARTESIAN_POINT('',(15.631204125,250.927082974,102.987581975));
#5030=VERTEX_POINT('',#5029);
#5031=CARTESIAN_POINT('',(15.631204125,252.657596829,105.98846881));
#5032=DIRECTION('',(0.,-0.49955632,-0.866281411));
#5033=VECTOR('',#5032,3.464101615);
#5034=LINE('',#5031,#5033);
#5035=EDGE_CURVE('',#5019,#5030,#5034,.T.);
#5036=ORIENTED_EDGE('',*,*,#5035,.T.);
#5037=CARTESIAN_POINT('',(16.666435441,250.927082975,102.987581975));
#5038=VERTEX_POINT('',#5037);
#5039=CARTESIAN_POINT('',(16.666435441,250.927082974,102.987581975));
#5040=DIRECTION('',(-1.,0.,0.));
#5041=VECTOR('',#5040,1.035231316);
#5042=LINE('',#5039,#5041);
#5043=EDGE_CURVE('',#5038,#5030,#5042,.T.);
#5044=ORIENTED_EDGE('',*,*,#5043,.F.);
#5045=CARTESIAN_POINT('',(16.491765853,252.657648911,105.988559125));
#5046=CARTESIAN_POINT('',(16.579993523,252.08166396,104.989742703));
#5047=CARTESIAN_POINT('',(16.638008472,251.504566038,103.988996276));
#5048=CARTESIAN_POINT('',(16.666435442,250.927082975,102.987581975));
#5049=B_SPLINE_CURVE_WITH_KNOTS('',3,(#5045,#5046,#5047,#5048),.UNSPECIFIED.,.F.,.F.,(4,4),(0.,0.003469024),.UNSPECIFIED.);
#5050=EDGE_CURVE('',#5021,#5038,#5049,.T.);
#5051=ORIENTED_EDGE('',*,*,#5050,.F.);
#5052=EDGE_LOOP('',(#5028,#5036,#5044,#5051));
#5053=FACE_BOUND('',#5052,.T.);
#5054=ADVANCED_FACE('',(#5053),#5017,.F.);
#5055=OVER_RIDING_STYLED_ITEM('',(#5011),#5054,#82);
#5056=CARTESIAN_POINT('',(15.631204125,248.328238741,104.486250936));
#5057=DIRECTION('',(0.,-0.865769169,-0.500443549));
#5058=DIRECTION('',(0.,-0.500443549,0.865769169));
#5059=AXIS2_PLACEMENT_3D('',#5056,#5057,#5058);
#5060=PLANE('',#5059);
#5061=CARTESIAN_POINT('',(15.631204125,249.195032351,102.986694822));
#5062=VERTEX_POINT('',#5061);
#5063=CARTESIAN_POINT('',(16.662964131,249.195032371,102.986694784));
#5064=VERTEX_POINT('',#5063);
#5065=CARTESIAN_POINT('',(15.631204125,249.195032307,102.986694897));
#5066=DIRECTION('',(1.,-0.,-0.));
#5067=VECTOR('',#5066,1.031760006);
#5068=LINE('',#5065,#5067);
#5069=EDGE_CURVE('',#5062,#5064,#5068,.T.);
#5070=ORIENTED_EDGE('',*,*,#5069,.F.);
#5071=CARTESIAN_POINT('',(15.631204125,247.461445089,105.985807124));
#5072=VERTEX_POINT('',#5071);
#5073=CARTESIAN_POINT('',(15.631204125,249.195032352,102.986694822));
#5074=DIRECTION('',(0.,-0.500443549,0.865769169));
#5075=VECTOR('',#5074,3.464101529);
#5076=LINE('',#5073,#5075);
#5077=EDGE_CURVE('',#5062,#5072,#5076,.T.);
#5078=ORIENTED_EDGE('',*,*,#5077,.T.);
#5079=CARTESIAN_POINT('',(16.480773631,247.461445088,105.985807125));
#5080=VERTEX_POINT('',#5079);
#5081=CARTESIAN_POINT('',(16.480773631,247.461445089,105.985807125));
#5082=DIRECTION('',(-1.,-0.,0.));
#5083=VECTOR('',#5082,0.849569506);
#5084=LINE('',#5081,#5083);
#5085=EDGE_CURVE('',#5080,#5072,#5084,.T.);
#5086=ORIENTED_EDGE('',*,*,#5085,.F.);
#5087=CARTESIAN_POINT('',(16.662964127,249.195032373,102.986694785));
#5088=CARTESIAN_POINT('',(16.632161559,248.616495243,103.987566135));
#5089=CARTESIAN_POINT('',(16.571651745,248.038398226,104.987676087));
#5090=CARTESIAN_POINT('',(16.480773632,247.461445088,105.985807125));
#5091=B_SPLINE_CURVE_WITH_KNOTS('',3,(#5087,#5088,#5089,#5090),.UNSPECIFIED.,.F.,.F.,(4,4),(0.,0.003469312),.UNSPECIFIED.);
#5092=EDGE_CURVE('',#5064,#5080,#5091,.T.);
#5093=ORIENTED_EDGE('',*,*,#5092,.F.);
#5094=EDGE_LOOP('',(#5070,#5078,#5086,#5093));
#5095=FACE_BOUND('',#5094,.T.);
#5096=ADVANCED_FACE('',(#5095),#5060,.F.);
#5097=OVER_RIDING_STYLED_ITEM('',(#5011),#5096,#82);
#5098=CARTESIAN_POINT('',(15.631204125,352.650337993,0.));
#5099=DIRECTION('',(1.,0.,0.));
#5100=DIRECTION('',(0.,-1.,0.));
#5101=AXIS2_PLACEMENT_3D('',#5098,#5099,#5100);
#5102=PLANE('',#5101);
#5103=ORIENTED_EDGE('',*,*,#5035,.F.);
#5104=CARTESIAN_POINT('',(15.631204125,251.791315418,106.48802513));
#5105=DIRECTION('',(-1.,0.,0.));
#5106=DIRECTION('',(0.,0.,1.));
#5107=AXIS2_PLACEMENT_3D('',#5104,#5105,#5106);
#5108=CIRCLE('',#5107,1.);
#5109=EDGE_CURVE('',#4980,#5019,#5108,.T.);
#5110=ORIENTED_EDGE('',*,*,#5109,.F.);
#5111=ORIENTED_EDGE('',*,*,#4985,.F.);
#5112=CARTESIAN_POINT('',(15.631204125,248.327214258,106.486250673));
#5113=DIRECTION('',(-1.,-0.,-0.));
#5114=DIRECTION('',(0.,0.,-1.));
#5115=AXIS2_PLACEMENT_3D('',#5112,#5113,#5114);
#5116=CIRCLE('',#5115,1.);
#5117=EDGE_CURVE('',#5072,#4970,#5116,.T.);
#5118=ORIENTED_EDGE('',*,*,#5117,.F.);
#5119=ORIENTED_EDGE('',*,*,#5077,.F.);
#5120=CARTESIAN_POINT('',(15.631204125,250.060801563,103.487138295));
#5121=DIRECTION('',(-1.,0.,0.));
#5122=DIRECTION('',(0.,0.,1.));
#5123=AXIS2_PLACEMENT_3D('',#5120,#5121,#5122);
#5124=CIRCLE('',#5123,1.);
#5125=EDGE_CURVE('',#5030,#5062,#5124,.T.);
#5126=ORIENTED_EDGE('',*,*,#5125,.F.);
#5127=EDGE_LOOP('',(#5103,#5110,#5111,#5118,#5119,#5126));
#5128=FACE_BOUND('',#5127,.T.);
#5129=ADVANCED_FACE('',(#5128),#5102,.T.);
#5130=OVER_RIDING_STYLED_ITEM('',(#5011),#5129,#82);
#5131=CARTESIAN_POINT('',(15.631204125,248.327214258,106.486250673));
#5132=DIRECTION('',(1.,0.,0.));
#5133=DIRECTION('',(0.,0.,-1.));
#5134=AXIS2_PLACEMENT_3D('',#5131,#5132,#5133);
#5135=CYLINDRICAL_SURFACE('',#5134,1.);
#5136=ORIENTED_EDGE('',*,*,#5085,.T.);
#5137=ORIENTED_EDGE('',*,*,#5117,.T.);
#5138=ORIENTED_EDGE('',*,*,#4977,.T.);
#5139=CARTESIAN_POINT('',(16.480773631,247.461445089,105.985807125));
#5140=CARTESIAN_POINT('',(16.474316163,247.417344654,106.062101039));
#5141=CARTESIAN_POINT('',(16.469458413,247.384084671,106.1425197));
#5142=CARTESIAN_POINT('',(16.466055073,247.361414454,106.226961764));
#5143=CARTESIAN_POINT('',(16.462651733,247.338744237,106.311403827));
#5144=CARTESIAN_POINT('',(16.460785317,247.327179365,106.399535633));
#5145=CARTESIAN_POINT('',(16.460782481,247.327214339,106.486652134));
#5146=CARTESIAN_POINT('',(16.460779645,247.327249313,106.573768635));
#5147=CARTESIAN_POINT('',(16.462757084,247.338976642,106.662274318));
#5148=CARTESIAN_POINT('',(16.466177218,247.361656139,106.746438141));
#5149=CARTESIAN_POINT('',(16.469597353,247.384335636,106.830601965));
#5150=CARTESIAN_POINT('',(16.47447484,247.418205488,106.912121157));
#5151=CARTESIAN_POINT('',(16.480874091,247.462113571,106.98784892));
#5152=CARTESIAN_POINT('',(16.487273342,247.506021655,107.063576683));
#5153=CARTESIAN_POINT('',(16.495116668,247.558947772,107.13234038));
#5154=CARTESIAN_POINT('',(16.503814511,247.62092793,107.194176956));
#5155=CARTESIAN_POINT('',(16.512512354,247.682908087,107.256013532));
#5156=CARTESIAN_POINT('',(16.521820116,247.752400312,107.309120421));
#5157=CARTESIAN_POINT('',(16.53163646,247.827545218,107.352467072));
#5158=CARTESIAN_POINT('',(16.541452805,247.902690123,107.395813722));
#5159=CARTESIAN_POINT('',(16.55183732,247.984531081,107.429677902));
#5160=CARTESIAN_POINT('',(16.561834644,248.068101672,107.452097797));
#5161=CARTESIAN_POINT('',(16.571831968,248.151672262,107.474517692));
#5162=CARTESIAN_POINT('',(16.581683401,248.238851678,107.486205541));
#5163=CARTESIAN_POINT('',(16.591037239,248.326702016,107.486250542));
#5164=B_SPLINE_CURVE_WITH_KNOTS('',3,(#5139,#5140,#5141,#5142,#5143,#5144,#5145,#5146,#5147,#5148,#5149,#5150,#5151,#5152,#5153,#5154,#5155,#5156,#5157,#5158,#5159,#5160,#5161,#5162,#5163),.UNSPECIFIED.,.F.,.F.,(4,3,3,3,3,3,3,3,4),(0.,0.000261314,0.000522627,0.000783941,0.001045255,0.001306568,0.001567882,0.001829195,0.002090509),.UNSPECIFIED.);
#5165=EDGE_CURVE('',#5080,#4972,#5164,.T.);
#5166=ORIENTED_EDGE('',*,*,#5165,.F.);
#5167=EDGE_LOOP('',(#5136,#5137,#5138,#5166));
#5168=FACE_BOUND('',#5167,.T.);
#5169=ADVANCED_FACE('',(#5168),#5135,.F.);
#5170=OVER_RIDING_STYLED_ITEM('',(#5011),#5169,#82);
#5171=CARTESIAN_POINT('',(15.631204125,251.791315418,106.48802513));
#5172=DIRECTION('',(-1.,0.,0.));
#5173=DIRECTION('',(0.,0.,1.));
#5174=AXIS2_PLACEMENT_3D('',#5171,#5172,#5173);
#5175=CYLINDRICAL_SURFACE('',#5174,1.);
#5176=ORIENTED_EDGE('',*,*,#4993,.T.);
#5177=ORIENTED_EDGE('',*,*,#5109,.T.);
#5178=ORIENTED_EDGE('',*,*,#5027,.T.);
#5179=CARTESIAN_POINT('',(16.598577835,251.790803177,107.488024999));
#5180=CARTESIAN_POINT('',(16.589606727,251.878684037,107.488070015));
#5181=CARTESIAN_POINT('',(16.580916156,251.964649857,107.476720257));
#5182=CARTESIAN_POINT('',(16.571773064,252.048685103,107.454338146));
#5183=CARTESIAN_POINT('',(16.562629973,252.132720349,107.431956036));
#5184=CARTESIAN_POINT('',(16.553042764,252.214449512,107.398218075));
#5185=CARTESIAN_POINT('',(16.543466682,252.289507922,107.35509158));
#5186=CARTESIAN_POINT('',(16.5338906,252.364566332,107.311965086));
#5187=CARTESIAN_POINT('',(16.5240732,252.435050268,107.258180641));
#5188=CARTESIAN_POINT('',(16.515184833,252.496585465,107.196963887));
#5189=CARTESIAN_POINT('',(16.506296466,252.558120661,107.135747134));
#5190=CARTESIAN_POINT('',(16.498271179,252.611721942,107.066500693));
#5191=CARTESIAN_POINT('',(16.492028922,252.655828261,106.990635858));
#5192=CARTESIAN_POINT('',(16.485786665,252.699934581,106.914771024));
#5193=CARTESIAN_POINT('',(16.481152888,252.733448401,106.834531096));
#5194=CARTESIAN_POINT('',(16.477780471,252.756403737,106.749949809));
#5195=CARTESIAN_POINT('',(16.474408054,252.779359073,106.665368522));
#5196=CARTESIAN_POINT('',(16.472411796,252.791095836,106.577683268));
#5197=CARTESIAN_POINT('',(16.472388495,252.791312334,106.490508622));
#5198=CARTESIAN_POINT('',(16.472341893,252.791745331,106.316159331));
#5199=CARTESIAN_POINT('',(16.479305857,252.745130559,106.140296434));
#5200=CARTESIAN_POINT('',(16.491766681,252.657647026,105.988555866));
#5201=B_SPLINE_CURVE_WITH_KNOTS('',3,(#5179,#5180,#5181,#5182,#5183,#5184,#5185,#5186,#5187,#5188,#5189,#5190,#5191,#5192,#5193,#5194,#5195,#5196,#5197,#5198,#5199,#5200),.UNSPECIFIED.,.F.,.F.,(4,3,3,3,3,3,3,4),(0.,0.000261252,0.000522505,0.000783757,0.001045009,0.001306262,0.001567514,0.002090018),.UNSPECIFIED.);
#5202=EDGE_CURVE('',#4988,#5021,#5201,.T.);
#5203=ORIENTED_EDGE('',*,*,#5202,.F.);
#5204=EDGE_LOOP('',(#5176,#5177,#5178,#5203));
#5205=FACE_BOUND('',#5204,.T.);
#5206=ADVANCED_FACE('',(#5205),#5175,.F.);
#5207=OVER_RIDING_STYLED_ITEM('',(#5011),#5206,#82);
#5208=CARTESIAN_POINT('',(15.631204125,250.060801563,103.487138295));
#5209=DIRECTION('',(-1.,0.,0.));
#5210=DIRECTION('',(0.,0.,1.));
#5211=AXIS2_PLACEMENT_3D('',#5208,#5209,#5210);
#5212=CYLINDRICAL_SURFACE('',#5211,1.);
#5213=ORIENTED_EDGE('',*,*,#5043,.T.);
#5214=ORIENTED_EDGE('',*,*,#5125,.T.);
#5215=ORIENTED_EDGE('',*,*,#5069,.T.);
#5216=CARTESIAN_POINT('',(16.666435441,250.927082974,102.987581975));
#5217=CARTESIAN_POINT('',(16.66837301,250.883084785,102.911284645));
#5218=CARTESIAN_POINT('',(16.670812203,250.830159958,102.842398024));
#5219=CARTESIAN_POINT('',(16.67302896,250.768563429,102.780687206));
#5220=CARTESIAN_POINT('',(16.675245718,250.7069669,102.718976388));
#5221=CARTESIAN_POINT('',(16.677218491,250.636659012,102.664989341));
#5222=CARTESIAN_POINT('',(16.679092743,250.561490331,102.621510917));
#5223=CARTESIAN_POINT('',(16.680966995,250.48632165,102.578032493));
#5224=CARTESIAN_POINT('',(16.682667641,250.404148253,102.543910201));
#5225=CARTESIAN_POINT('',(16.683682292,250.320140458,102.521351912));
#5226=CARTESIAN_POINT('',(16.684696942,250.236132663,102.498793623));
#5227=CARTESIAN_POINT('',(16.685052824,250.149011884,102.487189364));
#5228=CARTESIAN_POINT('',(16.684876856,250.061382429,102.487138464));
#5229=CARTESIAN_POINT('',(16.684700888,249.973752974,102.487087563));
#5230=CARTESIAN_POINT('',(16.684019634,249.887643702,102.498360598));
#5231=CARTESIAN_POINT('',(16.682660732,249.803051984,102.520926541));
#5232=CARTESIAN_POINT('',(16.681301831,249.718460266,102.543492484));
#5233=CARTESIAN_POINT('',(16.679285889,249.637141276,102.577154339));
#5234=CARTESIAN_POINT('',(16.677104562,249.561797717,102.620538525));
#5235=CARTESIAN_POINT('',(16.674923236,249.486454159,102.66392271));
#5236=CARTESIAN_POINT('',(16.672513817,249.415813606,102.718027976));
#5237=CARTESIAN_POINT('',(16.670062259,249.354355367,102.779371546));
#5238=CARTESIAN_POINT('',(16.667610701,249.292897128,102.840715115));
#5239=CARTESIAN_POINT('',(16.665077399,249.239106489,102.910446394));
#5240=CARTESIAN_POINT('',(16.662964128,249.195032372,102.986694784));
#5241=B_SPLINE_CURVE_WITH_KNOTS('',3,(#5216,#5217,#5218,#5219,#5220,#5221,#5222,#5223,#5224,#5225,#5226,#5227,#5228,#5229,#5230,#5231,#5232,#5233,#5234,#5235,#5236,#5237,#5238,#5239,#5240),.UNSPECIFIED.,.F.,.F.,(4,3,3,3,3,3,3,3,4),(0.,0.000260537,0.000521073,0.00078161,0.001042146,0.001302683,0.001563219,0.001823756,0.002084292),.UNSPECIFIED.);
#5242=EDGE_CURVE('',#5038,#5064,#5241,.T.);
#5243=ORIENTED_EDGE('',*,*,#5242,.F.);
#5244=EDGE_LOOP('',(#5213,#5214,#5215,#5243));
#5245=FACE_BOUND('',#5244,.T.);
#5246=ADVANCED_FACE('',(#5245),#5212,.F.);
#5247=OVER_RIDING_STYLED_ITEM('',(#5011),#5246,#82);
#5248=CARTESIAN_POINT('',(16.897069383,251.821116223,107.788067334));
#5249=CARTESIAN_POINT('',(17.016621024,250.649833891,107.787467355));
#5250=CARTESIAN_POINT('',(17.014039207,249.4655945,107.786860739));
#5251=CARTESIAN_POINT('',(16.889361039,248.294780305,107.786260999));
#5252=CARTESIAN_POINT('',(16.897042751,251.821113518,107.788040564));
#5253=CARTESIAN_POINT('',(17.016594204,250.649833031,107.787440586));
#5254=CARTESIAN_POINT('',(17.014012392,249.465595504,107.78683397));
#5255=CARTESIAN_POINT('',(16.889334422,248.294783153,107.786234231));
#5256=CARTESIAN_POINT('',(16.598577835,251.790803177,107.488024999));
#5257=CARTESIAN_POINT('',(16.716029979,250.640194497,107.487435609));
#5258=CARTESIAN_POINT('',(16.713504606,249.476855225,107.486839698));
#5259=CARTESIAN_POINT('',(16.591037239,248.326702016,107.486250542));
#5260=B_SPLINE_SURFACE_WITH_KNOTS('',1,3,((#5248,#5249,#5250,#5251),(#5252,#5253,#5254,#5255),(#5256,#5257,#5258,#5259)),.UNSPECIFIED.,.F.,.F.,.U.,(2,1,2),(4,4),(-0.00008923,0.,1.),(0.082106255,0.917892593),.UNSPECIFIED.);
#5261=CARTESIAN_POINT('',(16.598577836,251.790803177,107.488024999));
#5262=DIRECTION('',(0.703470259,0.071440301,0.707125079));
#5263=VECTOR('',#5262,0.424275101);
#5264=LINE('',#5261,#5263);
#5265=EDGE_CURVE('',#4988,#2653,#5264,.T.);
#5266=ORIENTED_EDGE('',*,*,#5265,.T.);
#5267=ORIENTED_EDGE('',*,*,#2659,.T.);
#5268=CARTESIAN_POINT('',(16.889334422,248.294783153,107.786234231));
#5269=DIRECTION('',(-0.703112272,0.075235522,-0.707087512));
#5270=VECTOR('',#5269,0.424252563);
#5271=LINE('',#5268,#5270);
#5272=EDGE_CURVE('',#2623,#4972,#5271,.T.);
#5273=ORIENTED_EDGE('',*,*,#5272,.T.);
#5274=ORIENTED_EDGE('',*,*,#5000,.T.);
#5275=EDGE_LOOP('',(#5266,#5267,#5273,#5274));
#5276=FACE_BOUND('',#5275,.T.);
#5277=ADVANCED_FACE('',(#5276),#5260,.F.);
#5278=CARTESIAN_POINT('',(16.889401086,248.29477602,107.786301272));
#5279=CARTESIAN_POINT('',(16.865652293,248.071758437,107.78081857));
#5280=CARTESIAN_POINT('',(16.8376254,247.853240388,107.717242841));
#5281=CARTESIAN_POINT('',(16.782750731,247.473529043,107.490278205));
#5282=CARTESIAN_POINT('',(16.756290257,247.313624607,107.327050349));
#5283=CARTESIAN_POINT('',(16.718324219,247.093647073,106.941493029));
#5284=CARTESIAN_POINT('',(16.707126263,247.033904656,106.720651867));
#5285=CARTESIAN_POINT('',(16.706465154,247.030295277,106.273003075));
#5286=CARTESIAN_POINT('',(16.7169157,247.08589456,106.052153783));
#5287=CARTESIAN_POINT('',(16.735547102,247.193455962,105.856408881));
#5288=CARTESIAN_POINT('',(16.889334422,248.294783153,107.786234231));
#5289=CARTESIAN_POINT('',(16.865586919,248.071777679,107.780752735));
#5290=CARTESIAN_POINT('',(16.83756175,247.853270815,107.717181553));
#5291=CARTESIAN_POINT('',(16.782690621,247.473577449,107.490230306));
#5292=CARTESIAN_POINT('',(16.756231927,247.31367974,107.327011186));
#5293=CARTESIAN_POINT('',(16.71826846,247.093710892,106.941472605));
#5294=CARTESIAN_POINT('',(16.707071274,247.033970537,106.720641389));
#5295=CARTESIAN_POINT('',(16.70641021,247.030361287,106.273012607));
#5296=CARTESIAN_POINT('',(16.716860038,247.085958665,106.052173221));
#5297=CARTESIAN_POINT('',(16.735490177,247.193515839,105.856437793));
#5298=CARTESIAN_POINT('',(16.591037239,248.326702016,107.486250542));
#5299=CARTESIAN_POINT('',(16.573062153,248.157881764,107.486164065));
#5300=CARTESIAN_POINT('',(16.55275126,247.989421766,107.442942007));
#5301=CARTESIAN_POINT('',(16.513720997,247.690179594,107.275901808));
#5302=CARTESIAN_POINT('',(16.495229768,247.560380342,107.15177222));
#5303=CARTESIAN_POINT('',(16.468770465,247.379280567,106.850084292));
#5304=CARTESIAN_POINT('',(16.461016813,247.328764956,106.673755873));
#5305=CARTESIAN_POINT('',(16.460558198,247.325735145,106.315666989));
#5306=CARTESIAN_POINT('',(16.467794747,247.372807492,106.13915049));
#5307=CARTESIAN_POINT('',(16.480773631,247.461445088,105.985807125));
#5308=CARTESIAN_POINT('',(16.591019141,248.326703953,107.486232341));
#5309=CARTESIAN_POINT('',(16.573044405,248.157886988,107.486146192));
#5310=CARTESIAN_POINT('',(16.55273398,247.989430027,107.442925368));
#5311=CARTESIAN_POINT('',(16.513704678,247.690192736,107.275888804));
#5312=CARTESIAN_POINT('',(16.495213933,247.56039531,107.151761588));
#5313=CARTESIAN_POINT('',(16.468755328,247.379297893,106.850078747));
#5314=CARTESIAN_POINT('',(16.461001885,247.328782842,106.673753028));
#5315=CARTESIAN_POINT('',(16.460543282,247.325753066,106.315669577));
#5316=CARTESIAN_POINT('',(16.467779636,247.372824896,106.139155767));
#5317=CARTESIAN_POINT('',(16.480758177,247.461461344,105.985814974));
#5318=B_SPLINE_SURFACE_WITH_KNOTS('',1,3,((#5278,#5279,#5280,#5281,#5282,#5283,#5284,#5285,#5286,#5287),(#5288,#5289,#5290,#5291,#5292,#5293,#5294,#5295,#5296,#5297),(#5298,#5299,#5300,#5301,#5302,#5303,#5304,#5305,#5306,#5307),(#5308,#5309,#5310,#5311,#5312,#5313,#5314,#5315,#5316,#5317)),.UNSPECIFIED.,.F.,.F.,.U.,(2,1,1,2),(4,2,2,2,4),(-0.000223482,0.,1.,1.000060672),(0.011613254,0.256574758,0.501536263,0.746497768,0.991459272),.UNSPECIFIED.);
#5319=ORIENTED_EDGE('',*,*,#5272,.F.);
#5320=ORIENTED_EDGE('',*,*,#2650,.T.);
#5321=CARTESIAN_POINT('',(16.735490177,247.193515839,105.856437793));
#5322=DIRECTION('',(-0.650339593,0.684074126,0.330304411));
#5323=VECTOR('',#5322,0.391666982);
#5324=LINE('',#5321,#5323);
#5325=EDGE_CURVE('',#2614,#5080,#5324,.T.);
#5326=ORIENTED_EDGE('',*,*,#5325,.T.);
#5327=ORIENTED_EDGE('',*,*,#5165,.T.);
#5328=EDGE_LOOP('',(#5319,#5320,#5326,#5327));
#5329=FACE_BOUND('',#5328,.T.);
#5330=ADVANCED_FACE('',(#5329),#5318,.F.);
#5331=CARTESIAN_POINT('',(16.748064999,252.925958213,105.85850507));
#5332=CARTESIAN_POINT('',(16.748061132,252.925981108,105.85854678));
#5333=CARTESIAN_POINT('',(16.748057265,252.926004002,105.85858849));
#5334=CARTESIAN_POINT('',(16.748053398,252.926026897,105.8586302));
#5335=CARTESIAN_POINT('',(16.729897277,253.033520331,106.054464819));
#5336=CARTESIAN_POINT('',(16.719703773,253.08903497,106.275807779));
#5337=CARTESIAN_POINT('',(16.720389627,253.085199488,106.722756835));
#5338=CARTESIAN_POINT('',(16.731395011,253.025086274,106.944785617));
#5339=CARTESIAN_POINT('',(16.787126416,252.693757623,107.5236068));
#5340=CARTESIAN_POINT('',(16.851808437,252.269611615,107.77844975));
#5341=CARTESIAN_POINT('',(16.897580615,251.821168141,107.788581222));
#5342=CARTESIAN_POINT('',(16.747603982,252.925475368,105.85873868));
#5343=CARTESIAN_POINT('',(16.747600117,252.925498255,105.858780374));
#5344=CARTESIAN_POINT('',(16.747596252,252.925521142,105.858822067));
#5345=CARTESIAN_POINT('',(16.747592387,252.925544029,105.858863761));
#5346=CARTESIAN_POINT('',(16.729446277,253.033003113,106.054621849));
#5347=CARTESIAN_POINT('',(16.719258471,253.088502231,106.275884515));
#5348=CARTESIAN_POINT('',(16.719943943,253.08466787,106.722671958));
#5349=CARTESIAN_POINT('',(16.730943175,253.024571581,106.944619856));
#5350=CARTESIAN_POINT('',(16.786643885,252.693349344,107.523213782));
#5351=CARTESIAN_POINT('',(16.851290954,252.269357233,107.777927628));
#5352=CARTESIAN_POINT('',(16.897042751,251.821113518,107.788040564));
#5353=CARTESIAN_POINT('',(16.491781876,252.657540347,105.988370864));
#5354=CARTESIAN_POINT('',(16.491779194,252.657559174,105.988403513));
#5355=CARTESIAN_POINT('',(16.491776512,252.657578002,105.988436161));
#5356=CARTESIAN_POINT('',(16.49177383,252.657596829,105.98846881));
#5357=CARTESIAN_POINT('',(16.479182708,252.745994529,106.141759402));
#5358=CARTESIAN_POINT('',(16.472156876,252.792881009,106.318466217));
#5359=CARTESIAN_POINT('',(16.472630482,252.789668927,106.675572799));
#5360=CARTESIAN_POINT('',(16.480215602,252.738964038,106.852637725));
#5361=CARTESIAN_POINT('',(16.518883403,252.46679216,107.305124984));
#5362=CARTESIAN_POINT('',(16.564135637,252.128198504,107.488197827));
#5363=CARTESIAN_POINT('',(16.598577835,251.790803177,107.488024999));
#5364=CARTESIAN_POINT('',(16.491477586,252.65722165,105.988525056));
#5365=CARTESIAN_POINT('',(16.491474906,252.657240472,105.988557694));
#5366=CARTESIAN_POINT('',(16.491472225,252.657259295,105.988590332));
#5367=CARTESIAN_POINT('',(16.491469545,252.657278118,105.98862297));
#5368=CARTESIAN_POINT('',(16.478885031,252.745653145,106.141863048));
#5369=CARTESIAN_POINT('',(16.47186296,252.792529381,106.318516866));
#5370=CARTESIAN_POINT('',(16.472336314,252.789318039,106.675516777));
#5371=CARTESIAN_POINT('',(16.479917373,252.73862432,106.852528316));
#5372=CARTESIAN_POINT('',(16.518564914,252.46652268,107.304865577));
#5373=CARTESIAN_POINT('',(16.563794078,252.128030602,107.487853206));
#5374=CARTESIAN_POINT('',(16.598222824,251.790767124,107.487668143));
#5375=B_SPLINE_SURFACE_WITH_KNOTS('',1,3,((#5331,#5332,#5333,#5334,#5335,#5336,#5337,#5338,#5339,#5340,#5341),(#5342,#5343,#5344,#5345,#5346,#5347,#5348,#5349,#5350,#5351,#5352),(#5353,#5354,#5355,#5356,#5357,#5358,#5359,#5360,#5361,#5362,#5363),(#5364,#5365,#5366,#5367,#5368,#5369,#5370,#5371,#5372,#5373,#5374)),.UNSPECIFIED.,.F.,.F.,.U.,(2,1,1,2),(4,3,2,2,4),(-0.001802099,0.,1.,1.001189457),(0.008248618,0.008300829,0.253437567,0.498574306,0.988847783),.UNSPECIFIED.);
#5376=ORIENTED_EDGE('',*,*,#5265,.F.);
#5377=ORIENTED_EDGE('',*,*,#5202,.T.);
#5378=CARTESIAN_POINT('',(16.491766737,252.657646626,105.988555173));
#5379=CARTESIAN_POINT('',(16.577040911,252.746949341,105.945332677));
#5380=CARTESIAN_POINT('',(16.662316127,252.836248476,105.902102206));
#5381=CARTESIAN_POINT('',(16.747592387,252.925544029,105.858863761));
#5382=B_SPLINE_CURVE_WITH_KNOTS('',3,(#5378,#5379,#5380,#5381),.UNSPECIFIED.,.F.,.F.,(4,4),(0.,1.),.UNSPECIFIED.);
#5383=EDGE_CURVE('',#5021,#2575,#5382,.T.);
#5384=ORIENTED_EDGE('',*,*,#5383,.T.);
#5385=ORIENTED_EDGE('',*,*,#2690,.T.);
#5386=EDGE_LOOP('',(#5376,#5377,#5384,#5385));
#5387=FACE_BOUND('',#5386,.T.);
#5388=ADVANCED_FACE('',(#5387),#5375,.F.);
#5389=CARTESIAN_POINT('',(16.735490177,247.193515839,105.856437793));
#5390=CARTESIAN_POINT('',(16.835538632,247.771124487,104.854538171));
#5391=CARTESIAN_POINT('',(16.905183919,248.350565057,103.850264475));
#5392=CARTESIAN_POINT('',(16.945013925,248.930910432,102.845212708));
#5393=CARTESIAN_POINT('',(16.480773631,247.461445088,105.985807125));
#5394=CARTESIAN_POINT('',(16.571640657,248.03832771,104.98779808));
#5395=CARTESIAN_POINT('',(16.632162047,248.616504396,103.987550298));
#5396=CARTESIAN_POINT('',(16.662964129,249.195032393,102.986694747));
#5397=B_SPLINE_SURFACE_WITH_KNOTS('',1,3,((#5389,#5390,#5391,#5392),(#5393,#5394,#5395,#5396)),.UNSPECIFIED.,.F.,.F.,.U.,(2,2),(4,4),(0.000000001,1.),(0.082435084,0.914930056),.UNSPECIFIED.);
#5398=ORIENTED_EDGE('',*,*,#5325,.F.);
#5399=ORIENTED_EDGE('',*,*,#2620,.T.);
#5400=CARTESIAN_POINT('',(16.945013926,248.930910432,102.845212708));
#5401=DIRECTION('',(-0.685423934,0.641856566,0.343822889));
#5402=VECTOR('',#5401,0.411496857);
#5403=LINE('',#5400,#5402);
#5404=EDGE_CURVE('',#2584,#5064,#5403,.T.);
#5405=ORIENTED_EDGE('',*,*,#5404,.T.);
#5406=ORIENTED_EDGE('',*,*,#5092,.T.);
#5407=EDGE_LOOP('',(#5398,#5399,#5405,#5406));
#5408=FACE_BOUND('',#5407,.T.);
#5409=ADVANCED_FACE('',(#5408),#5397,.F.);
#5410=CARTESIAN_POINT('',(16.949529751,251.191126732,102.84586548));
#5411=CARTESIAN_POINT('',(16.912095669,251.770441208,103.851447489));
#5412=CARTESIAN_POINT('',(16.844970018,252.348885406,104.856306801));
#5413=CARTESIAN_POINT('',(16.747592387,252.925544029,105.858863761));
#5414=CARTESIAN_POINT('',(16.666435441,250.927082974,102.987581975));
#5415=CARTESIAN_POINT('',(16.63800929,251.504549419,103.988967458));
#5416=CARTESIAN_POINT('',(16.579988344,252.081697766,104.989801326));
#5417=CARTESIAN_POINT('',(16.49177383,252.657596829,105.98846881));
#5418=B_SPLINE_SURFACE_WITH_KNOTS('',1,3,((#5410,#5411,#5412,#5413),(#5414,#5415,#5416,#5417)),.UNSPECIFIED.,.F.,.F.,.U.,(2,2),(4,4),(0.,1.),(0.084923183,0.917536159),.UNSPECIFIED.);
#5419=ORIENTED_EDGE('',*,*,#5383,.F.);
#5420=ORIENTED_EDGE('',*,*,#5050,.T.);
#5421=CARTESIAN_POINT('',(16.666435441,250.927082975,102.987581975));
#5422=DIRECTION('',(0.686715529,0.640503686,-0.343768541));
#5423=VECTOR('',#5422,0.412243932);
#5424=LINE('',#5421,#5423);
#5425=EDGE_CURVE('',#5038,#2573,#5424,.T.);
#5426=ORIENTED_EDGE('',*,*,#5425,.T.);
#5427=ORIENTED_EDGE('',*,*,#2581,.T.);
#5428=EDGE_LOOP('',(#5419,#5420,#5426,#5427));
#5429=FACE_BOUND('',#5428,.T.);
#5430=ADVANCED_FACE('',(#5429),#5418,.F.);
#5431=CARTESIAN_POINT('',(16.945094748,248.930834717,102.845172213));
#5432=CARTESIAN_POINT('',(16.945094749,248.930834727,102.845172197));
#5433=CARTESIAN_POINT('',(16.94509475,248.930834736,102.845172181));
#5434=CARTESIAN_POINT('',(16.94509475,248.930834745,102.845172165));
#5435=CARTESIAN_POINT('',(16.952827395,249.043496004,102.646410859));
#5436=CARTESIAN_POINT('',(16.963011176,249.208330011,102.479406979));
#5437=CARTESIAN_POINT('',(16.979025307,249.602986246,102.249020801));
#5438=CARTESIAN_POINT('',(16.984508386,249.831838748,102.186978514));
#5439=CARTESIAN_POINT('',(16.985417762,250.290579289,102.187125994));
#5440=CARTESIAN_POINT('',(16.980848472,250.519123865,102.249233285));
#5441=CARTESIAN_POINT('',(16.966421345,250.913538222,102.47963681));
#5442=CARTESIAN_POINT('',(16.956829218,251.079502325,102.648524069));
#5443=CARTESIAN_POINT('',(16.949610876,251.191202397,102.845824869));
#5444=CARTESIAN_POINT('',(16.945013923,248.930910405,102.845212756));
#5445=CARTESIAN_POINT('',(16.945013924,248.930910414,102.84521274));
#5446=CARTESIAN_POINT('',(16.945013925,248.930910423,102.845212724));
#5447=CARTESIAN_POINT('',(16.945013925,248.930910432,102.845212708));
#5448=CARTESIAN_POINT('',(16.952745575,249.043564875,102.646464299));
#5449=CARTESIAN_POINT('',(16.962928034,249.20838849,102.479471916));
#5450=CARTESIAN_POINT('',(16.97894008,249.603018353,102.249102083));
#5451=CARTESIAN_POINT('',(16.984422448,249.831854911,102.187064466));
#5452=CARTESIAN_POINT('',(16.985331762,250.290563333,102.18721198));
#5453=CARTESIAN_POINT('',(16.980763121,250.519091959,102.24931464));
#5454=CARTESIAN_POINT('',(16.966337972,250.913479874,102.479701864));
#5455=CARTESIAN_POINT('',(16.956747135,251.079433458,102.6485775));
#5456=CARTESIAN_POINT('',(16.949529751,251.191126732,102.84586548));
#5457=CARTESIAN_POINT('',(16.662964128,249.195032372,102.986694784));
#5458=CARTESIAN_POINT('',(16.662964129,249.195032379,102.986694772));
#5459=CARTESIAN_POINT('',(16.662964129,249.195032386,102.986694759));
#5460=CARTESIAN_POINT('',(16.662964129,249.195032393,102.986694747));
#5461=CARTESIAN_POINT('',(16.667225272,249.283902424,102.832949269));
#5462=CARTESIAN_POINT('',(16.672791946,249.412460396,102.706077205));
#5463=CARTESIAN_POINT('',(16.681530685,249.715060553,102.532745374));
#5464=CARTESIAN_POINT('',(16.684530551,249.88825959,102.487004974));
#5465=CARTESIAN_POINT('',(16.685223921,250.234885472,102.487272211));
#5466=CARTESIAN_POINT('',(16.682919924,250.407753739,102.533215811));
#5467=CARTESIAN_POINT('',(16.675399076,250.709867802,102.706717297));
#5468=CARTESIAN_POINT('',(16.670309413,250.839113042,102.835033176));
#5469=CARTESIAN_POINT('',(16.666435441,250.927082974,102.987581975));
#5470=CARTESIAN_POINT('',(16.662960474,249.195035793,102.986696617));
#5471=CARTESIAN_POINT('',(16.662960475,249.195035801,102.986696605));
#5472=CARTESIAN_POINT('',(16.662960475,249.195035808,102.986696592));
#5473=CARTESIAN_POINT('',(16.662960475,249.195035815,102.98669658));
#5474=CARTESIAN_POINT('',(16.667221573,249.283905538,102.832951685));
#5475=CARTESIAN_POINT('',(16.672788188,249.41246304,102.706080141));
#5476=CARTESIAN_POINT('',(16.681526832,249.715062005,102.532749049));
#5477=CARTESIAN_POINT('',(16.684526666,249.888260321,102.48700886));
#5478=CARTESIAN_POINT('',(16.685220034,250.234884751,102.487276098));
#5479=CARTESIAN_POINT('',(16.682916066,250.407752297,102.533219489));
#5480=CARTESIAN_POINT('',(16.675395307,250.709865165,102.706720238));
#5481=CARTESIAN_POINT('',(16.670305703,250.839109929,102.835035592));
#5482=CARTESIAN_POINT('',(16.666431774,250.927079554,102.987583811));
#5483=B_SPLINE_SURFACE_WITH_KNOTS('',1,3,((#5431,#5432,#5433,#5434,#5435,#5436,#5437,#5438,#5439,#5440,#5441,#5442,#5443),(#5444,#5445,#5446,#5447,#5448,#5449,#5450,#5451,#5452,#5453,#5454,#5455,#5456),(#5457,#5458,#5459,#5460,#5461,#5462,#5463,#5464,#5465,#5466,#5467,#5468,#5469),(#5470,#5471,#5472,#5473,#5474,#5475,#5476,#5477,#5478,#5479,#5480,#5481,#5482)),.UNSPECIFIED.,.F.,.F.,.U.,(2,1,1,2),(4,3,2,2,2,4),(-0.000286563,0.,1.,1.000012955),(0.083443924,0.083443941,0.291883432,0.500322922,0.708762413,0.917201903),.UNSPECIFIED.);
#5484=ORIENTED_EDGE('',*,*,#5404,.F.);
#5485=ORIENTED_EDGE('',*,*,#2611,.T.);
#5486=ORIENTED_EDGE('',*,*,#5425,.F.);
#5487=ORIENTED_EDGE('',*,*,#5242,.T.);
#5488=EDGE_LOOP('',(#5484,#5485,#5486,#5487));
#5489=FACE_BOUND('',#5488,.T.);
#5490=ADVANCED_FACE('',(#5489),#5483,.F.);
#5491=CARTESIAN_POINT('',(3.724354532,251.478342066,113.12));
#5492=DIRECTION('',(-1.,0.,0.));
#5493=DIRECTION('',(0.,0.,1.));
#5494=AXIS2_PLACEMENT_3D('',#5491,#5492,#5493);
#5495=CYLINDRICAL_SURFACE('',#5494,3.);
#5496=ORIENTED_EDGE('',*,*,#3407,.T.);
#5497=CARTESIAN_POINT('',(8.941166162,254.478342066,113.12));
#5498=CARTESIAN_POINT('',(8.941166162,254.478342066,112.917197886));
#5499=CARTESIAN_POINT('',(8.951437588,254.457994332,112.718425051));
#5500=CARTESIAN_POINT('',(8.970925962,254.418425894,112.523420509));
#5501=CARTESIAN_POINT('',(8.990414337,254.378857455,112.328415968));
#5502=CARTESIAN_POINT('',(9.019624558,254.318976064,112.135249795));
#5503=CARTESIAN_POINT('',(9.055569705,254.242246731,111.953453385));
#5504=CARTESIAN_POINT('',(9.091514851,254.165517398,111.771656974));
#5505=CARTESIAN_POINT('',(9.134130931,254.07209937,111.599848712));
#5506=CARTESIAN_POINT('',(9.181578736,253.962147388,111.437528269));
#5507=CARTESIAN_POINT('',(9.22902654,253.852195405,111.275207826));
#5508=CARTESIAN_POINT('',(9.280623093,253.727143282,111.124976785));
#5509=CARTESIAN_POINT('',(9.333337913,253.590097967,110.989158144));
#5510=CARTESIAN_POINT('',(9.359695322,253.521575309,110.921248823));
#5511=CARTESIAN_POINT('',(9.386424352,253.449839205,110.856689594));
#5512=CARTESIAN_POINT('',(9.41332223,253.374813268,110.795479193));
#5513=CARTESIAN_POINT('',(9.440220108,253.299787331,110.734268792));
#5514=CARTESIAN_POINT('',(9.467421011,253.22105307,110.676155038));
#5515=CARTESIAN_POINT('',(9.494147171,253.140249909,110.622388677));
#5516=CARTESIAN_POINT('',(9.547599491,252.978643588,110.514855956));
#5517=CARTESIAN_POINT('',(9.59932127,252.80846083,110.424011165));
#5518=CARTESIAN_POINT('',(9.648105424,252.629460348,110.349634193));
#5519=CARTESIAN_POINT('',(9.696889578,252.450459866,110.275257222));
#5520=CARTESIAN_POINT('',(9.743132521,252.26058095,110.217106312));
#5521=CARTESIAN_POINT('',(9.783892032,252.067717752,110.178463615));
#5522=CARTESIAN_POINT('',(9.824651544,251.874854553,110.139820919));
#5523=CARTESIAN_POINT('',(9.860207331,251.67846861,110.12));
#5524=CARTESIAN_POINT('',(9.890121573,251.478342066,110.12));
#5525=B_SPLINE_CURVE_WITH_KNOTS('',3,(#5497,#5498,#5499,#5500,#5501,#5502,#5503,#5504,#5505,#5506,#5507,#5508,#5509,#5510,#5511,#5512,#5513,#5514,#5515,#5516,#5517,#5518,#5519,#5520,#5521,#5522,
#5523,#5524),.UNSPECIFIED.,.F.,.F.,(4,3,3,3,3,3,3,3,3,4),(0.,0.000599116,0.001198232,0.001797348,0.002396465,0.002696023,0.002995581,0.003594697,0.004193813,0.004792929),.UNSPECIFIED.);
#5526=EDGE_CURVE('',#3392,#3434,#5525,.T.);
#5527=ORIENTED_EDGE('',*,*,#5526,.T.);
#5528=ORIENTED_EDGE('',*,*,#3463,.T.);
#5529=CARTESIAN_POINT('',(15.924989331,251.478341815,110.12));
#5530=CARTESIAN_POINT('',(15.907964491,251.674504178,110.119999984));
#5531=CARTESIAN_POINT('',(15.887849074,251.869068521,110.139054012));
#5532=CARTESIAN_POINT('',(15.864929671,252.062047416,110.177333171));
#5533=CARTESIAN_POINT('',(15.853469969,252.158536863,110.196472751));
#5534=CARTESIAN_POINT('',(15.841260519,252.254940757,110.220598609));
#5535=CARTESIAN_POINT('',(15.8286841,252.348870333,110.249080193));
#5536=CARTESIAN_POINT('',(15.81610768,252.44279991,110.277561778));
#5537=CARTESIAN_POINT('',(15.803111347,252.534743978,110.310462085));
#5538=CARTESIAN_POINT('',(15.789796544,252.624759278,110.34768552));
#5539=CARTESIAN_POINT('',(15.763166938,252.804789879,110.42213239));
#5540=CARTESIAN_POINT('',(15.735194629,252.977556031,110.514002642));
#5541=CARTESIAN_POINT('',(15.706912921,253.141623494,110.623303204));
#5542=CARTESIAN_POINT('',(15.678631213,253.305690957,110.732603766));
#5543=CARTESIAN_POINT('',(15.650584847,253.45655023,110.856212338));
#5544=CARTESIAN_POINT('',(15.624334745,253.594783777,110.993812218));
#5545=CARTESIAN_POINT('',(15.611209694,253.66390055,111.062612157));
#5546=CARTESIAN_POINT('',(15.598657925,253.729847039,111.134949725));
#5547=CARTESIAN_POINT('',(15.586591283,253.792518779,111.210920079));
#5548=CARTESIAN_POINT('',(15.574524641,253.855190518,111.286890434));
#5549=CARTESIAN_POINT('',(15.56295031,253.914538159,111.366545411));
#5550=CARTESIAN_POINT('',(15.552074911,253.969295754,111.448129872));
#5551=CARTESIAN_POINT('',(15.530324113,254.078810944,111.611298794));
#5552=CARTESIAN_POINT('',(15.511032949,254.171530386,111.783755375));
#5553=CARTESIAN_POINT('',(15.494516739,254.247340208,111.965595699));
#5554=CARTESIAN_POINT('',(15.486258635,254.285245119,112.056515861));
#5555=CARTESIAN_POINT('',(15.478675485,254.319040716,112.15034304));
#5556=CARTESIAN_POINT('',(15.472040262,254.347917635,112.245050827));
#5557=CARTESIAN_POINT('',(15.465405039,254.376794554,112.339758613));
#5558=CARTESIAN_POINT('',(15.459707591,254.40081663,112.435308407));
#5559=CARTESIAN_POINT('',(15.455041137,254.420091004,112.531686148));
#5560=CARTESIAN_POINT('',(15.445708231,254.458639751,112.724441628));
#5561=CARTESIAN_POINT('',(15.440472249,254.478342066,112.920483886));
#5562=CARTESIAN_POINT('',(15.440472248,254.478342066,113.12));
#5563=B_SPLINE_CURVE_WITH_KNOTS('',3,(#5529,#5530,#5531,#5532,#5533,#5534,#5535,#5536,#5537,#5538,#5539,#5540,#5541,#5542,#5543,#5544,#5545,#5546,#5547,#5548,#5549,#5550,#5551,#5552,#5553,#5554,
#5555,#5556,#5557,#5558,#5559,#5560,#5561,#5562),.UNSPECIFIED.,.F.,.F.,(4,3,3,3,3,3,3,3,3,3,3,4),(0.00590065,0.006493686,0.006790203,0.007086721,0.007679757,0.008272792,0.00856931,0.008865828,0.009458863,0.009755381,0.010051899,0.010644934),.UNSPECIFIED.);
#5564=EDGE_CURVE('',#3451,#3402,#5563,.T.);
#5565=ORIENTED_EDGE('',*,*,#5564,.T.);
#5566=EDGE_LOOP('',(#5496,#5527,#5528,#5565));
#5567=FACE_BOUND('',#5566,.T.);
#5568=ADVANCED_FACE('',(#5567),#5495,.F.);
#5569=CARTESIAN_POINT('',(3.724354532,248.725342399,113.12));
#5570=DIRECTION('',(-1.,0.,0.));
#5571=DIRECTION('',(0.,0.,1.));
#5572=AXIS2_PLACEMENT_3D('',#5569,#5570,#5571);
#5573=CYLINDRICAL_SURFACE('',#5572,3.);
#5574=ORIENTED_EDGE('',*,*,#3448,.T.);
#5575=CARTESIAN_POINT('',(9.918429714,248.725342399,110.12));
#5576=CARTESIAN_POINT('',(9.89267239,248.524918216,110.12));
#5577=CARTESIAN_POINT('',(9.861314483,248.328873723,110.139874402));
#5578=CARTESIAN_POINT('',(9.824906681,248.13688199,110.178280376));
#5579=CARTESIAN_POINT('',(9.806702779,248.040886124,110.197483363));
#5580=CARTESIAN_POINT('',(9.787235062,247.945910093,110.221356989));
#5581=CARTESIAN_POINT('',(9.766569635,247.851950289,110.249950136));
#5582=CARTESIAN_POINT('',(9.745904209,247.757990486,110.278543283));
#5583=CARTESIAN_POINT('',(9.723977803,247.664856753,110.311993059));
#5584=CARTESIAN_POINT('',(9.701436397,247.574689333,110.349440937));
#5585=CARTESIAN_POINT('',(9.656353586,247.394354492,110.424336694));
#5586=CARTESIAN_POINT('',(9.608390897,247.223800029,110.515597931));
#5587=CARTESIAN_POINT('',(9.558833686,247.06253535,110.622987242));
#5588=CARTESIAN_POINT('',(9.509276474,246.90127067,110.730376552));
#5589=CARTESIAN_POINT('',(9.457898006,246.748939085,110.854795401));
#5590=CARTESIAN_POINT('',(9.408526485,246.611839824,110.990890594));
#5591=CARTESIAN_POINT('',(9.359154964,246.474740563,111.126985786));
#5592=CARTESIAN_POINT('',(9.311272412,246.351129945,111.275688907));
#5593=CARTESIAN_POINT('',(9.266724333,246.241300739,111.437877225));
#5594=CARTESIAN_POINT('',(9.244450293,246.186386136,111.518971385));
#5595=CARTESIAN_POINT('',(9.223012388,246.134948799,111.603598109));
#5596=CARTESIAN_POINT('',(9.203145195,246.08820776,111.68978292));
#5597=CARTESIAN_POINT('',(9.183278001,246.041466721,111.775967732));
#5598=CARTESIAN_POINT('',(9.16484625,245.999085071,111.864167558));
#5599=CARTESIAN_POINT('',(9.148047192,245.961035706,111.954406372));
#5600=CARTESIAN_POINT('',(9.114449076,245.884936976,112.134884));
#5601=CARTESIAN_POINT('',(9.087297662,245.825915319,112.323889574));
#5602=CARTESIAN_POINT('',(9.068632132,245.785749029,112.521008499));
#5603=CARTESIAN_POINT('',(9.049966603,245.74558274,112.718127425));
#5604=CARTESIAN_POINT('',(9.040315393,245.725342399,112.917769914));
#5605=CARTESIAN_POINT('',(9.040315393,245.725342399,113.12));
#5606=B_SPLINE_CURVE_WITH_KNOTS('',3,(#5575,#5576,#5577,#5578,#5579,#5580,#5581,#5582,#5583,#5584,#5585,#5586,#5587,#5588,#5589,#5590,#5591,#5592,#5593,#5594,#5595,#5596,#5597,#5598,#5599,#5600,
#5601,#5602,#5603,#5604,#5605),.UNSPECIFIED.,.F.,.F.,(4,3,3,3,3,3,3,3,3,3,4),(0.,0.000597185,0.000895778,0.00119437,0.001791555,0.00238874,0.002985925,0.003284518,0.00358311,0.004180295,0.00477748),.UNSPECIFIED.);
#5607=EDGE_CURVE('',#3432,#3476,#5606,.T.);
#5608=ORIENTED_EDGE('',*,*,#5607,.T.);
#5609=ORIENTED_EDGE('',*,*,#3503,.T.);
#5610=CARTESIAN_POINT('',(15.444159884,245.725342399,113.12));
#5611=CARTESIAN_POINT('',(15.444159885,245.725342399,112.922984073));
#5612=CARTESIAN_POINT('',(15.449546206,245.744558002,112.727140382));
#5613=CARTESIAN_POINT('',(15.459182597,245.783439859,112.53245473));
#5614=CARTESIAN_POINT('',(15.468818988,245.822321716,112.337769079));
#5615=CARTESIAN_POINT('',(15.482516362,245.88033609,112.148248493));
#5616=CARTESIAN_POINT('',(15.498893034,245.95558499,111.967418596));
#5617=CARTESIAN_POINT('',(15.507081371,245.99320944,111.877003647));
#5618=CARTESIAN_POINT('',(15.515971067,246.035237285,111.788457555));
#5619=CARTESIAN_POINT('',(15.525514195,246.081725984,111.701799644));
#5620=CARTESIAN_POINT('',(15.535057323,246.128214683,111.615141734));
#5621=CARTESIAN_POINT('',(15.545316603,246.17949315,111.529911543));
#5622=CARTESIAN_POINT('',(15.556073234,246.234467674,111.44801223));
#5623=CARTESIAN_POINT('',(15.577586496,246.344416721,111.284213605));
#5624=CARTESIAN_POINT('',(15.6009452,246.468743153,111.133586812));
#5625=CARTESIAN_POINT('',(15.626983773,246.60691145,110.995794193));
#5626=CARTESIAN_POINT('',(15.653022347,246.745079746,110.858001573));
#5627=CARTESIAN_POINT('',(15.681758201,246.898928551,110.7320353));
#5628=CARTESIAN_POINT('',(15.709904347,247.061482846,110.623688443));
#5629=CARTESIAN_POINT('',(15.738050492,247.224037142,110.515341586));
#5630=CARTESIAN_POINT('',(15.765978108,247.395758021,110.423587541));
#5631=CARTESIAN_POINT('',(15.792661191,247.576871171,110.348535795));
#5632=CARTESIAN_POINT('',(15.806002733,247.667427746,110.311009923));
#5633=CARTESIAN_POINT('',(15.819098187,247.7608503,110.277567593));
#5634=CARTESIAN_POINT('',(15.831543373,247.854942038,110.249041412));
#5635=CARTESIAN_POINT('',(15.843988558,247.949033777,110.220515232));
#5636=CARTESIAN_POINT('',(15.855821745,248.044002447,110.196761403));
#5637=CARTESIAN_POINT('',(15.867004417,248.139837254,110.17769075));
#5638=CARTESIAN_POINT('',(15.889369761,248.331506867,110.139549444));
#5639=CARTESIAN_POINT('',(15.909113805,248.526619319,110.12));
#5640=CARTESIAN_POINT('',(15.926186744,248.725342399,110.12));
#5641=B_SPLINE_CURVE_WITH_KNOTS('',3,(#5610,#5611,#5612,#5613,#5614,#5615,#5616,#5617,#5618,#5619,#5620,#5621,#5622,#5623,#5624,#5625,#5626,#5627,#5628,#5629,#5630,#5631,#5632,#5633,#5634,#5635,
#5636,#5637,#5638,#5639,#5640),.UNSPECIFIED.,.F.,.F.,(4,3,3,3,3,3,3,3,3,3,4),(0.005030104,0.005618356,0.006206608,0.006500734,0.00679486,0.007383112,0.007971364,0.008559616,0.008853742,0.009147868,0.00973612),.UNSPECIFIED.);
#5642=EDGE_CURVE('',#3492,#3443,#5641,.T.);
#5643=ORIENTED_EDGE('',*,*,#5642,.T.);
#5644=EDGE_LOOP('',(#5574,#5608,#5609,#5643));
#5645=FACE_BOUND('',#5644,.T.);
#5646=ADVANCED_FACE('',(#5645),#5573,.F.);
#5647=CARTESIAN_POINT('',(-3.182988707,236.971859752,129.17));
#5648=DIRECTION('',(0.,0.,-1.));
#5649=DIRECTION('',(-1.,0.,0.));
#5650=AXIS2_PLACEMENT_3D('',#5647,#5648,#5649);
#5651=CYLINDRICAL_SURFACE('',#5650,5.);
#5652=CARTESIAN_POINT('',(-5.59771314,241.350113503,125.561425607));
#5653=VERTEX_POINT('',#5652);
#5654=CARTESIAN_POINT('',(-3.182988707,236.971859752,124.12));
#5655=DIRECTION('',(0.401546237,0.47854417,-0.780868809));
#5656=DIRECTION('',(-0.501932796,-0.598180212,-0.624695048));
#5657=AXIS2_PLACEMENT_3D('',#5654,#5655,#5656);
#5658=ELLIPSE('',#5657,6.403124237,5.);
#5659=EDGE_CURVE('',#2703,#5653,#5658,.T.);
#5660=ORIENTED_EDGE('',*,*,#5659,.T.);
#5661=CARTESIAN_POINT('',(-5.59771314,241.350113503,99.52));
#5662=VERTEX_POINT('',#5661);
#5663=CARTESIAN_POINT('',(-5.59771314,241.350113503,125.561425607));
#5664=DIRECTION('',(0.,0.,-1.));
#5665=VECTOR('',#5664,26.041425607);
#5666=LINE('',#5663,#5665);
#5667=EDGE_CURVE('',#5653,#5662,#5666,.T.);
#5668=ORIENTED_EDGE('',*,*,#5667,.T.);
#5669=CARTESIAN_POINT('',(-3.182988707,236.971859752,99.52));
#5670=DIRECTION('',(0.,0.,1.));
#5671=DIRECTION('',(1.,0.,-0.));
#5672=AXIS2_PLACEMENT_3D('',#5669,#5670,#5671);
#5673=CIRCLE('',#5672,5.);
#5674=EDGE_CURVE('',#5662,#2701,#5673,.T.);
#5675=ORIENTED_EDGE('',*,*,#5674,.T.);
#5676=ORIENTED_EDGE('',*,*,#2708,.T.);
#5677=EDGE_LOOP('',(#5660,#5668,#5675,#5676));
#5678=FACE_BOUND('',#5677,.T.);
#5679=ADVANCED_FACE('',(#5678),#5651,.T.);
#5680=CARTESIAN_POINT('',(10.767784749,236.952244503,108.12));
#5681=CARTESIAN_POINT('',(10.767784749,236.952244503,108.250899694));
#5682=CARTESIAN_POINT('',(10.751275964,236.972366172,108.381747884));
#5683=CARTESIAN_POINT('',(10.687729132,237.049819981,108.62361898));
#5684=CARTESIAN_POINT('',(10.640716088,237.107121646,108.73454672));
#5685=CARTESIAN_POINT('',(10.523296853,237.250237623,108.919666842));
#5686=CARTESIAN_POINT('',(10.452936861,237.335995625,108.993786388));
#5687=CARTESIAN_POINT('',(10.299521236,237.52298566,109.093972677));
#5688=CARTESIAN_POINT('',(10.216525967,237.624144121,109.12));
#5689=CARTESIAN_POINT('',(10.133498029,237.725342399,109.12));
#5690=CARTESIAN_POINT('',(11.033679231,237.170397133,108.12));
#5691=CARTESIAN_POINT('',(11.027089613,237.164990693,108.244285837));
#5692=CARTESIAN_POINT('',(11.005275485,237.177315699,108.368533145));
#5693=CARTESIAN_POINT('',(10.93424041,237.23587045,108.600171281));
#5694=CARTESIAN_POINT('',(10.885042378,237.282083292,108.707490133));
#5695=CARTESIAN_POINT('',(10.766000883,237.402267464,108.890602997));
#5696=CARTESIAN_POINT('',(10.696194956,237.476202845,108.966339629));
#5697=CARTESIAN_POINT('',(10.545486892,237.641892857,109.075861197));
#5698=CARTESIAN_POINT('',(10.464631898,237.733597112,109.109610979));
#5699=CARTESIAN_POINT('',(10.383751659,237.82800246,109.12));
#5700=CARTESIAN_POINT('',(11.288452664,237.39294702,108.150797191));
#5701=CARTESIAN_POINT('',(11.275963677,237.382037152,108.267871671));
#5702=CARTESIAN_POINT('',(11.249490896,237.386784984,108.384916695));
#5703=CARTESIAN_POINT('',(11.171869974,237.427106561,108.604721129));
#5704=CARTESIAN_POINT('',(11.1207419,237.462670864,108.707425176));
#5705=CARTESIAN_POINT('',(11.000130534,237.560379818,108.885937964));
#5706=CARTESIAN_POINT('',(10.930678058,237.622500598,108.961701568));
#5707=CARTESIAN_POINT('',(10.78197802,237.765814448,109.076991439));
#5708=CARTESIAN_POINT('',(10.702768285,237.846972064,109.116488245));
#5709=CARTESIAN_POINT('',(10.623538419,237.932731819,109.135398595));
#5710=CARTESIAN_POINT('',(11.653406188,237.730698985,108.255689091));
#5711=CARTESIAN_POINT('',(11.632790689,237.711295917,108.360443665));
#5712=CARTESIAN_POINT('',(11.599976331,237.70481153,108.465179002));
#5713=CARTESIAN_POINT('',(11.513376899,237.718377685,108.663739483));
#5714=CARTESIAN_POINT('',(11.459607878,237.738425932,108.757528147));
#5715=CARTESIAN_POINT('',(11.336730832,237.802998576,108.92438259));
#5716=CARTESIAN_POINT('',(11.267645504,237.847511314,108.997417664));
#5717=CARTESIAN_POINT('',(11.121368237,237.956394376,109.115110397));
#5718=CARTESIAN_POINT('',(11.044203277,238.020744873,109.159746316));
#5719=CARTESIAN_POINT('',(10.967024089,238.09167392,109.187844546));
#5720=CARTESIAN_POINT('',(11.77253466,237.844276743,108.300735458));
#5721=CARTESIAN_POINT('',(11.749326478,237.821995507,108.401113016));
#5722=CARTESIAN_POINT('',(11.714503296,237.81178006,108.50147418));
#5723=CARTESIAN_POINT('',(11.625057141,237.816504253,108.692333961));
#5724=CARTESIAN_POINT('',(11.570448906,237.831443271,108.782801381));
#5725=CARTESIAN_POINT('',(11.446829204,237.885035673,108.944947748));
#5726=CARTESIAN_POINT('',(11.377838052,237.923680445,109.016600164));
#5727=CARTESIAN_POINT('',(11.232267891,238.020904059,109.134037647));
#5728=CARTESIAN_POINT('',(11.155712778,238.079467137,109.179803453));
#5729=CARTESIAN_POINT('',(11.079145095,238.145122122,109.210367932));
#5730=CARTESIAN_POINT('',(12.003082862,238.070367138,108.414965669));
#5731=CARTESIAN_POINT('',(11.974948723,238.042298643,108.505908457));
#5732=CARTESIAN_POINT('',(11.936329879,238.024714847,108.596839611));
#5733=CARTESIAN_POINT('',(11.841499633,238.012069746,108.770778247));
#5734=CARTESIAN_POINT('',(11.785300506,238.017010225,108.853763454));
#5735=CARTESIAN_POINT('',(11.660237472,238.049014163,109.004552514));
#5736=CARTESIAN_POINT('',(11.591389703,238.076073687,109.072337026));
#5737=CARTESIAN_POINT('',(11.447062681,238.149981038,109.186787952));
#5738=CARTESIAN_POINT('',(11.371602026,238.196819543,109.233439636));
#5739=CARTESIAN_POINT('',(11.296131646,238.251517605,109.267483019));
#5740=CARTESIAN_POINT('',(12.112279559,238.180681977,108.482982956));
#5741=CARTESIAN_POINT('',(12.081859333,238.149760646,108.568961409));
#5742=CARTESIAN_POINT('',(12.0414899,238.128610794,108.654930105));
#5743=CARTESIAN_POINT('',(11.944173706,238.107606076,108.81981661));
#5744=CARTESIAN_POINT('',(11.887238094,238.10775371,108.898715702));
#5745=CARTESIAN_POINT('',(11.761488301,238.129358239,109.042970736));
#5746=CARTESIAN_POINT('',(11.692688496,238.150812789,109.108310289));
#5747=CARTESIAN_POINT('',(11.548886002,238.213290641,109.220064579));
#5748=CARTESIAN_POINT('',(11.473899737,238.254306941,109.266466596));
#5749=CARTESIAN_POINT('',(11.398904908,238.303430622,109.301491478));
#5750=CARTESIAN_POINT('',(12.266388821,238.340302817,108.604268893));
#5751=CARTESIAN_POINT('',(12.232791123,238.305210104,108.682266361));
#5752=CARTESIAN_POINT('',(12.189998759,238.278921612,108.76025639));
#5753=CARTESIAN_POINT('',(12.089238175,238.245930044,108.91037462));
#5754=CARTESIAN_POINT('',(12.031279594,238.239230148,108.982488504));
#5755=CARTESIAN_POINT('',(11.904556465,238.245930306,109.115418932));
#5756=CARTESIAN_POINT('',(11.835804033,238.259329752,109.176222795));
#5757=CARTESIAN_POINT('',(11.69267729,238.305228034,109.281948006));
#5758=CARTESIAN_POINT('',(11.618316659,238.337722518,109.326859262));
#5759=CARTESIAN_POINT('',(11.543948921,238.378546311,109.362134447));
#5760=CARTESIAN_POINT('',(12.316138667,238.392527759,108.647922921));
#5761=CARTESIAN_POINT('',(12.281524168,238.356062582,108.723170347));
#5762=CARTESIAN_POINT('',(12.237958328,238.328096381,108.798411062));
#5763=CARTESIAN_POINT('',(12.136097517,238.291201616,108.943407019));
#5764=CARTESIAN_POINT('',(12.077811711,238.282276389,109.01314925));
#5765=CARTESIAN_POINT('',(11.950773681,238.284124707,109.142049737));
#5766=CARTESIAN_POINT('',(11.882032883,238.294898111,109.201196424));
#5767=CARTESIAN_POINT('',(11.739112624,238.335364484,109.304580187));
#5768=CARTESIAN_POINT('',(11.664946014,238.365053843,109.348807981));
#5769=CARTESIAN_POINT('',(11.590772717,238.403121499,109.383962551));
#5770=CARTESIAN_POINT('',(12.412173378,238.49456193,108.742526232));
#5771=CARTESIAN_POINT('',(12.37561006,238.455401734,108.812050799));
#5772=CARTESIAN_POINT('',(12.330564639,238.424162974,108.881569888));
#5773=CARTESIAN_POINT('',(12.226598003,238.379672528,109.015839296));
#5774=CARTESIAN_POINT('',(12.167685065,238.366424401,109.080578962));
#5775=CARTESIAN_POINT('',(12.040037748,238.358834822,109.200837153));
#5776=CARTESIAN_POINT('',(11.971313526,238.364493997,109.256346135));
#5777=CARTESIAN_POINT('',(11.828773403,238.394337947,109.354323897));
#5778=CARTESIAN_POINT('',(11.754968842,238.418520375,109.396784896));
#5779=CARTESIAN_POINT('',(11.68115839,238.451137627,109.431264098));
#5780=CARTESIAN_POINT('',(12.458323542,238.544235066,108.793417914));
#5781=CARTESIAN_POINT('',(12.420831033,238.503755798,108.859974652));
#5782=CARTESIAN_POINT('',(12.375081666,238.470926549,108.926526419));
#5783=CARTESIAN_POINT('',(12.270112488,238.422753865,109.055200487));
#5784=CARTESIAN_POINT('',(12.21090054,238.407414051,109.117313177));
#5785=CARTESIAN_POINT('',(12.082959657,238.395251208,109.232964913));
#5786=CARTESIAN_POINT('',(12.014240304,238.398429107,109.28649532));
#5787=CARTESIAN_POINT('',(11.871873153,238.423096671,109.381409773));
#5788=CARTESIAN_POINT('',(11.798236015,238.44458451,109.422786727));
#5789=CARTESIAN_POINT('',(11.724593363,238.474514428,109.456708957));
#5790=CARTESIAN_POINT('',(12.588228919,238.685581642,108.95465382));
#5791=CARTESIAN_POINT('',(12.548138619,238.641329792,109.012109263));
#5792=CARTESIAN_POINT('',(12.500424388,238.603978077,109.069561173));
#5793=CARTESIAN_POINT('',(12.392655288,238.545358271,109.180986268));
#5794=CARTESIAN_POINT('',(12.332607156,238.524093895,109.2349526));
#5795=CARTESIAN_POINT('',(12.20383833,238.498964547,109.336130784));
#5796=CARTESIAN_POINT('',(12.135125674,238.495101215,109.383336406));
#5797=CARTESIAN_POINT('',(11.993223383,238.505029963,109.468125305));
#5798=CARTESIAN_POINT('',(11.920042596,238.518821505,109.50570335));
#5799=CARTESIAN_POINT('',(11.846857248,238.541030464,109.53732691));
#5800=CARTESIAN_POINT('',(12.66460058,238.77081886,109.074363907));
#5801=CARTESIAN_POINT('',(12.623006896,238.724266109,109.125436232));
#5802=CARTESIAN_POINT('',(12.574159981,238.684192254,109.176505735));
#5803=CARTESIAN_POINT('',(12.464774528,238.619315864,109.275717586));
#5804=CARTESIAN_POINT('',(12.404242116,238.594516984,109.323854452));
#5805=CARTESIAN_POINT('',(12.274984057,238.561633813,109.414436031));
#5806=CARTESIAN_POINT('',(12.206265641,238.553551395,109.456875739));
#5807=CARTESIAN_POINT('',(12.064606388,238.55458004,109.533624335));
#5808=CARTESIAN_POINT('',(11.991673473,238.563691084,109.567928979));
#5809=CARTESIAN_POINT('',(11.918736479,238.581142063,109.597181967));
#5810=CARTESIAN_POINT('',(12.793962885,238.917354038,109.343970278));
#5811=CARTESIAN_POINT('',(12.749845016,238.866816991,109.381270501));
#5812=CARTESIAN_POINT('',(12.69909977,238.822063733,109.418569052));
#5813=CARTESIAN_POINT('',(12.587002886,238.746464523,109.491236827));
#5814=CARTESIAN_POINT('',(12.525656387,238.715622059,109.526602792));
#5815=CARTESIAN_POINT('',(12.395566898,238.669467705,109.593572297));
#5816=CARTESIAN_POINT('',(12.326829866,238.654157961,109.625172831));
#5817=CARTESIAN_POINT('',(12.185555098,238.639881388,109.682972583));
#5818=CARTESIAN_POINT('',(12.11302383,238.640915251,109.709169203));
#5819=CARTESIAN_POINT('',(12.040489242,238.650099798,109.731985147));
#5820=CARTESIAN_POINT('',(12.844250331,238.975547046,109.488338681));
#5821=CARTESIAN_POINT('',(12.799164428,238.923411563,109.518532715));
#5822=CARTESIAN_POINT('',(12.747693249,238.876800184,109.548725507));
#5823=CARTESIAN_POINT('',(12.634558179,238.796961267,109.607607429));
#5824=CARTESIAN_POINT('',(12.572899073,238.763737112,109.636294103));
#5825=CARTESIAN_POINT('',(12.442485266,238.712345258,109.69073255));
#5826=CARTESIAN_POINT('',(12.373736079,238.694179741,109.716482052));
#5827=CARTESIAN_POINT('',(12.232595389,238.673821866,109.763761253));
#5828=CARTESIAN_POINT('',(12.160209853,238.671630378,109.78528898));
#5829=CARTESIAN_POINT('',(12.087821211,238.677482789,109.804169562));
#5830=CARTESIAN_POINT('',(12.896208933,239.036017323,109.719952602));
#5831=CARTESIAN_POINT('',(12.850125834,238.982216127,109.738970785));
#5832=CARTESIAN_POINT('',(12.79790722,238.933673495,109.757988252));
#5833=CARTESIAN_POINT('',(12.683702672,238.849433113,109.795112631));
#5834=CARTESIAN_POINT('',(12.621721166,238.813738629,109.813218112));
#5835=CARTESIAN_POINT('',(12.490971368,238.756912976,109.847650122));
#5836=CARTESIAN_POINT('',(12.422208144,238.735784011,109.863975323));
#5837=CARTESIAN_POINT('',(12.28120179,238.709107497,109.894063659));
#5838=CARTESIAN_POINT('',(12.208964126,238.703560986,109.907825635));
#5839=CARTESIAN_POINT('',(12.136723617,238.705939574,109.919976437));
#5840=CARTESIAN_POINT('',(12.909493874,239.051570179,109.79982465));
#5841=CARTESIAN_POINT('',(12.863156352,238.997339404,109.81502447));
#5842=CARTESIAN_POINT('',(12.810747099,238.948300078,109.830223717));
#5843=CARTESIAN_POINT('',(12.696269528,238.862929044,109.859901921));
#5844=CARTESIAN_POINT('',(12.634205548,238.826600573,109.874379758));
#5845=CARTESIAN_POINT('',(12.503369229,238.768379942,109.901927894));
#5846=CARTESIAN_POINT('',(12.434601848,238.746489989,109.914997153));
#5847=CARTESIAN_POINT('',(12.293628417,238.718188636,109.939107686));
#5848=CARTESIAN_POINT('',(12.221427709,238.711778308,109.95014805));
#5849=CARTESIAN_POINT('',(12.149224264,238.713260364,109.959912325));
#5850=CARTESIAN_POINT('',(12.926987709,239.072077004,109.95915749));
#5851=CARTESIAN_POINT('',(12.880315928,239.01727934,109.966775862));
#5852=CARTESIAN_POINT('',(12.827656341,238.967584932,109.974393956));
#5853=CARTESIAN_POINT('',(12.712820389,238.880723083,109.98927523));
#5854=CARTESIAN_POINT('',(12.650648246,238.843558836,109.996537867));
#5855=CARTESIAN_POINT('',(12.519698594,238.783499122,110.010369317));
#5856=CARTESIAN_POINT('',(12.4509259,238.760605862,110.016937624));
#5857=CARTESIAN_POINT('',(12.309995917,238.730161657,110.029073871));
#5858=CARTESIAN_POINT('',(12.23784381,238.722611828,110.034641367));
#5859=CARTESIAN_POINT('',(12.16568905,238.722910635,110.039578745));
#5860=CARTESIAN_POINT('',(12.931380082,239.077244483,110.039324791));
#5861=CARTESIAN_POINT('',(12.884624561,239.022303716,110.043145992));
#5862=CARTESIAN_POINT('',(12.831902286,238.972444213,110.046967054));
#5863=CARTESIAN_POINT('',(12.716976565,238.885206919,110.054431167));
#5864=CARTESIAN_POINT('',(12.654777312,238.84783231,110.058073944));
#5865=CARTESIAN_POINT('',(12.52379918,238.78730962,110.065011499));
#5866=CARTESIAN_POINT('',(12.455025078,238.76416375,110.068306024));
#5867=CARTESIAN_POINT('',(12.314105784,238.733179568,110.074393326));
#5868=CARTESIAN_POINT('',(12.241965732,238.725342389,110.077185882));
#5869=CARTESIAN_POINT('',(12.169823049,238.72534239,110.079662395));
#5870=CARTESIAN_POINT('',(12.931380099,239.077244503,110.119999526));
#5871=CARTESIAN_POINT('',(12.884624578,239.022303735,110.119999548));
#5872=CARTESIAN_POINT('',(12.831902302,238.972444232,110.11999957));
#5873=CARTESIAN_POINT('',(12.716976581,238.885206936,110.119999614));
#5874=CARTESIAN_POINT('',(12.654777328,238.847832326,110.119999636));
#5875=CARTESIAN_POINT('',(12.523799196,238.787309635,110.119999677));
#5876=CARTESIAN_POINT('',(12.455025094,238.764163764,110.119999696));
#5877=CARTESIAN_POINT('',(12.3141058,238.73317958,110.119999732));
#5878=CARTESIAN_POINT('',(12.241965748,238.725342399,110.119999748));
#5879=CARTESIAN_POINT('',(12.169823065,238.725342399,110.119999763));
#5880=B_SPLINE_SURFACE_WITH_KNOTS('',3,3,((#5680,#5681,#5682,#5683,#5684,#5685,#5686,#5687,#5688,#5689),(#5690,#5691,#5692,#5693,#5694,#5695,#5696,#5697,#5698,#5699),(#5700,#5701,#5702,#5703,#5704,#5705,#5706,#5707,#5708,#5709),(#5710,#5711,#5712,#5713,#5714,#5715,#5716,#5717,#5718,#5719),(#5720,#5721,#5722,#5723,#5724,#5725,#5726,#5727,#5728,#5729),(#5730,#5731,#5732,#5733,#5734,#5735,#5736,#5737,#5738,#5739),(#5740,#5741,#5742,#5743,#5744,#5745,#5746,#5747,#5748,#5749),(#5750,#5751,#5752,#5753,#5754,#5755,#5756,#5757,#5758,#5759),(#5760,#5761,#5762,#5763,#5764,#5765,#5766,#5767,#5768,#5769),(#5770,#5771,#5772,#5773,#5774,#5775,#5776,#5777,#5778,#5779),(#5780,#5781,#5782,#5783,#5784,#5785,#5786,#5787,#5788,#5789),(#5790,#5791,#5792,#5793,#5794,#5795,#5796,#5797,#5798,#5799),(#5800,#5801,#5802,#5803,#5804,#5805,#5806,#5807,#5808,#5809),(#5810,#5811,#5812,#5813,#5814,#5815,#5816,#5817,#5818,#5819),(#5820,#5821,#5822,#5823,#5824,#5825,#5826,#5827,#5828,#5829),(#5830,#5831,#5832,#5833,#5834,#5835,#5836,#5837,#5838,#5839),(#5840,#5841,#5842,#5843,#5844,#5845,#5846,#5847,#5848,#5849),(#5850,#5851,#5852,#5853,#5854,#5855,#5856,#5857,#5858,#5859),(#5860,#5861,#5862,#5863,#5864,#5865,#5866,#5867,#5868,#5869),(#5870,#5871,#5872,#5873,#5874,#5875,#5876,#5877,#5878,#5879)),.UNSPECIFIED.,.F.,.F.,.U.,(4,2,2,2,2,2,2,2,2,4),(4,2,2,2,4),(0.001729867,0.0026873,0.003166017,0.003644734,0.003884093,0.004123451,0.004602168,0.005080885,0.005320243,0.005559602),(0.,0.25,0.5,0.75,1.),.UNSPECIFIED.);
#5881=ORIENTED_EDGE('',*,*,#3910,.T.);
#5882=ORIENTED_EDGE('',*,*,#2372,.T.);
#5883=CARTESIAN_POINT('',(12.931380099,239.077244503,110.119999526));
#5884=CARTESIAN_POINT('',(12.884624578,239.022303735,110.119999548));
#5885=CARTESIAN_POINT('',(12.831902302,238.972444232,110.11999957));
#5886=CARTESIAN_POINT('',(12.716976581,238.885206936,110.119999614));
#5887=CARTESIAN_POINT('',(12.654777328,238.847832326,110.119999636));
#5888=CARTESIAN_POINT('',(12.523799196,238.787309635,110.119999677));
#5889=CARTESIAN_POINT('',(12.455025094,238.764163764,110.119999696));
#5890=CARTESIAN_POINT('',(12.3141058,238.73317958,110.119999732));
#5891=CARTESIAN_POINT('',(12.241965748,238.725342399,110.119999748));
#5892=CARTESIAN_POINT('',(12.169823065,238.725342399,110.119999763));
#5893=B_SPLINE_CURVE_WITH_KNOTS('',3,(#5883,#5884,#5885,#5886,#5887,#5888,#5889,#5890,#5891,#5892),.UNSPECIFIED.,.F.,.F.,(4,2,2,2,4),(0.,0.25,0.5,0.75,1.),.UNSPECIFIED.);
#5894=EDGE_CURVE('',#2340,#2820,#5893,.T.);
#5895=ORIENTED_EDGE('',*,*,#5894,.T.);
#5896=ORIENTED_EDGE('',*,*,#4309,.F.);
#5897=EDGE_LOOP('',(#5881,#5882,#5895,#5896));
#5898=FACE_BOUND('',#5897,.T.);
#5899=ADVANCED_FACE('',(#5898),#5880,.T.);
#5900=CARTESIAN_POINT('',(12.169823065,239.725342399,129.17));
#5901=DIRECTION('',(0.,0.,-1.));
#5902=DIRECTION('',(-1.,0.,0.));
#5903=AXIS2_PLACEMENT_3D('',#5900,#5901,#5902);
#5904=CYLINDRICAL_SURFACE('',#5903,1.);
#5905=ORIENTED_EDGE('',*,*,#2345,.T.);
#5906=CARTESIAN_POINT('',(12.169823065,239.725342399,128.32));
#5907=DIRECTION('',(0.,0.,-1.));
#5908=DIRECTION('',(-1.,0.,0.));
#5909=AXIS2_PLACEMENT_3D('',#5906,#5907,#5908);
#5910=CIRCLE('',#5909,1.);
#5911=EDGE_CURVE('',#2331,#2818,#5910,.T.);
#5912=ORIENTED_EDGE('',*,*,#5911,.T.);
#5913=ORIENTED_EDGE('',*,*,#2825,.T.);
#5914=ORIENTED_EDGE('',*,*,#5894,.F.);
#5915=EDGE_LOOP('',(#5905,#5912,#5913,#5914));
#5916=FACE_BOUND('',#5915,.T.);
#5917=ADVANCED_FACE('',(#5916),#5904,.T.);
#5918=CARTESIAN_POINT('',(-0.015089493,250.094908733,99.42));
#5919=DIRECTION('',(0.,0.,1.));
#5920=DIRECTION('',(1.,0.,-0.));
#5921=AXIS2_PLACEMENT_3D('',#5918,#5919,#5920);
#5922=CONICAL_SURFACE('',#5921,17.,44.999999949);
#5923=CARTESIAN_POINT('',(16.984910507,250.094908733,99.42));
#5924=DIRECTION('',(-0.707106781,-0.,-0.707106782));
#5925=VECTOR('',#5924,0.424264069);
#5926=LINE('',#5923,#5925);
#5927=EDGE_CURVE('',#2555,#205,#5926,.T.);
#5928=ORIENTED_EDGE('',*,*,#5927,.T.);
#5929=ORIENTED_EDGE('',*,*,#211,.T.);
#5930=ORIENTED_EDGE('',*,*,#3614,.F.);
#5931=CARTESIAN_POINT('',(-0.015089493,250.094908733,99.42));
#5932=DIRECTION('',(-0.,-0.,-1.));
#5933=DIRECTION('',(1.,0.,-0.));
#5934=AXIS2_PLACEMENT_3D('',#5931,#5932,#5933);
#5935=CIRCLE('',#5934,17.);
#5936=EDGE_CURVE('',#3602,#2097,#5935,.T.);
#5937=ORIENTED_EDGE('',*,*,#5936,.T.);
#5938=ORIENTED_EDGE('',*,*,#2568,.T.);
#5939=EDGE_LOOP('',(#5928,#5929,#5930,#5937,#5938));
#5940=FACE_BOUND('',#5939,.T.);
#5941=ADVANCED_FACE('',(#5940),#5922,.T.);
#5942=CARTESIAN_POINT('',(-18.468538687,253.343231211,107.122995293));
#5943=DIRECTION('',(0.707106781,0.707106781,0.));
#5944=DIRECTION('',(0.707106781,-0.707106781,0.));
#5945=AXIS2_PLACEMENT_3D('',#5942,#5943,#5944);
#5946=CYLINDRICAL_SURFACE('',#5945,1.);
#5947=ORIENTED_EDGE('',*,*,#1610,.T.);
#5948=ORIENTED_EDGE('',*,*,#1701,.T.);
#5949=CARTESIAN_POINT('',(-15.527084974,257.050337993,106.282229161));
#5950=CARTESIAN_POINT('',(-15.619793875,256.84357864,106.230298502));
#5951=CARTESIAN_POINT('',(-15.708910513,256.633759189,106.191371663));
#5952=CARTESIAN_POINT('',(-15.794241467,256.420915607,106.164538516));
#5953=CARTESIAN_POINT('',(-15.879572422,256.208072024,106.13770537));
#5954=CARTESIAN_POINT('',(-15.961124213,255.992203261,106.122995293));
#5955=CARTESIAN_POINT('',(-16.03881561,255.772954288,106.122995293));
#5956=B_SPLINE_CURVE_WITH_KNOTS('',3,(#5949,#5950,#5951,#5952,#5953,#5954,#5955),.UNSPECIFIED.,.F.,.F.,(4,3,4),(0.,0.000692628,0.001385255),.UNSPECIFIED.);
#5957=EDGE_CURVE('',#1690,#1621,#5956,.T.);
#5958=ORIENTED_EDGE('',*,*,#5957,.T.);
#5959=ORIENTED_EDGE('',*,*,#1628,.T.);
#5960=CARTESIAN_POINT('',(-16.175645468,255.63612443,107.122995293));
#5961=DIRECTION('',(-0.707106781,-0.707106781,-0.));
#5962=DIRECTION('',(-0.707106781,0.707106781,0.));
#5963=AXIS2_PLACEMENT_3D('',#5960,#5961,#5962);
#5964=CIRCLE('',#5963,1.);
#5965=EDGE_CURVE('',#1583,#1623,#5964,.T.);
#5966=ORIENTED_EDGE('',*,*,#5965,.F.);
#5967=EDGE_LOOP('',(#5947,#5948,#5958,#5959,#5966));
#5968=FACE_BOUND('',#5967,.T.);
#5969=ADVANCED_FACE('',(#5968),#5946,.T.);
#5970=CARTESIAN_POINT('',(-18.468538687,246.757444774,107.122995293));
#5971=DIRECTION('',(0.707106781,-0.707106781,0.));
#5972=DIRECTION('',(-0.707106781,-0.707106781,0.));
#5973=AXIS2_PLACEMENT_3D('',#5970,#5971,#5972);
#5974=CYLINDRICAL_SURFACE('',#5973,1.);
#5975=ORIENTED_EDGE('',*,*,#1759,.T.);
#5976=CARTESIAN_POINT('',(-15.988835741,244.277741828,106.122995293));
#5977=CARTESIAN_POINT('',(-15.912286513,244.067540204,106.122995293));
#5978=CARTESIAN_POINT('',(-15.832132435,243.860328912,106.136138686));
#5979=CARTESIAN_POINT('',(-15.74843134,243.655812964,106.160072896));
#5980=CARTESIAN_POINT('',(-15.664730244,243.451297016,106.184007107));
#5981=CARTESIAN_POINT('',(-15.577478494,243.249477657,106.218730035));
#5982=CARTESIAN_POINT('',(-15.486806369,243.050337993,106.264557209));
#5983=B_SPLINE_CURVE_WITH_KNOTS('',3,(#5976,#5977,#5978,#5979,#5980,#5981,#5982),.UNSPECIFIED.,.F.,.F.,(4,3,4),(0.,0.00066682,0.001333639),.UNSPECIFIED.);
#5984=EDGE_CURVE('',#1743,#1721,#5983,.T.);
#5985=ORIENTED_EDGE('',*,*,#5984,.T.);
#5986=ORIENTED_EDGE('',*,*,#1726,.T.);
#5987=ORIENTED_EDGE('',*,*,#1570,.T.);
#5988=CARTESIAN_POINT('',(-16.175645468,244.464551555,107.122995293));
#5989=DIRECTION('',(-0.707106781,0.707106781,-0.));
#5990=DIRECTION('',(0.707106781,0.707106781,0.));
#5991=AXIS2_PLACEMENT_3D('',#5988,#5989,#5990);
#5992=CIRCLE('',#5991,1.);
#5993=EDGE_CURVE('',#1754,#1559,#5992,.T.);
#5994=ORIENTED_EDGE('',*,*,#5993,.F.);
#5995=EDGE_LOOP('',(#5975,#5985,#5986,#5987,#5994));
#5996=FACE_BOUND('',#5995,.T.);
#5997=ADVANCED_FACE('',(#5996),#5974,.T.);
#5998=CARTESIAN_POINT('',(-16.175645468,255.63612443,0.));
#5999=DIRECTION('',(0.,0.,1.));
#6000=DIRECTION('',(1.,0.,-0.));
#6001=AXIS2_PLACEMENT_3D('',#5998,#5999,#6000);
#6002=CYLINDRICAL_SURFACE('',#6001,1.);
#6003=ORIENTED_EDGE('',*,*,#2042,.T.);
#6004=ORIENTED_EDGE('',*,*,#1902,.T.);
#6005=ORIENTED_EDGE('',*,*,#1588,.T.);
#6006=CARTESIAN_POINT('',(-16.175645468,255.63612443,107.122995293));
#6007=DIRECTION('',(0.,0.,1.));
#6008=DIRECTION('',(1.,0.,-0.));
#6009=AXIS2_PLACEMENT_3D('',#6006,#6007,#6008);
#6010=CIRCLE('',#6009,1.);
#6011=EDGE_CURVE('',#1583,#2037,#6010,.T.);
#6012=ORIENTED_EDGE('',*,*,#6011,.T.);
#6013=EDGE_LOOP('',(#6003,#6004,#6005,#6012));
#6014=FACE_BOUND('',#6013,.T.);
#6015=ADVANCED_FACE('',(#6014),#6002,.T.);
#6016=CARTESIAN_POINT('',(-16.175645468,255.63612443,107.122995293));
#6017=DIRECTION('',(1.,0.,0.));
#6018=DIRECTION('',(0.,0.,-1.));
#6019=AXIS2_PLACEMENT_3D('',#6016,#6017,#6018);
#6020=SPHERICAL_SURFACE('',#6019,1.);
#6021=ORIENTED_EDGE('',*,*,#5965,.T.);
#6022=CARTESIAN_POINT('',(-16.175645468,255.63612443,107.122995293));
#6023=DIRECTION('',(-0.,1.,-0.));
#6024=DIRECTION('',(0.,0.,-1.));
#6025=AXIS2_PLACEMENT_3D('',#6022,#6023,#6024);
#6026=CIRCLE('',#6025,1.);
#6027=EDGE_CURVE('',#1623,#2037,#6026,.T.);
#6028=ORIENTED_EDGE('',*,*,#6027,.T.);
#6029=ORIENTED_EDGE('',*,*,#6011,.F.);
#6030=EDGE_LOOP('',(#6021,#6028,#6029));
#6031=FACE_BOUND('',#6030,.T.);
#6032=ADVANCED_FACE('',(#6031),#6020,.T.);
#6033=CARTESIAN_POINT('',(-16.175645468,352.650337993,107.122995293));
#6034=DIRECTION('',(0.,-1.,0.));
#6035=DIRECTION('',(0.,0.,1.));
#6036=AXIS2_PLACEMENT_3D('',#6033,#6034,#6035);
#6037=CYLINDRICAL_SURFACE('',#6036,1.);
#6038=ORIENTED_EDGE('',*,*,#6027,.F.);
#6039=ORIENTED_EDGE('',*,*,#1643,.T.);
#6040=CARTESIAN_POINT('',(-16.175645468,255.370932859,107.122995293));
#6041=DIRECTION('',(-0.,1.,-0.));
#6042=DIRECTION('',(0.,0.,1.));
#6043=AXIS2_PLACEMENT_3D('',#6040,#6041,#6042);
#6044=CIRCLE('',#6043,1.);
#6045=EDGE_CURVE('',#1631,#2045,#6044,.T.);
#6046=ORIENTED_EDGE('',*,*,#6045,.T.);
#6047=ORIENTED_EDGE('',*,*,#2050,.T.);
#6048=EDGE_LOOP('',(#6038,#6039,#6046,#6047));
#6049=FACE_BOUND('',#6048,.T.);
#6050=ADVANCED_FACE('',(#6049),#6037,.T.);
#6051=CARTESIAN_POINT('',(-17.175645468,244.818884607,107.122995292));
#6052=CARTESIAN_POINT('',(-17.175645468,244.818884607,106.992095599));
#6053=CARTESIAN_POINT('',(-17.149618145,244.818884607,106.861247409));
#6054=CARTESIAN_POINT('',(-17.049431856,244.818884607,106.619376313));
#6055=CARTESIAN_POINT('',(-16.97531231,244.818884607,106.508448573));
#6056=CARTESIAN_POINT('',(-16.790192188,244.818884607,106.323328451));
#6057=CARTESIAN_POINT('',(-16.679264448,244.818884607,106.249208905));
#6058=CARTESIAN_POINT('',(-16.437393352,244.818884607,106.149022616));
#6059=CARTESIAN_POINT('',(-16.306545162,244.818884607,106.122995293));
#6060=CARTESIAN_POINT('',(-16.175645468,244.818884607,106.122995293));
#6061=CARTESIAN_POINT('',(-16.175597267,244.818884607,106.122995293));
#6062=CARTESIAN_POINT('',(-16.175549067,244.818884607,106.122995293));
#6063=CARTESIAN_POINT('',(-16.175500867,244.818884607,106.122995293));
#6064=CARTESIAN_POINT('',(-17.175645468,245.262383403,107.122995292));
#6065=CARTESIAN_POINT('',(-17.175645468,245.256791665,107.002999363));
#6066=CARTESIAN_POINT('',(-17.154007566,245.251202128,106.883033548));
#6067=CARTESIAN_POINT('',(-17.070078573,245.240869944,106.658032757));
#6068=CARTESIAN_POINT('',(-17.007807418,245.236131363,106.553054717));
#6069=CARTESIAN_POINT('',(-16.850218582,245.228223452,106.371243809));
#6070=CARTESIAN_POINT('',(-16.754938726,245.225057234,106.294458296));
#6071=CARTESIAN_POINT('',(-16.543046827,245.220777503,106.17888164));
#6072=CARTESIAN_POINT('',(-16.426486561,245.219665675,106.140122885));
#6073=CARTESIAN_POINT('',(-16.306490631,245.219665675,106.122995293));
#6074=CARTESIAN_POINT('',(-16.306446445,245.219665675,106.122988986));
#6075=CARTESIAN_POINT('',(-16.30640226,245.219665675,106.122982679));
#6076=CARTESIAN_POINT('',(-16.306358075,245.219665675,106.122976373));
#6077=CARTESIAN_POINT('',(-17.175645468,245.703945519,107.095379922));
#6078=CARTESIAN_POINT('',(-17.175645468,245.695874911,106.985590727));
#6079=CARTESIAN_POINT('',(-17.157445017,245.687805896,106.875821879));
#6080=CARTESIAN_POINT('',(-17.086536438,245.672551136,106.66786941));
#6081=CARTESIAN_POINT('',(-17.03384121,245.665368411,106.569724408));
#6082=CARTESIAN_POINT('',(-16.899453783,245.652678584,106.395443692));
#6083=CARTESIAN_POINT('',(-16.817786074,245.647174021,106.319340574));
#6084=CARTESIAN_POINT('',(-16.634014681,245.638454143,106.197282544));
#6085=CARTESIAN_POINT('',(-16.531944592,245.635240621,106.151350867));
#6086=CARTESIAN_POINT('',(-16.425021149,245.633356176,106.122995293));
#6087=CARTESIAN_POINT('',(-16.424981777,245.633355482,106.122984852));
#6088=CARTESIAN_POINT('',(-16.424942405,245.633354789,106.122974411));
#6089=CARTESIAN_POINT('',(-16.424903034,245.633354095,106.12296397));
#6090=CARTESIAN_POINT('',(-17.175645468,246.585214456,107.013694301));
#6091=CARTESIAN_POINT('',(-17.175645468,246.574675712,106.922715685));
#6092=CARTESIAN_POINT('',(-17.163125105,246.564137958,106.831744596));
#6093=CARTESIAN_POINT('',(-17.113922474,246.543863306,106.656386424));
#6094=CARTESIAN_POINT('',(-17.077243984,246.534128318,106.572013942));
#6095=CARTESIAN_POINT('',(-16.982312258,246.516203255,106.416004567));
#6096=CARTESIAN_POINT('',(-16.924066372,246.508014891,106.344380937));
#6097=CARTESIAN_POINT('',(-16.79012744,246.493813512,106.219151978));
#6098=CARTESIAN_POINT('',(-16.714444911,246.487801887,106.165557749));
#6099=CARTESIAN_POINT('',(-16.632737908,246.483112875,106.122995293));
#6100=CARTESIAN_POINT('',(-16.632707821,246.483111149,106.122979621));
#6101=CARTESIAN_POINT('',(-16.632677735,246.483109422,106.122963948));
#6102=CARTESIAN_POINT('',(-16.632647649,246.483107696,106.122948276));
#6103=CARTESIAN_POINT('',(-17.175645464,247.024899857,106.959005227));
#6104=CARTESIAN_POINT('',(-17.175645464,247.014480012,106.876668374));
#6105=CARTESIAN_POINT('',(-17.165351266,247.004060789,106.794336408));
#6106=CARTESIAN_POINT('',(-17.124783641,246.983850427,106.634619336));
#6107=CARTESIAN_POINT('',(-17.094512568,246.974060495,106.557243721));
#6108=CARTESIAN_POINT('',(-17.015787967,246.955701057,106.412105372));
#6109=CARTESIAN_POINT('',(-16.967339013,246.947132653,106.344351299));
#6110=CARTESIAN_POINT('',(-16.855138475,246.931736702,106.222557023));
#6111=CARTESIAN_POINT('',(-16.791393422,246.924910088,106.168524152));
#6112=CARTESIAN_POINT('',(-16.721894652,246.919162785,106.122995293));
#6113=CARTESIAN_POINT('',(-16.721869061,246.919160669,106.122978528));
#6114=CARTESIAN_POINT('',(-16.72184347,246.919158553,106.122961764));
#6115=CARTESIAN_POINT('',(-16.721817879,246.919156436,106.122944999));
#6116=CARTESIAN_POINT('',(-17.175645472,247.903565431,106.845461071));
#6117=CARTESIAN_POINT('',(-17.175645472,247.894679277,106.778397746));
#6118=CARTESIAN_POINT('',(-17.168847769,247.885793337,106.71133601));
#6119=CARTESIAN_POINT('',(-17.141913863,247.868373269,106.57984863));
#6120=CARTESIAN_POINT('',(-17.121778232,247.859839564,106.515426116));
#6121=CARTESIAN_POINT('',(-17.068931729,247.843463372,106.391761527));
#6122=CARTESIAN_POINT('',(-17.036221987,247.835621288,106.332522441));
#6123=CARTESIAN_POINT('',(-16.959471273,247.82094246,106.221581951));
#6124=CARTESIAN_POINT('',(-16.915431961,247.814106087,106.169883303));
#6125=CARTESIAN_POINT('',(-16.866568425,247.807910968,106.122995293));
#6126=CARTESIAN_POINT('',(-16.866550432,247.807908687,106.122978028));
#6127=CARTESIAN_POINT('',(-16.866532439,247.807906406,106.122960763));
#6128=CARTESIAN_POINT('',(-16.866514447,247.807904125,106.122943497));
#6129=CARTESIAN_POINT('',(-17.175645387,248.342629514,106.786203774));
#6130=CARTESIAN_POINT('',(-17.175645392,248.335181583,106.725804423));
#6131=CARTESIAN_POINT('',(-17.170114961,248.327733777,106.665406123));
#6132=CARTESIAN_POINT('',(-17.148171172,248.313075091,106.546576647));
#6133=CARTESIAN_POINT('',(-17.13175819,248.305864456,106.488147542));
#6134=CARTESIAN_POINT('',(-17.088578258,248.29190985,106.375162824));
#6135=CARTESIAN_POINT('',(-17.061812047,248.285166114,106.320609185));
#6136=CARTESIAN_POINT('',(-16.998788861,248.272360399,106.21715796));
#6137=CARTESIAN_POINT('',(-16.962532966,248.266298635,106.168262188));
#6138=CARTESIAN_POINT('',(-16.922116731,248.260674593,106.122995293));
#6139=CARTESIAN_POINT('',(-16.922101848,248.260672522,106.122978625));
#6140=CARTESIAN_POINT('',(-16.922086966,248.260670452,106.122961956));
#6141=CARTESIAN_POINT('',(-16.922072084,248.260668381,106.122945288));
#6142=CARTESIAN_POINT('',(-17.175645509,249.003479525,106.718163779));
#6143=CARTESIAN_POINT('',(-17.175645506,248.998623978,106.665033448));
#6144=CARTESIAN_POINT('',(-17.171376855,248.993768481,106.611903685));
#6145=CARTESIAN_POINT('',(-17.154409894,248.984179064,106.506992017));
#6146=CARTESIAN_POINT('',(-17.141711763,248.979445242,106.455211232));
#6147=CARTESIAN_POINT('',(-17.108206429,248.970217848,106.354312653));
#6148=CARTESIAN_POINT('',(-17.08739958,248.96572437,106.305195935));
#6149=CARTESIAN_POINT('',(-17.038202339,248.957090397,106.210873715));
#6150=CARTESIAN_POINT('',(-17.009812467,248.952949991,106.16566922));
#6151=CARTESIAN_POINT('',(-16.977989501,248.949038078,106.122995293));
#6152=CARTESIAN_POINT('',(-16.977977783,248.949036638,106.12297958));
#6153=CARTESIAN_POINT('',(-16.977966065,248.949035197,106.122963866));
#6154=CARTESIAN_POINT('',(-16.977954347,248.949033757,106.122948153));
#6155=CARTESIAN_POINT('',(-17.175645467,249.224156136,106.699121137));
#6156=CARTESIAN_POINT('',(-17.175645467,249.220240154,106.647942759));
#6157=CARTESIAN_POINT('',(-17.171689935,249.216324208,106.596764857));
#6158=CARTESIAN_POINT('',(-17.155960916,249.208583611,106.495616327));
#6159=CARTESIAN_POINT('',(-17.144187573,249.20475903,106.44564664));
#6160=CARTESIAN_POINT('',(-17.113100355,249.197290403,106.348094339));
#6161=CARTESIAN_POINT('',(-17.093786768,249.193646425,106.300512633));
#6162=CARTESIAN_POINT('',(-17.048074277,249.186624038,106.208859884));
#6163=CARTESIAN_POINT('',(-17.021675797,249.183245693,106.164789693));
#6164=CARTESIAN_POINT('',(-16.992045809,249.180039556,106.122995293));
#6165=CARTESIAN_POINT('',(-16.992034898,249.180038376,106.122979903));
#6166=CARTESIAN_POINT('',(-16.992023988,249.180037195,106.122964514));
#6167=CARTESIAN_POINT('',(-16.992013077,249.180036015,106.122949124));
#6168=CARTESIAN_POINT('',(-17.175645469,249.666806763,106.673035405));
#6169=CARTESIAN_POINT('',(-17.175645469,249.664846796,106.62450439));
#6170=CARTESIAN_POINT('',(-17.172104668,249.662886842,106.575973736));
#6171=CARTESIAN_POINT('',(-17.158016065,249.659007193,106.479937483));
#6172=CARTESIAN_POINT('',(-17.147468366,249.657087525,106.432432598));
#6173=CARTESIAN_POINT('',(-17.119588405,249.65332791,106.339452072));
#6174=CARTESIAN_POINT('',(-17.102256349,249.65148799,106.293977123));
#6175=CARTESIAN_POINT('',(-17.061173274,249.64792571,106.206017919));
#6176=CARTESIAN_POINT('',(-17.03742256,249.646203376,106.163534318));
#6177=CARTESIAN_POINT('',(-17.010712905,249.644557543,106.122995293));
#6178=CARTESIAN_POINT('',(-17.01070307,249.644556937,106.122980366));
#6179=CARTESIAN_POINT('',(-17.010693234,249.644556331,106.122965438));
#6180=CARTESIAN_POINT('',(-17.010683399,249.644555725,106.122950511));
#6181=CARTESIAN_POINT('',(-17.175645468,249.888796589,106.666138143));
#6182=CARTESIAN_POINT('',(-17.175645468,249.887853373,106.618290349));
#6183=CARTESIAN_POINT('',(-17.172205668,249.886910164,106.570442893));
#6184=CARTESIAN_POINT('',(-17.158517121,249.885043161,106.475731444));
#6185=CARTESIAN_POINT('',(-17.148268472,249.884119381,106.42886812));
#6186=CARTESIAN_POINT('',(-17.121172926,249.882310263,106.337088848));
#6187=CARTESIAN_POINT('',(-17.104326221,249.88142494,106.292173548));
#6188=CARTESIAN_POINT('',(-17.064380981,249.879710973,106.205214181));
#6189=CARTESIAN_POINT('',(-17.041282727,249.878882342,106.163170728));
#6190=CARTESIAN_POINT('',(-17.015296058,249.878090587,106.122995293));
#6191=CARTESIAN_POINT('',(-17.015286489,249.878090296,106.1229805));
#6192=CARTESIAN_POINT('',(-17.01527692,249.878090004,106.122965706));
#6193=CARTESIAN_POINT('',(-17.015267351,249.878089713,106.122950913));
#6194=CARTESIAN_POINT('',(-17.175645468,250.330742093,106.666765872));
#6195=CARTESIAN_POINT('',(-17.175645468,250.331821322,106.618855397));
#6196=CARTESIAN_POINT('',(-17.17219622,250.332900543,106.570945262));
#6197=CARTESIAN_POINT('',(-17.158470268,250.33503677,106.476112439));
#6198=CARTESIAN_POINT('',(-17.148193662,250.336093761,106.429190423));
#6199=CARTESIAN_POINT('',(-17.121024849,250.338163756,106.337301599));
#6200=CARTESIAN_POINT('',(-17.104132834,250.339176745,106.292335443));
#6201=CARTESIAN_POINT('',(-17.064081499,250.34113787,106.205285772));
#6202=CARTESIAN_POINT('',(-17.040922464,250.342085992,106.163202876));
#6203=CARTESIAN_POINT('',(-17.014868553,250.342991922,106.122995293));
#6204=CARTESIAN_POINT('',(-17.014858959,250.342992256,106.122980488));
#6205=CARTESIAN_POINT('',(-17.014849365,250.342992589,106.122965682));
#6206=CARTESIAN_POINT('',(-17.014839772,250.342992923,106.122950877));
#6207=CARTESIAN_POINT('',(-17.175645468,250.551100143,106.674245394));
#6208=CARTESIAN_POINT('',(-17.175645468,250.553186971,106.625593335));
#6209=CARTESIAN_POINT('',(-17.172086328,250.555273784,106.576941642));
#6210=CARTESIAN_POINT('',(-17.157925122,250.55940427,106.480671072));
#6211=CARTESIAN_POINT('',(-17.147323163,250.561447914,106.433052919));
#6212=CARTESIAN_POINT('',(-17.119301013,250.565449777,106.339861119));
#6213=CARTESIAN_POINT('',(-17.10188103,250.567407968,106.294288173));
#6214=CARTESIAN_POINT('',(-17.060592113,250.571198394,106.206155211));
#6215=CARTESIAN_POINT('',(-17.036723487,250.573030603,106.163595857));
#6216=CARTESIAN_POINT('',(-17.00988342,250.574780859,106.122995293));
#6217=CARTESIAN_POINT('',(-17.009873537,250.574781504,106.122980343));
#6218=CARTESIAN_POINT('',(-17.009863653,250.574782148,106.122965393));
#6219=CARTESIAN_POINT('',(-17.00985377,250.574782793,106.122950443));
#6220=CARTESIAN_POINT('',(-17.175645468,250.990795346,106.701105159));
#6221=CARTESIAN_POINT('',(-17.175645468,250.994819305,106.649723453));
#6222=CARTESIAN_POINT('',(-17.171657382,250.998843226,106.598342232));
#6223=CARTESIAN_POINT('',(-17.155799666,251.006796473,106.496801701));
#6224=CARTESIAN_POINT('',(-17.143930185,251.010725726,106.446643351));
#6225=CARTESIAN_POINT('',(-17.11259162,251.018397188,106.348742444));
#6226=CARTESIAN_POINT('',(-17.093122831,251.022139327,106.301000812));
#6227=CARTESIAN_POINT('',(-17.04704822,251.029348506,106.20906988));
#6228=CARTESIAN_POINT('',(-17.020442831,251.032815481,106.164881449));
#6229=CARTESIAN_POINT('',(-16.990585043,251.03610411,106.122995293));
#6230=CARTESIAN_POINT('',(-16.990574048,251.036105321,106.12297987));
#6231=CARTESIAN_POINT('',(-16.990563054,251.036106532,106.122964446));
#6232=CARTESIAN_POINT('',(-16.99055206,251.036107743,106.122949023));
#6233=CARTESIAN_POINT('',(-17.175645468,251.210141387,106.720381794));
#6234=CARTESIAN_POINT('',(-17.175645468,251.215095137,106.667020085));
#6235=CARTESIAN_POINT('',(-17.171338363,251.220048835,106.613658956));
#6236=CARTESIAN_POINT('',(-17.154219516,251.229831021,106.508302521));
#6237=CARTESIAN_POINT('',(-17.141407959,251.234659406,106.456308361));
#6238=CARTESIAN_POINT('',(-17.10760654,251.244068775,106.355018233));
#6239=CARTESIAN_POINT('',(-17.086617041,251.24864966,106.305723366));
#6240=CARTESIAN_POINT('',(-17.036994612,251.257448014,106.211095798));
#6241=CARTESIAN_POINT('',(-17.008362214,251.261665389,106.165764127));
#6242=CARTESIAN_POINT('',(-16.976273069,251.265647584,106.122995293));
#6243=CARTESIAN_POINT('',(-16.976261253,251.265649051,106.122979545));
#6244=CARTESIAN_POINT('',(-16.976249437,251.265650517,106.122963796));
#6245=CARTESIAN_POINT('',(-16.976237621,251.265651983,106.122948048));
#6246=CARTESIAN_POINT('',(-17.175645467,251.867273318,106.788775289));
#6247=CARTESIAN_POINT('',(-17.175645468,251.874789602,106.728089144));
#6248=CARTESIAN_POINT('',(-17.170061558,251.882305757,106.667404077));
#6249=CARTESIAN_POINT('',(-17.147907293,251.89709651,106.548029271));
#6250=CARTESIAN_POINT('',(-17.131337325,251.904370855,106.489341655));
#6251=CARTESIAN_POINT('',(-17.087750039,251.918443827,106.375894868));
#6252=CARTESIAN_POINT('',(-17.060733481,251.925242214,106.321137718));
#6253=CARTESIAN_POINT('',(-16.997132585,251.938144195,106.217358231));
#6254=CARTESIAN_POINT('',(-16.960549356,251.944247568,106.168337747));
#6255=CARTESIAN_POINT('',(-16.919778187,251.949905023,106.122995293));
#6256=CARTESIAN_POINT('',(-16.919763174,251.949907107,106.122978597));
#6257=CARTESIAN_POINT('',(-16.919748161,251.94990919,106.122961901));
#6258=CARTESIAN_POINT('',(-16.919733148,251.949911273,106.122945205));
#6259=CARTESIAN_POINT('',(-17.175645468,252.30420682,106.84782853));
#6260=CARTESIAN_POINT('',(-17.175645468,252.313140482,106.780477242));
#6261=CARTESIAN_POINT('',(-17.168787688,252.322073923,106.713127582));
#6262=CARTESIAN_POINT('',(-17.141618271,252.339583705,106.581099916));
#6263=CARTESIAN_POINT('',(-17.121307223,252.348159612,106.516425117));
#6264=CARTESIAN_POINT('',(-17.068008691,252.364609963,106.392324849));
#6265=CARTESIAN_POINT('',(-17.035022372,252.372483992,106.33290244));
#6266=CARTESIAN_POINT('',(-16.957640038,252.387212176,106.22169302));
#6267=CARTESIAN_POINT('',(-16.913245734,252.394065951,106.169908824));
#6268=CARTESIAN_POINT('',(-16.864002975,252.400269539,106.122995293));
#6269=CARTESIAN_POINT('',(-16.863984842,252.400271824,106.122978018));
#6270=CARTESIAN_POINT('',(-16.86396671,252.400274108,106.122960744));
#6271=CARTESIAN_POINT('',(-16.863948578,252.400276392,106.122943469));
#6272=CARTESIAN_POINT('',(-17.175645468,253.17852169,106.960714197));
#6273=CARTESIAN_POINT('',(-17.175645468,253.18894852,106.878115842));
#6274=CARTESIAN_POINT('',(-17.165285346,253.199374718,106.795522455));
#6275=CARTESIAN_POINT('',(-17.12446197,253.219594384,106.635330402));
#6276=CARTESIAN_POINT('',(-17.094001116,253.229386626,106.557741382));
#6277=CARTESIAN_POINT('',(-17.014796263,253.247741903,106.412267324));
#6278=CARTESIAN_POINT('',(-16.966056927,253.256303821,106.344391084));
#6279=CARTESIAN_POINT('',(-16.853211354,253.271674897,106.222477633));
#6280=CARTESIAN_POINT('',(-16.789111773,253.278483112,106.168447859));
#6281=CARTESIAN_POINT('',(-16.719249511,253.284205214,106.122995293));
#6282=CARTESIAN_POINT('',(-16.719223786,253.284207321,106.122978556));
#6283=CARTESIAN_POINT('',(-16.719198061,253.284209428,106.12296182));
#6284=CARTESIAN_POINT('',(-16.719172336,253.284211535,106.122945083));
#6285=CARTESIAN_POINT('',(-17.175645469,253.615870298,107.014928505));
#6286=CARTESIAN_POINT('',(-17.175645469,253.626396656,106.923719917));
#6287=CARTESIAN_POINT('',(-17.163060937,253.636922014,106.832518964));
#6288=CARTESIAN_POINT('',(-17.113611226,253.657168678,106.656753022));
#6289=CARTESIAN_POINT('',(-17.076749892,253.666888055,106.572202839));
#6290=CARTESIAN_POINT('',(-16.981361598,253.684776063,106.415935772));
#6291=CARTESIAN_POINT('',(-16.922842121,253.692942969,106.344232325));
#6292=CARTESIAN_POINT('',(-16.788308214,253.707094052,106.218974955));
#6293=CARTESIAN_POINT('',(-16.712304486,253.71307683,106.165432259));
#6294=CARTESIAN_POINT('',(-16.630279151,253.71773327,106.122995293));
#6295=CARTESIAN_POINT('',(-16.630248947,253.717734985,106.122979667));
#6296=CARTESIAN_POINT('',(-16.630218744,253.7177367,106.122964041));
#6297=CARTESIAN_POINT('',(-16.63018854,253.717738414,106.122948414));
#6298=CARTESIAN_POINT('',(-17.175645467,254.492928045,107.095840124));
#6299=CARTESIAN_POINT('',(-17.175645467,254.500959317,106.985889569));
#6300=CARTESIAN_POINT('',(-17.157390905,254.508988992,106.87595952));
#6301=CARTESIAN_POINT('',(-17.086277454,254.524166604,106.66773693));
#6302=CARTESIAN_POINT('',(-17.033431586,254.531311513,106.569483303));
#6303=CARTESIAN_POINT('',(-16.898679351,254.543928913,106.395080889));
#6304=CARTESIAN_POINT('',(-16.816797699,254.549398861,106.318964926));
#6305=CARTESIAN_POINT('',(-16.632584272,254.558054646,106.197002692));
#6306=CARTESIAN_POINT('',(-16.53028639,254.56123869,106.151179782));
#6307=CARTESIAN_POINT('',(-16.42315689,254.563097324,106.122995293));
#6308=CARTESIAN_POINT('',(-16.423117442,254.563098009,106.122984915));
#6309=CARTESIAN_POINT('',(-16.423077995,254.563098693,106.122974537));
#6310=CARTESIAN_POINT('',(-16.423038547,254.563099377,106.122964159));
#6311=CARTESIAN_POINT('',(-17.175645468,254.933146189,107.122995292));
#6312=CARTESIAN_POINT('',(-17.175645468,254.938665907,107.002858926));
#6313=CARTESIAN_POINT('',(-17.153951032,254.944183453,106.88275295));
#6314=CARTESIAN_POINT('',(-17.06981265,254.954382561,106.657534874));
#6315=CARTESIAN_POINT('',(-17.007388891,254.959060111,106.552480204));
#6316=CARTESIAN_POINT('',(-16.849445461,254.966866171,106.370626674));
#6317=CARTESIAN_POINT('',(-16.753964065,254.969991609,106.293875498));
#6318=CARTESIAN_POINT('',(-16.541686043,254.974216218,106.178497065));
#6319=CARTESIAN_POINT('',(-16.424941754,254.975313727,106.139902287));
#6320=CARTESIAN_POINT('',(-16.304805386,254.975313727,106.122995293));
#6321=CARTESIAN_POINT('',(-16.304761149,254.975313727,106.122989067));
#6322=CARTESIAN_POINT('',(-16.304716912,254.975313727,106.122982842));
#6323=CARTESIAN_POINT('',(-16.304672675,254.975313727,106.122976616));
#6324=CARTESIAN_POINT('',(-17.175645468,255.370932859,107.122995292));
#6325=CARTESIAN_POINT('',(-17.175645468,255.370932859,106.992095599));
#6326=CARTESIAN_POINT('',(-17.149618145,255.370932859,106.861247409));
#6327=CARTESIAN_POINT('',(-17.049431856,255.370932859,106.619376313));
#6328=CARTESIAN_POINT('',(-16.97531231,255.370932859,106.508448573));
#6329=CARTESIAN_POINT('',(-16.790192188,255.370932859,106.323328451));
#6330=CARTESIAN_POINT('',(-16.679264448,255.370932859,106.249208905));
#6331=CARTESIAN_POINT('',(-16.437393352,255.370932859,106.149022616));
#6332=CARTESIAN_POINT('',(-16.306545162,255.370932859,106.122995293));
#6333=CARTESIAN_POINT('',(-16.175645468,255.370932859,106.122995293));
#6334=CARTESIAN_POINT('',(-16.175597267,255.370932859,106.122995293));
#6335=CARTESIAN_POINT('',(-16.175549067,255.370932859,106.122995293));
#6336=CARTESIAN_POINT('',(-16.175500867,255.370932859,106.122995293));
#6337=B_SPLINE_SURFACE_WITH_KNOTS('',3,3,((#6051,#6052,#6053,#6054,#6055,#6056,#6057,#6058,#6059,#6060,#6061,#6062,#6063),(#6064,#6065,#6066,#6067,#6068,#6069,#6070,#6071,#6072,#6073,#6074,#6075,#6076),(#6077,#6078,#6079,#6080,#6081,#6082,#6083,#6084,#6085,#6086,#6087,#6088,#6089),(#6090,#6091,#6092,#6093,#6094,#6095,#6096,#6097,#6098,#6099,#6100,#6101,#6102),(#6103,#6104,#6105,#6106,#6107,#6108,#6109,#6110,#6111,#6112,#6113,#6114,#6115),(#6116,#6117,#6118,#6119,#6120,#6121,#6122,#6123,#6124,#6125,#6126,#6127,#6128),(#6129,#6130,#6131,#6132,#6133,#6134,#6135,#6136,#6137,#6138,#6139,#6140,#6141),(#6142,#6143,#6144,#6145,#6146,#6147,#6148,#6149,#6150,#6151,#6152,#6153,#6154),(#6155,#6156,#6157,#6158,#6159,#6160,#6161,#6162,#6163,#6164,#6165,#6166,#6167),(#6168,#6169,#6170,#6171,#6172,#6173,#6174,#6175,#6176,#6177,#6178,#6179,#6180),(#6181,#6182,#6183,#6184,#6185,#6186,#6187,#6188,#6189,#6190,#6191,#6192,#6193),(#6194,#6195,#6196,#6197,#6198,#6199,#6200,#6201,#6202,#6203,#6204,#6205,#6206),(#6207,#6208,#6209,#6210,#6211,#6212,#6213,#6214,#6215,#6216,#6217,#6218,#6219),(#6220,#6221,#6222,#6223,#6224,#6225,#6226,#6227,#6228,#6229,#6230,#6231,#6232),(#6233,#6234,#6235,#6236,#6237,#6238,#6239,#6240,#6241,#6242,#6243,#6244,#6245),(#6246,#6247,#6248,#6249,#6250,#6251,#6252,#6253,#6254,#6255,#6256,#6257,#6258),(#6259,#6260,#6261,#6262,#6263,#6264,#6265,#6266,#6267,#6268,#6269,#6270,#6271),(#6272,#6273,#6274,#6275,#6276,#6277,#6278,#6279,#6280,#6281,#6282,#6283,#6284),(#6285,#6286,#6287,#6288,#6289,#6290,#6291,#6292,#6293,#6294,#6295,#6296,#6297),(#6298,#6299,#6300,#6301,#6302,#6303,#6304,#6305,#6306,#6307,#6308,#6309,#6310),(#6311,#6312,#6313,#6314,#6315,#6316,#6317,#6318,#6319,#6320,#6321,#6322,#6323),(#6324,#6325,#6326,#6327,#6328,#6329,#6330,#6331,#6332,#6333,#6334,#6335,#6336)),.UNSPECIFIED.,.F.,.F.,.U.,(4,2,2,2,2,2,2,2,2,2,4),(4,2,2,2,3,4),(0.002315451,0.003642344,0.004969237,0.006296131,0.006959577,0.007623024,0.008286471,0.008949917,0.01027681,0.011603704,0.012930597),(0.,0.25,0.5,0.75,1.,1.000092056),.UNSPECIFIED.);
#6338=ORIENTED_EDGE('',*,*,#6045,.F.);
#6339=CARTESIAN_POINT('',(-16.175645468,244.818884607,106.122995293));
#6340=CARTESIAN_POINT('',(-16.314794477,245.245100504,106.122995293));
#6341=CARTESIAN_POINT('',(-16.436788069,245.675831406,106.122994201));
#6342=CARTESIAN_POINT('',(-16.54170221,246.11105732,106.122995396));
#6343=CARTESIAN_POINT('',(-16.646616351,246.546283234,106.122996592));
#6344=CARTESIAN_POINT('',(-16.734486408,246.9865957,106.122994085));
#6345=CARTESIAN_POINT('',(-16.804613802,247.428099128,106.122995467));
#6346=CARTESIAN_POINT('',(-16.874741196,247.869602556,106.122996848));
#6347=CARTESIAN_POINT('',(-16.927343139,248.313001573,106.122995873));
#6348=CARTESIAN_POINT('',(-16.962462577,248.758291534,106.122995314));
#6349=CARTESIAN_POINT('',(-16.997582015,249.203581494,106.122994754));
#6350=CARTESIAN_POINT('',(-17.015210888,249.651471668,106.122998036));
#6351=CARTESIAN_POINT('',(-17.015088862,250.099538496,106.122995327));
#6352=CARTESIAN_POINT('',(-17.01484481,250.995672152,106.122989908));
#6353=CARTESIAN_POINT('',(-16.943262182,251.892380062,106.122990165));
#6354=CARTESIAN_POINT('',(-16.802931256,252.772289715,106.122995554));
#6355=CARTESIAN_POINT('',(-16.732765793,253.212244541,106.122998249));
#6356=CARTESIAN_POINT('',(-16.645438246,253.648781325,106.122989609));
#6357=CARTESIAN_POINT('',(-16.540945161,254.08189938,106.122995393));
#6358=CARTESIAN_POINT('',(-16.436452077,254.515017434,106.123001178));
#6359=CARTESIAN_POINT('',(-16.315089205,254.943814206,106.122995293));
#6360=CARTESIAN_POINT('',(-16.175645468,255.370932859,106.122995293));
#6361=B_SPLINE_CURVE_WITH_KNOTS('',3,(#6339,#6340,#6341,#6342,#6343,#6344,#6345,#6346,#6347,#6348,#6349,#6350,#6351,#6352,#6353,#6354,#6355,#6356,#6357,#6358,#6359,#6360),.UNSPECIFIED.,.F.,.F.,(4,3,3,3,3,3,3,4),(0.,0.001342787,0.002685574,0.004028361,0.005371148,0.008056721,0.009399508,0.010742295),.UNSPECIFIED.);
#6362=EDGE_CURVE('',#1745,#1631,#6361,.T.);
#6363=ORIENTED_EDGE('',*,*,#6362,.F.);
#6364=CARTESIAN_POINT('',(-16.175645468,244.818884607,107.122995293));
#6365=DIRECTION('',(-0.,1.,-0.));
#6366=DIRECTION('',(0.,0.,1.));
#6367=AXIS2_PLACEMENT_3D('',#6364,#6365,#6366);
#6368=CIRCLE('',#6367,1.);
#6369=EDGE_CURVE('',#1745,#2053,#6368,.T.);
#6370=ORIENTED_EDGE('',*,*,#6369,.T.);
#6371=ORIENTED_EDGE('',*,*,#2080,.T.);
#6372=EDGE_LOOP('',(#6338,#6363,#6370,#6371));
#6373=FACE_BOUND('',#6372,.T.);
#6374=ADVANCED_FACE('',(#6373),#6337,.T.);
#6375=CARTESIAN_POINT('',(-16.175645468,244.464551555,0.));
#6376=DIRECTION('',(0.,0.,1.));
#6377=DIRECTION('',(1.,0.,-0.));
#6378=AXIS2_PLACEMENT_3D('',#6375,#6376,#6377);
#6379=CYLINDRICAL_SURFACE('',#6378,1.);
#6380=ORIENTED_EDGE('',*,*,#1564,.T.);
#6381=ORIENTED_EDGE('',*,*,#1917,.F.);
#6382=ORIENTED_EDGE('',*,*,#2033,.T.);
#6383=CARTESIAN_POINT('',(-16.175645468,244.464551555,107.122995293));
#6384=DIRECTION('',(0.,0.,1.));
#6385=DIRECTION('',(1.,0.,-0.));
#6386=AXIS2_PLACEMENT_3D('',#6383,#6384,#6385);
#6387=CIRCLE('',#6386,1.);
#6388=EDGE_CURVE('',#2028,#1559,#6387,.T.);
#6389=ORIENTED_EDGE('',*,*,#6388,.T.);
#6390=EDGE_LOOP('',(#6380,#6381,#6382,#6389));
#6391=FACE_BOUND('',#6390,.T.);
#6392=ADVANCED_FACE('',(#6391),#6379,.T.);
#6393=CARTESIAN_POINT('',(-16.175645468,352.650337993,107.122995293));
#6394=DIRECTION('',(0.,-1.,0.));
#6395=DIRECTION('',(0.,0.,1.));
#6396=AXIS2_PLACEMENT_3D('',#6393,#6394,#6395);
#6397=CYLINDRICAL_SURFACE('',#6396,1.);
#6398=ORIENTED_EDGE('',*,*,#6369,.F.);
#6399=ORIENTED_EDGE('',*,*,#1765,.T.);
#6400=CARTESIAN_POINT('',(-16.175645468,244.464551555,107.122995293));
#6401=DIRECTION('',(-0.,1.,-0.));
#6402=DIRECTION('',(0.,0.,-1.));
#6403=AXIS2_PLACEMENT_3D('',#6400,#6401,#6402);
#6404=CIRCLE('',#6403,1.);
#6405=EDGE_CURVE('',#1754,#2028,#6404,.T.);
#6406=ORIENTED_EDGE('',*,*,#6405,.T.);
#6407=ORIENTED_EDGE('',*,*,#2086,.T.);
#6408=EDGE_LOOP('',(#6398,#6399,#6406,#6407));
#6409=FACE_BOUND('',#6408,.T.);
#6410=ADVANCED_FACE('',(#6409),#6397,.T.);
#6411=CARTESIAN_POINT('',(-16.175645468,244.464551555,107.122995293));
#6412=DIRECTION('',(1.,0.,0.));
#6413=DIRECTION('',(0.,0.,-1.));
#6414=AXIS2_PLACEMENT_3D('',#6411,#6412,#6413);
#6415=SPHERICAL_SURFACE('',#6414,1.);
#6416=ORIENTED_EDGE('',*,*,#6388,.F.);
#6417=ORIENTED_EDGE('',*,*,#6405,.F.);
#6418=ORIENTED_EDGE('',*,*,#5993,.T.);
#6419=EDGE_LOOP('',(#6416,#6417,#6418));
#6420=FACE_BOUND('',#6419,.T.);
#6421=ADVANCED_FACE('',(#6420),#6415,.T.);
#6422=CARTESIAN_POINT('',(-10.897279486,246.460362674,124.12));
#6423=DIRECTION('',(-0.64278761,-0.766044443,0.));
#6424=DIRECTION('',(0.766044443,-0.64278761,0.));
#6425=AXIS2_PLACEMENT_3D('',#6422,#6423,#6424);
#6426=CYLINDRICAL_SURFACE('',#6425,5.);
#6427=CARTESIAN_POINT('',(-7.838982987,243.002952366,126.159413825));
#6428=VERTEX_POINT('',#6427);
#6429=CARTESIAN_POINT('',(-12.384835232,244.687562771,124.12));
#6430=DIRECTION('',(-0.501932796,-0.598180212,0.624695048));
#6431=DIRECTION('',(-0.401546237,-0.47854417,-0.780868809));
#6432=AXIS2_PLACEMENT_3D('',#6429,#6430,#6431);
#6433=ELLIPSE('',#6432,6.403124237,5.);
#6434=EDGE_CURVE('',#883,#6428,#6433,.T.);
#6435=ORIENTED_EDGE('',*,*,#6434,.T.);
#6436=CARTESIAN_POINT('',(-7.838982987,243.002952366,126.159413825));
#6437=CARTESIAN_POINT('',(-7.97650704,243.166072627,126.629943453));
#6438=CARTESIAN_POINT('',(-8.153626962,243.38323317,127.054866042));
#6439=CARTESIAN_POINT('',(-8.359601606,243.661007961,127.434697836));
#6440=CARTESIAN_POINT('',(-8.462588928,243.799895356,127.624613733));
#6441=CARTESIAN_POINT('',(-8.571379305,243.952208687,127.799990978));
#6442=CARTESIAN_POINT('',(-8.682267729,244.115632077,127.958571668));
#6443=CARTESIAN_POINT('',(-8.793156152,244.279055467,128.117152357));
#6444=CARTESIAN_POINT('',(-8.906719504,244.454338808,128.25997738));
#6445=CARTESIAN_POINT('',(-9.021468913,244.642066026,128.387335991));
#6446=CARTESIAN_POINT('',(-9.078843618,244.735929635,128.451015297));
#6447=CARTESIAN_POINT('',(-9.136675817,244.833246004,128.510953603));
#6448=CARTESIAN_POINT('',(-9.193667411,244.932135333,128.566115933));
#6449=CARTESIAN_POINT('',(-9.250659005,245.031024662,128.621278263));
#6450=CARTESIAN_POINT('',(-9.307018473,245.131802764,128.671917151));
#6451=CARTESIAN_POINT('',(-9.362578463,245.234450534,128.718268957));
#6452=CARTESIAN_POINT('',(-9.473698444,245.439746073,128.81097257));
#6453=CARTESIAN_POINT('',(-9.581645939,245.652490513,128.886580965));
#6454=CARTESIAN_POINT('',(-9.685364538,245.872642398,128.946380217));
#6455=CARTESIAN_POINT('',(-9.789083138,246.092794283,129.006179468));
#6456=CARTESIAN_POINT('',(-9.888524896,246.320570407,129.04993497));
#6457=CARTESIAN_POINT('',(-9.980598529,246.550070934,129.078280837));
#6458=CARTESIAN_POINT('',(-10.072672162,246.77957146,129.106626704));
#6459=CARTESIAN_POINT('',(-10.158068474,247.012190769,129.12));
#6460=CARTESIAN_POINT('',(-10.236490109,247.247860787,129.12));
#6461=B_SPLINE_CURVE_WITH_KNOTS('',3,(#6436,#6437,#6438,#6439,#6440,#6441,#6442,#6443,#6444,#6445,#6446,#6447,#6448,#6449,#6450,#6451,#6452,#6453,#6454,#6455,#6456,#6457,#6458,#6459,#6460),.UNSPECIFIED.,.F.,.F.,(4,3,3,3,3,3,3,3,4),(0.,0.001345731,0.002018597,0.002691463,0.003027896,0.003364329,0.004037194,0.00471006,0.005382926),.UNSPECIFIED.);
#6462=EDGE_CURVE('',#6428,#1829,#6461,.T.);
#6463=ORIENTED_EDGE('',*,*,#6462,.T.);
#6464=ORIENTED_EDGE('',*,*,#1834,.F.);
#6465=CARTESIAN_POINT('',(-14.958863537,241.990365729,129.114327848));
#6466=VERTEX_POINT('',#6465);
#6467=CARTESIAN_POINT('',(-14.958863537,241.990365729,129.114327848));
#6468=CARTESIAN_POINT('',(-14.918398459,241.915753134,129.118092029));
#6469=CARTESIAN_POINT('',(-14.877286932,241.841281845,129.12));
#6470=CARTESIAN_POINT('',(-14.835518979,241.76695161,129.12));
#6471=B_SPLINE_CURVE_WITH_KNOTS('',3,(#6467,#6468,#6469,#6470),.UNSPECIFIED.,.F.,.F.,(4,4),(0.000832481,0.00108703),.UNSPECIFIED.);
#6472=EDGE_CURVE('',#6466,#1827,#6471,.T.);
#6473=ORIENTED_EDGE('',*,*,#6472,.F.);
#6474=CARTESIAN_POINT('',(-23.076775049,232.315815526,129.114327848));
#6475=VERTEX_POINT('',#6474);
#6476=CARTESIAN_POINT('',(-14.958863537,241.990365729,129.114327848));
#6477=DIRECTION('',(-0.64278761,-0.766044443,0.));
#6478=VECTOR('',#6477,12.62922836);
#6479=LINE('',#6476,#6478);
#6480=EDGE_CURVE('',#6466,#6475,#6479,.T.);
#6481=ORIENTED_EDGE('',*,*,#6480,.T.);
#6482=CARTESIAN_POINT('',(-22.894383515,232.162770856,124.12));
#6483=DIRECTION('',(0.64278761,0.766044443,-0.));
#6484=DIRECTION('',(0.766044443,-0.64278761,0.));
#6485=AXIS2_PLACEMENT_3D('',#6482,#6483,#6484);
#6486=CIRCLE('',#6485,5.);
#6487=EDGE_CURVE('',#6475,#917,#6486,.T.);
#6488=ORIENTED_EDGE('',*,*,#6487,.T.);
#6489=ORIENTED_EDGE('',*,*,#922,.F.);
#6490=CARTESIAN_POINT('',(-16.291923829,232.25265677,124.12));
#6491=CARTESIAN_POINT('',(-16.029433697,232.565480328,124.590877605));
#6492=CARTESIAN_POINT('',(-15.689966549,233.054970159,124.85683825));
#6493=CARTESIAN_POINT('',(-15.289704097,233.532022295,124.85700181));
#6494=CARTESIAN_POINT('',(-14.889441645,234.009074431,124.85716537));
#6495=CARTESIAN_POINT('',(-14.466391667,234.428241282,124.591063261));
#6496=CARTESIAN_POINT('',(-14.203798041,234.741188179,124.12));
#6497=B_SPLINE_CURVE_WITH_KNOTS('',3,(#6490,#6491,#6492,#6493,#6494,#6495,#6496),.UNSPECIFIED.,.F.,.F.,(4,3,4),(0.,0.5,1.),.UNSPECIFIED.);
#6498=EDGE_CURVE('',#908,#891,#6497,.T.);
#6499=ORIENTED_EDGE('',*,*,#6498,.T.);
#6500=ORIENTED_EDGE('',*,*,#896,.F.);
#6501=EDGE_LOOP('',(#6435,#6463,#6464,#6473,#6481,#6488,#6489,#6499,#6500));
#6502=FACE_BOUND('',#6501,.T.);
#6503=ADVANCED_FACE('',(#6502),#6426,.T.);
#6504=CARTESIAN_POINT('',(-1.69817221,238.741395146,124.12));
#6505=DIRECTION('',(0.64278761,0.766044443,0.));
#6506=DIRECTION('',(-0.766044443,0.64278761,0.));
#6507=AXIS2_PLACEMENT_3D('',#6504,#6505,#6506);
#6508=CYLINDRICAL_SURFACE('',#6507,5.);
#6509=ORIENTED_EDGE('',*,*,#1530,.F.);
#6510=CARTESIAN_POINT('',(-5.666839785,241.14242688,126.117813843));
#6511=VERTEX_POINT('',#6510);
#6512=CARTESIAN_POINT('',(-1.09771529,239.456991836,129.12));
#6513=CARTESIAN_POINT('',(-1.59054646,239.53729929,129.12));
#6514=CARTESIAN_POINT('',(-2.072396026,239.646656356,129.065674277));
#6515=CARTESIAN_POINT('',(-2.541911991,239.781611928,128.943984447));
#6516=CARTESIAN_POINT('',(-2.776669974,239.849089714,128.883139532));
#6517=CARTESIAN_POINT('',(-3.008833153,239.923267556,128.804656914));
#6518=CARTESIAN_POINT('',(-3.229555751,240.000349852,128.710239107));
#6519=CARTESIAN_POINT('',(-3.45027835,240.077432147,128.6158213));
#6520=CARTESIAN_POINT('',(-3.661674487,240.157935135,128.505082285));
#6521=CARTESIAN_POINT('',(-3.863662889,240.240469311,128.377084022));
#6522=CARTESIAN_POINT('',(-3.96465709,240.281736399,128.313084891));
#6523=CARTESIAN_POINT('',(-4.063282006,240.323536952,128.244751602));
#6524=CARTESIAN_POINT('',(-4.159512092,240.36562081,128.171896648));
#6525=CARTESIAN_POINT('',(-4.255742178,240.407704668,128.099041695));
#6526=CARTESIAN_POINT('',(-4.349970546,240.45029429,128.021259141));
#6527=CARTESIAN_POINT('',(-4.440173103,240.492263343,127.940126913));
#6528=CARTESIAN_POINT('',(-4.620578218,240.576201448,127.777862457));
#6529=CARTESIAN_POINT('',(-4.786021365,240.65798207,127.601728837));
#6530=CARTESIAN_POINT('',(-4.937261896,240.736135765,127.411839775));
#6531=CARTESIAN_POINT('',(-5.239742959,240.892443157,127.032061652));
#6532=CARTESIAN_POINT('',(-5.48697122,241.034867627,126.592556322));
#6533=CARTESIAN_POINT('',(-5.666839785,241.14242688,126.117813843));
#6534=B_SPLINE_CURVE_WITH_KNOTS('',3,(#6512,#6513,#6514,#6515,#6516,#6517,#6518,#6519,#6520,#6521,#6522,#6523,#6524,#6525,#6526,#6527,#6528,#6529,#6530,#6531,#6532,#6533),.UNSPECIFIED.,.F.,.F.,(4,3,3,3,3,3,3,4),(0.,0.001350421,0.002025632,0.002700843,0.003038448,0.003376053,0.004051264,0.005401686),.UNSPECIFIED.);
#6535=EDGE_CURVE('',#1518,#6511,#6534,.T.);
#6536=ORIENTED_EDGE('',*,*,#6535,.T.);
#6537=CARTESIAN_POINT('',(-3.182988707,236.971859752,124.12));
#6538=DIRECTION('',(-0.501932796,-0.598180212,0.624695048));
#6539=DIRECTION('',(-0.401546237,-0.47854417,-0.780868809));
#6540=AXIS2_PLACEMENT_3D('',#6537,#6538,#6539);
#6541=ELLIPSE('',#6540,6.403124237,5.);
#6542=EDGE_CURVE('',#6511,#2703,#6541,.T.);
#6543=ORIENTED_EDGE('',*,*,#6542,.T.);
#6544=ORIENTED_EDGE('',*,*,#2773,.F.);
#6545=CARTESIAN_POINT('',(-12.665135193,233.45009675,124.12));
#6546=CARTESIAN_POINT('',(-12.92773458,233.137142988,124.591073595));
#6547=CARTESIAN_POINT('',(-13.267039393,232.647771864,124.857160685));
#6548=CARTESIAN_POINT('',(-13.667354928,232.170731222,124.85700181));
#6549=CARTESIAN_POINT('',(-14.067670462,231.693690581,124.856842935));
#6550=CARTESIAN_POINT('',(-14.490776631,231.27438201,124.590867234));
#6551=CARTESIAN_POINT('',(-14.753260982,230.961565341,124.12));
#6552=B_SPLINE_CURVE_WITH_KNOTS('',3,(#6545,#6546,#6547,#6548,#6549,#6550,#6551),.UNSPECIFIED.,.F.,.F.,(4,3,4),(0.,0.5,1.),.UNSPECIFIED.);
#6553=EDGE_CURVE('',#2761,#2744,#6552,.T.);
#6554=ORIENTED_EDGE('',*,*,#6553,.T.);
#6555=ORIENTED_EDGE('',*,*,#2749,.F.);
#6556=CARTESIAN_POINT('',(-13.673437965,224.469830272,129.12));
#6557=VERTEX_POINT('',#6556);
#6558=CARTESIAN_POINT('',(-13.673437422,224.469829816,124.12));
#6559=DIRECTION('',(0.64278761,0.766044443,0.));
#6560=DIRECTION('',(-0.766044443,0.64278761,0.));
#6561=AXIS2_PLACEMENT_3D('',#6558,#6559,#6560);
#6562=CIRCLE('',#6561,5.);
#6563=EDGE_CURVE('',#2736,#6557,#6562,.T.);
#6564=ORIENTED_EDGE('',*,*,#6563,.T.);
#6565=CARTESIAN_POINT('',(-5.365731917,234.370567688,129.12));
#6566=VERTEX_POINT('',#6565);
#6567=CARTESIAN_POINT('',(-13.673437421,224.469829816,129.12));
#6568=DIRECTION('',(0.64278761,0.766044443,0.));
#6569=VECTOR('',#6568,12.924495392);
#6570=LINE('',#6567,#6569);
#6571=EDGE_CURVE('',#6557,#6566,#6570,.T.);
#6572=ORIENTED_EDGE('',*,*,#6571,.T.);
#6573=CARTESIAN_POINT('',(-5.365731918,234.370567688,129.12));
#6574=CARTESIAN_POINT('',(-5.361383629,234.522055005,129.12));
#6575=CARTESIAN_POINT('',(-5.351210338,234.672278788,129.11735466));
#6576=CARTESIAN_POINT('',(-5.335132776,234.821172525,129.112908573));
#6577=CARTESIAN_POINT('',(-5.319055214,234.970066261,129.108462486));
#6578=CARTESIAN_POINT('',(-5.296828099,235.118922927,129.102151503));
#6579=CARTESIAN_POINT('',(-5.269168827,235.263848112,129.094915274));
#6580=CARTESIAN_POINT('',(-5.241509554,235.408773297,129.087679045));
#6581=CARTESIAN_POINT('',(-5.208248933,235.551214272,129.07946725));
#6582=CARTESIAN_POINT('',(-5.169409917,235.691190297,129.070971001));
#6583=CARTESIAN_POINT('',(-5.149990409,235.761178309,129.066722877));
#6584=CARTESIAN_POINT('',(-5.129176815,235.830550513,129.062401718));
#6585=CARTESIAN_POINT('',(-5.106974342,235.899311281,129.05808238));
#6586=CARTESIAN_POINT('',(-5.08477187,235.968072048,129.053763043));
#6587=CARTESIAN_POINT('',(-5.061562615,236.035188099,129.049510522));
#6588=CARTESIAN_POINT('',(-5.036206492,236.103764474,129.045197017));
#6589=CARTESIAN_POINT('',(-4.934781997,236.378069971,129.027942999));
#6590=CARTESIAN_POINT('',(-4.81259241,236.637799842,129.012250517));
#6591=CARTESIAN_POINT('',(-4.670086101,236.883330314,129.001462521));
#6592=CARTESIAN_POINT('',(-4.527579791,237.128860785,128.990674525));
#6593=CARTESIAN_POINT('',(-4.364736549,237.36025047,128.984786789));
#6594=CARTESIAN_POINT('',(-4.181857702,237.577525499,128.984889219));
#6595=CARTESIAN_POINT('',(-3.998978854,237.794800527,128.984991649));
#6596=CARTESIAN_POINT('',(-3.798935833,237.994660066,128.991064507));
#6597=CARTESIAN_POINT('',(-3.581533938,238.176940742,129.001985733));
#6598=CARTESIAN_POINT('',(-3.472832991,238.268081081,129.007446346));
#6599=CARTESIAN_POINT('',(-3.359786186,238.354821552,129.014084623));
#6600=CARTESIAN_POINT('',(-3.242341418,238.437118435,129.021551311));
#6601=CARTESIAN_POINT('',(-3.183619035,238.478266876,129.025284655));
#6602=CARTESIAN_POINT('',(-3.123796948,238.518304242,129.029222903));
#6603=CARTESIAN_POINT('',(-3.062867854,238.557224405,129.033309109));
#6604=CARTESIAN_POINT('',(-3.032403308,238.576684486,129.035352211));
#6605=CARTESIAN_POINT('',(-3.001662005,238.595865263,129.037432164));
#6606=CARTESIAN_POINT('',(-2.970643027,238.614765963,129.039541009));
#6607=CARTESIAN_POINT('',(-2.939624048,238.633666664,129.041649854));
#6608=CARTESIAN_POINT('',(-2.907703923,238.652649415,129.043830205));
#6609=CARTESIAN_POINT('',(-2.876752154,238.670627072,129.045945704));
#6610=CARTESIAN_POINT('',(-2.752945075,238.742537697,129.054407697));
#6611=CARTESIAN_POINT('',(-2.625855516,238.809472811,129.063132065));
#6612=CARTESIAN_POINT('',(-2.49543941,238.87139544,129.071559452));
#6613=CARTESIAN_POINT('',(-2.365023304,238.933318069,129.079986839));
#6614=CARTESIAN_POINT('',(-2.232301119,238.989840738,129.088063942));
#6615=CARTESIAN_POINT('',(-2.094186413,239.042104858,129.09527204));
#6616=CARTESIAN_POINT('',(-1.817957002,239.146633098,129.109688234));
#6617=CARTESIAN_POINT('',(-1.532451894,239.229065359,129.12));
#6618=CARTESIAN_POINT('',(-1.238063718,239.289731094,129.12));
#6619=B_SPLINE_CURVE_WITH_KNOTS('',3,(#6573,#6574,#6575,#6576,#6577,#6578,#6579,#6580,#6581,#6582,#6583,#6584,#6585,#6586,#6587,#6588,#6589,#6590,#6591,#6592,#6593,#6594,#6595,#6596,#6597,#6598,
#6599,#6600,#6601,#6602,#6603,#6604,#6605,#6606,#6607,#6608,#6609,#6610,#6611,#6612,#6613,#6614,#6615,#6616,#6617,#6618),.UNSPECIFIED.,.F.,.F.,(4,3,3,3,3,3,3,3,3,3,3,3,3,3,3,4),(0.,0.0625,0.125,0.1875,0.21875,0.25,0.375,0.5,0.625,0.6875,0.71875,0.734375,0.75,0.8125,0.875,1.),.UNSPECIFIED.);
#6620=EDGE_CURVE('',#6566,#1507,#6619,.T.);
#6621=ORIENTED_EDGE('',*,*,#6620,.T.);
#6622=EDGE_LOOP('',(#6509,#6536,#6543,#6544,#6554,#6555,#6564,#6572,#6621));
#6623=FACE_BOUND('',#6622,.T.);
#6624=ADVANCED_FACE('',(#6623),#6508,.T.);
#6625=CARTESIAN_POINT('',(-12.384835232,244.687562771,129.17));
#6626=DIRECTION('',(0.,0.,-1.));
#6627=DIRECTION('',(-1.,0.,0.));
#6628=AXIS2_PLACEMENT_3D('',#6625,#6626,#6627);
#6629=CYLINDRICAL_SURFACE('',#6628,5.);
#6630=CARTESIAN_POINT('',(-7.641501265,243.106176393,99.52));
#6631=VERTEX_POINT('',#6630);
#6632=CARTESIAN_POINT('',(-12.384835232,244.687562771,99.52));
#6633=DIRECTION('',(0.,0.,1.));
#6634=DIRECTION('',(1.,0.,-0.));
#6635=AXIS2_PLACEMENT_3D('',#6632,#6633,#6634);
#6636=CIRCLE('',#6635,5.);
#6637=EDGE_CURVE('',#875,#6631,#6636,.T.);
#6638=ORIENTED_EDGE('',*,*,#6637,.T.);
#6639=CARTESIAN_POINT('',(-7.641501265,243.106176393,125.590035245));
#6640=VERTEX_POINT('',#6639);
#6641=CARTESIAN_POINT('',(-7.641501265,243.106176393,99.52));
#6642=DIRECTION('',(-0.,-0.,1.));
#6643=VECTOR('',#6642,26.070035245);
#6644=LINE('',#6641,#6643);
#6645=EDGE_CURVE('',#6631,#6640,#6644,.T.);
#6646=ORIENTED_EDGE('',*,*,#6645,.T.);
#6647=CARTESIAN_POINT('',(-12.384835232,244.687562771,124.12));
#6648=DIRECTION('',(0.401546237,0.47854417,-0.780868809));
#6649=DIRECTION('',(-0.501932796,-0.598180212,-0.624695048));
#6650=AXIS2_PLACEMENT_3D('',#6647,#6648,#6649);
#6651=ELLIPSE('',#6650,6.403124237,5.);
#6652=EDGE_CURVE('',#6640,#883,#6651,.T.);
#6653=ORIENTED_EDGE('',*,*,#6652,.T.);
#6654=ORIENTED_EDGE('',*,*,#888,.F.);
#6655=EDGE_LOOP('',(#6638,#6646,#6653,#6654));
#6656=FACE_BOUND('',#6655,.T.);
#6657=ADVANCED_FACE('',(#6656),#6629,.T.);
#6658=CARTESIAN_POINT('',(-1.698172209,238.741395146,128.12));
#6659=DIRECTION('',(0.64278761,0.766044443,0.));
#6660=DIRECTION('',(-0.766044443,0.64278761,0.));
#6661=AXIS2_PLACEMENT_3D('',#6658,#6659,#6660);
#6662=CYLINDRICAL_SURFACE('',#6661,1.);
#6663=ORIENTED_EDGE('',*,*,#6571,.F.);
#6664=CARTESIAN_POINT('',(-13.673437421,224.469829816,128.12));
#6665=DIRECTION('',(0.64278761,0.766044443,0.));
#6666=DIRECTION('',(-0.766044443,0.64278761,0.));
#6667=AXIS2_PLACEMENT_3D('',#6664,#6665,#6666);
#6668=CIRCLE('',#6667,1.);
#6669=EDGE_CURVE('',#6557,#988,#6668,.T.);
#6670=ORIENTED_EDGE('',*,*,#6669,.T.);
#6671=ORIENTED_EDGE('',*,*,#993,.F.);
#6672=CARTESIAN_POINT('',(-4.781109874,233.511569284,128.12));
#6673=CARTESIAN_POINT('',(-4.781109874,233.511569284,128.265517535));
#6674=CARTESIAN_POINT('',(-4.800151494,233.53920185,128.415272744));
#6675=CARTESIAN_POINT('',(-4.83962113,233.595630305,128.553519066));
#6676=CARTESIAN_POINT('',(-4.859355948,233.623844532,128.622642227));
#6677=CARTESIAN_POINT('',(-4.884112466,233.659186153,128.688831196));
#6678=CARTESIAN_POINT('',(-4.913471821,233.701303701,128.749937373));
#6679=CARTESIAN_POINT('',(-4.928151499,233.722362474,128.780490462));
#6680=CARTESIAN_POINT('',(-4.943975073,233.745109513,128.809772318));
#6681=CARTESIAN_POINT('',(-4.960847918,233.769465416,128.837517739));
#6682=CARTESIAN_POINT('',(-4.969284341,233.781643368,128.85139045));
#6683=CARTESIAN_POINT('',(-4.97798263,233.794223157,128.86487914));
#6684=CARTESIAN_POINT('',(-4.98692823,233.807192571,128.877951417));
#6685=CARTESIAN_POINT('',(-4.99140103,233.813677277,128.884487556));
#6686=CARTESIAN_POINT('',(-4.99593563,233.820259366,128.890919601));
#6687=CARTESIAN_POINT('',(-5.000530037,233.826937167,128.89724357));
#6688=CARTESIAN_POINT('',(-5.002827241,233.830276067,128.900405554));
#6689=CARTESIAN_POINT('',(-5.005139396,233.833638893,128.90354052));
#6690=CARTESIAN_POINT('',(-5.007466241,233.837025429,128.906647974));
#6691=CARTESIAN_POINT('',(-5.008629663,233.838718696,128.908201701));
#6692=CARTESIAN_POINT('',(-5.009796758,233.840417891,128.90974855));
#6693=CARTESIAN_POINT('',(-5.010967493,233.842122985,128.91128846));
#6694=CARTESIAN_POINT('',(-5.012138227,233.843828079,128.91282837));
#6695=CARTESIAN_POINT('',(-5.013860867,233.84633815,128.915071571));
#6696=CARTESIAN_POINT('',(-5.014490581,233.847255936,128.915887311));
#6697=CARTESIAN_POINT('',(-5.054792278,233.905994244,128.968094651));
#6698=CARTESIAN_POINT('',(-5.104038267,233.978825893,129.018440032));
#6699=CARTESIAN_POINT('',(-5.163032751,234.066425689,129.056459664));
#6700=CARTESIAN_POINT('',(-5.222027235,234.154025484,129.094479297));
#6701=CARTESIAN_POINT('',(-5.290976018,234.256566117,129.12));
#6702=CARTESIAN_POINT('',(-5.365731918,234.370567688,129.12));
#6703=B_SPLINE_CURVE_WITH_KNOTS('',3,(#6672,#6673,#6674,#6675,#6676,#6677,#6678,#6679,#6680,#6681,#6682,#6683,#6684,#6685,#6686,#6687,#6688,#6689,#6690,#6691,#6692,#6693,#6694,#6695,#6696,#6697,
#6698,#6699,#6700,#6701,#6702),.UNSPECIFIED.,.F.,.F.,(4,3,3,3,3,3,3,3,3,3,4),(0.,0.25,0.375,0.4375,0.46875,0.484375,0.4921875,0.49609375,0.5,0.75,1.),.UNSPECIFIED.);
#6704=EDGE_CURVE('',#980,#6566,#6703,.T.);
#6705=ORIENTED_EDGE('',*,*,#6704,.T.);
#6706=EDGE_LOOP('',(#6663,#6670,#6671,#6705));
#6707=FACE_BOUND('',#6706,.T.);
#6708=ADVANCED_FACE('',(#6707),#6662,.T.);
#6709=CARTESIAN_POINT('',(-15.175645468,255.478342066,129.12));
#6710=DIRECTION('',(0.,0.707106781,-0.707106781));
#6711=DIRECTION('',(1.,0.,0.));
#6712=AXIS2_PLACEMENT_3D('',#6709,#6710,#6711);
#6713=PLANE('',#6712);
#6714=ORIENTED_EDGE('',*,*,#1851,.F.);
#6715=CARTESIAN_POINT('',(8.729363017,254.878342066,128.52));
#6716=VERTEX_POINT('',#6715);
#6717=CARTESIAN_POINT('',(9.074567108,255.478342066,129.12));
#6718=CARTESIAN_POINT('',(8.981289055,255.478342066,129.12));
#6719=CARTESIAN_POINT('',(8.888123414,255.461846886,129.10350482));
#6720=CARTESIAN_POINT('',(8.813128361,255.4227827,129.064440634));
#6721=CARTESIAN_POINT('',(8.775630834,255.403250607,129.044908541));
#6722=CARTESIAN_POINT('',(8.744197426,255.378958557,129.020616491));
#6723=CARTESIAN_POINT('',(8.719378518,255.350961879,128.992619813));
#6724=CARTESIAN_POINT('',(8.694559609,255.322965201,128.964623135));
#6725=CARTESIAN_POINT('',(8.677162288,255.292318115,128.933976048));
#6726=CARTESIAN_POINT('',(8.665707407,255.260421991,128.902079924));
#6727=CARTESIAN_POINT('',(8.642797646,255.196629743,128.838287677));
#6728=CARTESIAN_POINT('',(8.643625346,255.130073623,128.771731557));
#6729=CARTESIAN_POINT('',(8.656750702,255.065785829,128.707443763));
#6730=CARTESIAN_POINT('',(8.669876058,255.001498035,128.643155969));
#6731=CARTESIAN_POINT('',(8.695340533,254.939222301,128.580880235));
#6732=CARTESIAN_POINT('',(8.729363017,254.878342066,128.52));
#6733=B_SPLINE_CURVE_WITH_KNOTS('',3,(#6717,#6718,#6719,#6720,#6721,#6722,#6723,#6724,#6725,#6726,#6727,#6728,#6729,#6730,#6731,#6732),.UNSPECIFIED.,.F.,.F.,(4,3,3,3,3,4),(0.,0.000277178,0.000415767,0.000554356,0.000831534,0.001108712),.UNSPECIFIED.);
#6734=EDGE_CURVE('',#1837,#6716,#6733,.T.);
#6735=ORIENTED_EDGE('',*,*,#6734,.T.);
#6736=CARTESIAN_POINT('',(0.,250.,123.641657934));
#6737=DIRECTION('',(0.,0.707106781,-0.707106781));
#6738=DIRECTION('',(0.,-0.707106781,-0.707106781));
#6739=AXIS2_PLACEMENT_3D('',#6736,#6737,#6738);
#6740=ELLIPSE('',#6739,14.142135624,10.);
#6741=EDGE_CURVE('',#6716,#3394,#6740,.T.);
#6742=ORIENTED_EDGE('',*,*,#6741,.T.);
#6743=ORIENTED_EDGE('',*,*,#3421,.F.);
#6744=CARTESIAN_POINT('',(15.974987053,255.21786625,128.859524184));
#6745=VERTEX_POINT('',#6744);
#6746=CARTESIAN_POINT('',(15.440472248,254.478342066,128.12));
#6747=DIRECTION('',(0.455091981,0.629639297,0.629639297));
#6748=VECTOR('',#6747,1.174520376);
#6749=LINE('',#6746,#6748);
#6750=EDGE_CURVE('',#3410,#6745,#6749,.T.);
#6751=ORIENTED_EDGE('',*,*,#6750,.T.);
#6752=CARTESIAN_POINT('',(15.974987053,255.21786625,128.859524184));
#6753=CARTESIAN_POINT('',(15.882494513,255.290154463,128.931812397));
#6754=CARTESIAN_POINT('',(15.778028712,255.352206083,128.993864017));
#6755=CARTESIAN_POINT('',(15.657296401,255.399726645,129.041384579));
#6756=CARTESIAN_POINT('',(15.596930245,255.423486926,129.06514486));
#6757=CARTESIAN_POINT('',(15.534146036,255.442796494,129.084454428));
#6758=CARTESIAN_POINT('',(15.468340439,255.456544838,129.098202772));
#6759=CARTESIAN_POINT('',(15.402534841,255.470293182,129.111951116));
#6760=CARTESIAN_POINT('',(15.333616214,255.478342066,129.12));
#6761=CARTESIAN_POINT('',(15.264264078,255.478342066,129.12));
#6762=B_SPLINE_CURVE_WITH_KNOTS('',3,(#6752,#6753,#6754,#6755,#6756,#6757,#6758,#6759,#6760,#6761),.UNSPECIFIED.,.F.,.F.,(4,3,3,4),(0.,0.000408748,0.000613123,0.000817497),.UNSPECIFIED.);
#6763=EDGE_CURVE('',#6745,#1846,#6762,.T.);
#6764=ORIENTED_EDGE('',*,*,#6763,.T.);
#6765=EDGE_LOOP('',(#6714,#6735,#6742,#6743,#6751,#6764));
#6766=FACE_BOUND('',#6765,.T.);
#6767=ADVANCED_FACE('',(#6766),#6713,.F.);
#6768=CARTESIAN_POINT('',(3.724354532,245.725342399,128.12));
#6769=DIRECTION('',(0.,-0.707106781,-0.707106781));
#6770=DIRECTION('',(1.,0.,0.));
#6771=AXIS2_PLACEMENT_3D('',#6768,#6769,#6770);
#6772=PLANE('',#6771);
#6773=CARTESIAN_POINT('',(8.840111782,245.325342399,128.52));
#6774=VERTEX_POINT('',#6773);
#6775=CARTESIAN_POINT('',(0.,250.,123.845342399));
#6776=DIRECTION('',(0.,-0.707106781,-0.707106781));
#6777=DIRECTION('',(0.,0.707106781,-0.707106781));
#6778=AXIS2_PLACEMENT_3D('',#6775,#6776,#6777);
#6779=ELLIPSE('',#6778,14.142135624,10.);
#6780=EDGE_CURVE('',#3474,#6774,#6779,.T.);
#6781=ORIENTED_EDGE('',*,*,#6780,.T.);
#6782=CARTESIAN_POINT('',(8.840111782,245.325342399,128.52));
#6783=CARTESIAN_POINT('',(8.80778959,245.264218823,128.581123576));
#6784=CARTESIAN_POINT('',(8.784172351,245.201888883,128.643453517));
#6785=CARTESIAN_POINT('',(8.772764109,245.137866974,128.707475426));
#6786=CARTESIAN_POINT('',(8.761355868,245.073845065,128.771497334));
#6787=CARTESIAN_POINT('',(8.762105736,245.007179222,128.838163177));
#6788=CARTESIAN_POINT('',(8.785970086,244.943664418,128.901677981));
#6789=CARTESIAN_POINT('',(8.797902261,244.911907016,128.933435383));
#6790=CARTESIAN_POINT('',(8.815425834,244.881768262,128.963574137));
#6791=CARTESIAN_POINT('',(8.839831219,244.85419949,128.99114291));
#6792=CARTESIAN_POINT('',(8.864236604,244.826630717,129.018711683));
#6793=CARTESIAN_POINT('',(8.89590508,244.801766431,129.043575968));
#6794=CARTESIAN_POINT('',(8.932941128,244.782120207,129.063222193));
#6795=CARTESIAN_POINT('',(8.969977177,244.762473982,129.082868417));
#6796=CARTESIAN_POINT('',(9.012279331,244.747950478,129.097391922));
#6797=CARTESIAN_POINT('',(9.056889738,244.738679925,129.106662474));
#6798=CARTESIAN_POINT('',(9.101500144,244.729409372,129.115933027));
#6799=CARTESIAN_POINT('',(9.147811486,244.725342399,129.12));
#6800=CARTESIAN_POINT('',(9.194454154,244.725342399,129.12));
#6801=B_SPLINE_CURVE_WITH_KNOTS('',3,(#6782,#6783,#6784,#6785,#6786,#6787,#6788,#6789,#6790,#6791,#6792,#6793,#6794,#6795,#6796,#6797,#6798,#6799,#6800),.UNSPECIFIED.,.F.,.F.,(4,3,3,3,3,3,4),(0.,0.000273133,0.000546267,0.000682833,0.0008194,0.000955967,0.001092533),.UNSPECIFIED.);
#6802=EDGE_CURVE('',#6774,#369,#6801,.T.);
#6803=ORIENTED_EDGE('',*,*,#6802,.T.);
#6804=ORIENTED_EDGE('',*,*,#374,.F.);
#6805=CARTESIAN_POINT('',(15.979248181,244.985681335,128.859661064));
#6806=VERTEX_POINT('',#6805);
#6807=CARTESIAN_POINT('',(15.269142819,244.725342399,129.12));
#6808=CARTESIAN_POINT('',(15.338588407,244.725342399,129.12));
#6809=CARTESIAN_POINT('',(15.405857265,244.733181218,129.112161181));
#6810=CARTESIAN_POINT('',(15.471520198,244.746803282,129.098539117));
#6811=CARTESIAN_POINT('',(15.537183131,244.760425346,129.084917053));
#6812=CARTESIAN_POINT('',(15.601090704,244.780052359,129.06529004));
#6813=CARTESIAN_POINT('',(15.660703769,244.803454697,129.041887703));
#6814=CARTESIAN_POINT('',(15.779929899,244.850259372,128.995083028));
#6815=CARTESIAN_POINT('',(15.88677618,244.913366215,128.931976184));
#6816=CARTESIAN_POINT('',(15.979248181,244.985681335,128.859661064));
#6817=B_SPLINE_CURVE_WITH_KNOTS('',3,(#6807,#6808,#6809,#6810,#6811,#6812,#6813,#6814,#6815,#6816),.UNSPECIFIED.,.F.,.F.,(4,3,3,4),(0.,0.000204433,0.000408866,0.000817732),.UNSPECIFIED.);
#6818=EDGE_CURVE('',#367,#6806,#6817,.T.);
#6819=ORIENTED_EDGE('',*,*,#6818,.T.);
#6820=CARTESIAN_POINT('',(15.97924818,244.985681335,128.859661064));
#6821=DIRECTION('',(-0.455412196,0.629523523,-0.629523523));
#6822=VECTOR('',#6821,1.174953814);
#6823=LINE('',#6820,#6822);
#6824=EDGE_CURVE('',#6806,#3484,#6823,.T.);
#6825=ORIENTED_EDGE('',*,*,#6824,.T.);
#6826=ORIENTED_EDGE('',*,*,#3489,.F.);
#6827=EDGE_LOOP('',(#6781,#6803,#6804,#6819,#6825,#6826));
#6828=FACE_BOUND('',#6827,.T.);
#6829=ADVANCED_FACE('',(#6828),#6772,.F.);
#6830=CARTESIAN_POINT('',(-7.838986953,243.00295435,126.159412538));
#6831=CARTESIAN_POINT('',(-7.805566027,243.021919309,126.129393947));
#6832=CARTESIAN_POINT('',(-7.774644486,243.042981143,126.097917907));
#6833=CARTESIAN_POINT('',(-7.718459935,243.088849324,126.032722627));
#6834=CARTESIAN_POINT('',(-7.693197351,243.113655322,125.999003885));
#6835=CARTESIAN_POINT('',(-7.648870563,243.166481931,125.930043645));
#6836=CARTESIAN_POINT('',(-7.629806697,243.194502139,125.894802672));
#6837=CARTESIAN_POINT('',(-7.598284808,243.253158389,125.823550989));
#6838=CARTESIAN_POINT('',(-7.585827006,243.283793975,125.787540823));
#6839=CARTESIAN_POINT('',(-7.576805219,243.31541017,125.751530382));
#6840=CARTESIAN_POINT('',(-7.846165935,242.965380338,126.117665134));
#6841=CARTESIAN_POINT('',(-7.81368021,242.984051803,126.088089279));
#6842=CARTESIAN_POINT('',(-7.783598469,243.004740129,126.057147506));
#6843=CARTESIAN_POINT('',(-7.728856991,243.04972809,125.993164064));
#6844=CARTESIAN_POINT('',(-7.704197636,243.074027411,125.96012284));
#6845=CARTESIAN_POINT('',(-7.660805112,243.125740607,125.892616057));
#6846=CARTESIAN_POINT('',(-7.642072246,243.153154121,125.858150969));
#6847=CARTESIAN_POINT('',(-7.610915905,243.210535162,125.788501161));
#6848=CARTESIAN_POINT('',(-7.598492625,243.240502281,125.753316929));
#6849=CARTESIAN_POINT('',(-7.589351145,243.271440091,125.718132451));
#6850=CARTESIAN_POINT('',(-7.853915696,242.928017806,126.075661621));
#6851=CARTESIAN_POINT('',(-7.822355031,242.946392397,126.046548258));
#6852=CARTESIAN_POINT('',(-7.793104362,242.966705018,126.016155119));
#6853=CARTESIAN_POINT('',(-7.739794577,243.010809253,125.953403416));
#6854=CARTESIAN_POINT('',(-7.7157358,243.034600584,125.921045253));
#6855=CARTESIAN_POINT('',(-7.673280651,243.08519666,125.854996767));
#6856=CARTESIAN_POINT('',(-7.654884551,243.112001081,125.821306865));
#6857=CARTESIAN_POINT('',(-7.624114954,243.168098721,125.753254303));
#6858=CARTESIAN_POINT('',(-7.611741634,243.197391574,125.718892078));
#6859=CARTESIAN_POINT('',(-7.602500774,243.227642254,125.684529632));
#6860=CARTESIAN_POINT('',(-7.921772454,242.625099116,125.731078292));
#6861=CARTESIAN_POINT('',(-7.897664806,242.641015122,125.705892275));
#6862=CARTESIAN_POINT('',(-7.875114891,242.658238176,125.680085993));
#6863=CARTESIAN_POINT('',(-7.833380596,242.69509661,125.627535444));
#6864=CARTESIAN_POINT('',(-7.814196264,242.714731939,125.600791252));
#6865=CARTESIAN_POINT('',(-7.779410366,242.756188157,125.546674002));
#6866=CARTESIAN_POINT('',(-7.763808847,242.778008992,125.519301017));
#6867=CARTESIAN_POINT('',(-7.736371503,242.823586085,125.46423962));
#6868=CARTESIAN_POINT('',(-7.724535713,242.847342278,125.43655128));
#6869=CARTESIAN_POINT('',(-7.714656318,242.87193039,125.408862904));
#6870=CARTESIAN_POINT('',(-8.01046187,242.370905115,125.416412843));
#6871=CARTESIAN_POINT('',(-7.992313196,242.384428442,125.395638356));
#6872=CARTESIAN_POINT('',(-7.975153938,242.398781965,125.374553703));
#6873=CARTESIAN_POINT('',(-7.942935614,242.429045603,125.331915595));
#6874=CARTESIAN_POINT('',(-7.927876572,242.444955695,125.310362174));
#6875=CARTESIAN_POINT('',(-7.899966054,242.478218155,125.266941116));
#6876=CARTESIAN_POINT('',(-7.887114599,242.495570498,125.245073513));
#6877=CARTESIAN_POINT('',(-7.863711946,242.531593346,125.201180753));
#6878=CARTESIAN_POINT('',(-7.853160758,242.55026382,125.17915563));
#6879=CARTESIAN_POINT('',(-7.843798339,242.569526897,125.157130489));
#6880=CARTESIAN_POINT('',(-8.242743649,241.8954384,124.774492238));
#6881=CARTESIAN_POINT('',(-8.234895424,241.903093343,124.763586221));
#6882=CARTESIAN_POINT('',(-8.227257393,241.910924665,124.752678893));
#6883=CARTESIAN_POINT('',(-8.212399005,241.926937725,124.73086315));
#6884=CARTESIAN_POINT('',(-8.205178641,241.935119467,124.719954727));
#6885=CARTESIAN_POINT('',(-8.191154844,241.951832377,124.698137573));
#6886=CARTESIAN_POINT('',(-8.184351407,241.96036355,124.687228834));
#6887=CARTESIAN_POINT('',(-8.171162907,241.977775468,124.665411366));
#6888=CARTESIAN_POINT('',(-8.164777838,241.986656219,124.654502629));
#6889=CARTESIAN_POINT('',(-8.158603809,241.99571234,124.643593897));
#6890=CARTESIAN_POINT('',(-8.38632995,241.674177253,124.447253028));
#6891=CARTESIAN_POINT('',(-8.386329859,241.674177342,124.447252901));
#6892=CARTESIAN_POINT('',(-8.375812305,241.68671166,124.430890503));
#6893=CARTESIAN_POINT('',(-8.375812133,241.686711845,124.43089025));
#6894=CARTESIAN_POINT('',(-8.365294583,241.699246168,124.414527852));
#6895=CARTESIAN_POINT('',(-8.365294421,241.699246362,124.414527599));
#6896=CARTESIAN_POINT('',(-8.354776876,241.711780688,124.3981652));
#6897=CARTESIAN_POINT('',(-8.354776723,241.71178089,124.398164947));
#6898=CARTESIAN_POINT('',(-8.344259252,241.724315139,124.381802655));
#6899=CARTESIAN_POINT('',(-8.344259112,241.724315325,124.381802422));
#6900=CARTESIAN_POINT('',(-8.554610092,241.473628209,124.12000569));
#6901=CARTESIAN_POINT('',(-8.554610092,241.473628209,124.12000569));
#6902=CARTESIAN_POINT('',(-8.554609909,241.473628427,124.120005405));
#6903=CARTESIAN_POINT('',(-8.554609909,241.473628427,124.120005405));
#6904=CARTESIAN_POINT('',(-8.554609726,241.473628645,124.120005121));
#6905=CARTESIAN_POINT('',(-8.554609726,241.473628645,124.120005121));
#6906=CARTESIAN_POINT('',(-8.554609543,241.473628862,124.120004836));
#6907=CARTESIAN_POINT('',(-8.554609543,241.473628862,124.120004836));
#6908=CARTESIAN_POINT('',(-8.55460936,241.47362908,124.120004552));
#6909=CARTESIAN_POINT('',(-8.55460936,241.47362908,124.120004552));
#6910=B_SPLINE_SURFACE_WITH_KNOTS('',3,3,((#6830,#6831,#6832,#6833,#6834,#6835,#6836,#6837,#6838,#6839),(#6840,#6841,#6842,#6843,#6844,#6845,#6846,#6847,#6848,#6849),(#6850,#6851,#6852,#6853,#6854,#6855,#6856,#6857,#6858,#6859),(#6860,#6861,#6862,#6863,#6864,#6865,#6866,#6867,#6868,#6869),(#6870,#6871,#6872,#6873,#6874,#6875,#6876,#6877,#6878,#6879),(#6880,#6881,#6882,#6883,#6884,#6885,#6886,#6887,#6888,#6889),(#6890,#6891,#6892,#6893,#6894,#6895,#6896,#6897,#6898,#6899),(#6900,#6901,#6902,#6903,#6904,#6905,#6906,#6907,#6908,#6909)),.UNSPECIFIED.,.F.,.F.,.U.,(4,2,2,4),(4,2,2,2,4),(4.292254855,4.319689899,4.51603944,4.712387842),(0.,0.25,0.5,0.75,0.999999186),.UNSPECIFIED.);
#6911=ORIENTED_EDGE('',*,*,#6652,.F.);
#6912=CARTESIAN_POINT('',(-7.641501265,243.106176393,125.590035245));
#6913=CARTESIAN_POINT('',(-7.654159684,243.068207741,125.693747169));
#6914=CARTESIAN_POINT('',(-7.679199394,243.042813973,125.792637214));
#6915=CARTESIAN_POINT('',(-7.713033767,243.026284945,125.887847255));
#6916=CARTESIAN_POINT('',(-7.746868139,243.009755918,125.983057297));
#6917=CARTESIAN_POINT('',(-7.789656653,243.002449282,126.074106668));
#6918=CARTESIAN_POINT('',(-7.83898302,243.002952249,126.159413714));
#6919=B_SPLINE_CURVE_WITH_KNOTS('',3,(#6912,#6913,#6914,#6915,#6916,#6917,#6918),.UNSPECIFIED.,.F.,.F.,(4,3,4),(0.,0.000167132,0.000334265),.UNSPECIFIED.);
#6920=EDGE_CURVE('',#6640,#6428,#6919,.T.);
#6921=ORIENTED_EDGE('',*,*,#6920,.T.);
#6922=ORIENTED_EDGE('',*,*,#6434,.F.);
#6923=EDGE_LOOP('',(#6911,#6921,#6922));
#6924=FACE_BOUND('',#6923,.T.);
#6925=ADVANCED_FACE('',(#6924),#6910,.T.);
#6926=CARTESIAN_POINT('',(-7.01322067,240.185786184,124.119981044));
#6927=CARTESIAN_POINT('',(-7.01322067,240.185786184,124.119981044));
#6928=CARTESIAN_POINT('',(-7.013221279,240.185785458,124.119981991));
#6929=CARTESIAN_POINT('',(-7.013221279,240.185785458,124.119981991));
#6930=CARTESIAN_POINT('',(-7.013221888,240.185784732,124.119982939));
#6931=CARTESIAN_POINT('',(-7.013221888,240.185784732,124.119982939));
#6932=CARTESIAN_POINT('',(-7.013222497,240.185784006,124.119983887));
#6933=CARTESIAN_POINT('',(-7.013222497,240.185784006,124.119983887));
#6934=CARTESIAN_POINT('',(-7.013223107,240.18578328,124.119984835));
#6935=CARTESIAN_POINT('',(-7.013223107,240.18578328,124.119984835));
#6936=CARTESIAN_POINT('',(-7.01321742,240.185790057,124.119987362));
#6937=CARTESIAN_POINT('',(-7.01321742,240.185790057,124.119987362));
#6938=CARTESIAN_POINT('',(-7.013217826,240.185789573,124.119987994));
#6939=CARTESIAN_POINT('',(-7.013217826,240.185789573,124.119987994));
#6940=CARTESIAN_POINT('',(-7.013218233,240.185789089,124.119988626));
#6941=CARTESIAN_POINT('',(-7.013218233,240.185789089,124.119988626));
#6942=CARTESIAN_POINT('',(-7.013218639,240.185788605,124.119989258));
#6943=CARTESIAN_POINT('',(-7.013218639,240.185788605,124.119989258));
#6944=CARTESIAN_POINT('',(-7.013219045,240.185788121,124.11998989));
#6945=CARTESIAN_POINT('',(-7.013219045,240.185788121,124.11998989));
#6946=CARTESIAN_POINT('',(-7.013214171,240.185793929,124.119993681));
#6947=CARTESIAN_POINT('',(-7.013214171,240.185793929,124.119993681));
#6948=CARTESIAN_POINT('',(-7.013214374,240.185793687,124.119993997));
#6949=CARTESIAN_POINT('',(-7.013214374,240.185793687,124.119993997));
#6950=CARTESIAN_POINT('',(-7.013214577,240.185793445,124.119994313));
#6951=CARTESIAN_POINT('',(-7.013214577,240.185793445,124.119994313));
#6952=CARTESIAN_POINT('',(-7.01321478,240.185793203,124.119994629));
#6953=CARTESIAN_POINT('',(-7.01321478,240.185793203,124.119994629));
#6954=CARTESIAN_POINT('',(-7.013214983,240.185792961,124.119994945));
#6955=CARTESIAN_POINT('',(-7.013214983,240.185792961,124.119994945));
#6956=CARTESIAN_POINT('',(-6.844929519,240.386347768,124.447249235));
#6957=CARTESIAN_POINT('',(-6.844929435,240.386347868,124.447249104));
#6958=CARTESIAN_POINT('',(-6.834411931,240.398882141,124.430886773));
#6959=CARTESIAN_POINT('',(-6.834411931,240.398882141,124.430886773));
#6960=CARTESIAN_POINT('',(-6.823894344,240.411416514,124.414524311));
#6961=CARTESIAN_POINT('',(-6.823894344,240.411416514,124.414524311));
#6962=CARTESIAN_POINT('',(-6.813376756,240.423950886,124.39816185));
#6963=CARTESIAN_POINT('',(-6.813376756,240.423950886,124.39816185));
#6964=CARTESIAN_POINT('',(-6.802859168,240.436485259,124.381799388));
#6965=CARTESIAN_POINT('',(-6.802859168,240.436485259,124.381799388));
#6966=CARTESIAN_POINT('',(-6.651962254,240.566175557,124.774490246));
#6967=CARTESIAN_POINT('',(-6.645786472,240.575233747,124.763584302));
#6968=CARTESIAN_POINT('',(-6.639400493,240.584115566,124.752677047));
#6969=CARTESIAN_POINT('',(-6.626210899,240.601528769,124.730861409));
#6970=CARTESIAN_POINT('',(-6.619407276,240.610060158,124.719953016));
#6971=CARTESIAN_POINT('',(-6.60538352,240.62677302,124.698135925));
#6972=CARTESIAN_POINT('',(-6.598163381,240.634954499,124.687227217));
#6973=CARTESIAN_POINT('',(-6.583306172,240.650966172,124.665409778));
#6974=CARTESIAN_POINT('',(-6.575669096,240.65879637,124.654501038));
#6975=CARTESIAN_POINT('',(-6.567822667,240.666449191,124.643592302));
#6976=CARTESIAN_POINT('',(-6.224052967,240.877493418,125.416412593));
#6977=CARTESIAN_POINT('',(-6.213886606,240.897714586,125.395638187));
#6978=CARTESIAN_POINT('',(-6.20273086,240.917105538,125.374553617));
#6979=CARTESIAN_POINT('',(-6.178521696,240.954089545,125.331915595));
#6980=CARTESIAN_POINT('',(-6.16546829,240.971682565,125.310362174));
#6981=CARTESIAN_POINT('',(-6.137557772,241.004945025,125.266941116));
#6982=CARTESIAN_POINT('',(-6.122700682,241.02061444,125.245073513));
#6983=CARTESIAN_POINT('',(-6.091288878,241.049916903,125.201180682));
#6984=CARTESIAN_POINT('',(-6.074734189,241.06354993,125.179155486));
#6985=CARTESIAN_POINT('',(-6.057389466,241.076115146,125.157130274));
#6986=CARTESIAN_POINT('',(-5.989121483,241.008975843,125.731077989));
#6987=CARTESIAN_POINT('',(-5.977633559,241.03548091,125.705892068));
#6988=CARTESIAN_POINT('',(-5.96458796,241.060678887,125.680085888));
#6989=CARTESIAN_POINT('',(-5.935536631,241.108179449,125.627535444));
#6990=CARTESIAN_POINT('',(-5.919530931,241.130481967,125.600791252));
#6991=CARTESIAN_POINT('',(-5.884745034,241.171938185,125.546674002));
#6992=CARTESIAN_POINT('',(-5.865964882,241.191091831,125.519301017));
#6993=CARTESIAN_POINT('',(-5.825844586,241.226026775,125.46423953));
#6994=CARTESIAN_POINT('',(-5.804504493,241.241808019,125.436551099));
#6995=CARTESIAN_POINT('',(-5.782005388,241.255807038,125.408862633));
#6996=CARTESIAN_POINT('',(-5.714232176,241.123549779,126.061658057));
#6997=CARTESIAN_POINT('',(-5.701663022,241.157505905,126.032704401));
#6998=CARTESIAN_POINT('',(-5.686814732,241.189549331,126.00249778));
#6999=CARTESIAN_POINT('',(-5.652846052,241.24919333,125.940160758));
#7000=CARTESIAN_POINT('',(-5.633725856,241.276793515,125.908030736));
#7001=CARTESIAN_POINT('',(-5.591582371,241.327018165,125.842467112));
#7002=CARTESIAN_POINT('',(-5.568559344,241.349642317,125.809033918));
#7003=CARTESIAN_POINT('',(-5.519054483,241.389478172,125.741509182));
#7004=CARTESIAN_POINT('',(-5.492572955,241.406689628,125.707418059));
#7005=CARTESIAN_POINT('',(-5.464617534,241.421028697,125.673326725));
#7006=CARTESIAN_POINT('',(-5.690604928,241.133104777,126.089791614));
#7007=CARTESIAN_POINT('',(-5.677946282,241.167702085,126.060524566));
#7008=CARTESIAN_POINT('',(-5.662946083,241.200334296,126.02994814));
#7009=CARTESIAN_POINT('',(-5.628560308,241.261020885,125.966783494));
#7010=CARTESIAN_POINT('',(-5.609174943,241.289074846,125.934195683));
#7011=CARTESIAN_POINT('',(-5.566404175,241.340047062,125.867656179));
#7012=CARTESIAN_POINT('',(-5.543019054,241.362964982,125.833704927));
#7013=CARTESIAN_POINT('',(-5.49271359,241.403209441,125.765113415));
#7014=CARTESIAN_POINT('',(-5.465793578,241.420535714,125.730473608));
#7015=CARTESIAN_POINT('',(-5.437373506,241.434893999,125.695833573));
#7016=CARTESIAN_POINT('',(-5.66683823,241.142425575,126.117812958));
#7017=CARTESIAN_POINT('',(-5.654092569,241.177668414,126.088241234));
#7018=CARTESIAN_POINT('',(-5.638942251,241.210893184,126.057301323));
#7019=CARTESIAN_POINT('',(-5.604141996,241.272627249,125.993317796));
#7020=CARTESIAN_POINT('',(-5.584492285,241.301136093,125.96027462));
#7021=CARTESIAN_POINT('',(-5.541095584,241.352854268,125.892761338));
#7022=CARTESIAN_POINT('',(-5.517348898,241.376063235,125.858291705));
#7023=CARTESIAN_POINT('',(-5.466244512,241.416706294,125.788631355));
#7024=CARTESIAN_POINT('',(-5.43888717,241.4341401,125.753441126));
#7025=CARTESIAN_POINT('',(-5.410004454,241.448507908,125.718250651));
#7026=B_SPLINE_SURFACE_WITH_KNOTS('',3,3,((#6926,#6927,#6928,#6929,#6930,#6931,#6932,#6933,#6934,#6935),(#6936,#6937,#6938,#6939,#6940,#6941,#6942,#6943,#6944,#6945),(#6946,#6947,#6948,#6949,#6950,#6951,#6952,#6953,#6954,#6955),(#6956,#6957,#6958,#6959,#6960,#6961,#6962,#6963,#6964,#6965),(#6966,#6967,#6968,#6969,#6970,#6971,#6972,#6973,#6974,#6975),(#6976,#6977,#6978,#6979,#6980,#6981,#6982,#6983,#6984,#6985),(#6986,#6987,#6988,#6989,#6990,#6991,#6992,#6993,#6994,#6995),(#6996,#6997,#6998,#6999,#7000,#7001,#7002,#7003,#7004,#7005),(#7006,#7007,#7008,#7009,#7010,#7011,#7012,#7013,#7014,#7015),(#7016,#7017,#7018,#7019,#7020,#7021,#7022,#7023,#7024,#7025)),.UNSPECIFIED.,.F.,.F.,.U.,(4,2,2,2,4),(4,2,2,2,4),(1.570792535,1.570796327,1.767145868,1.963495408,1.98183627),(0.000001002,0.25,0.5,0.75,1.),.UNSPECIFIED.);
#7027=ORIENTED_EDGE('',*,*,#6542,.F.);
#7028=CARTESIAN_POINT('',(-5.666839785,241.14242688,126.117813843));
#7029=CARTESIAN_POINT('',(-5.674722138,241.190052738,126.033725216));
#7030=CARTESIAN_POINT('',(-5.67402734,241.231900093,125.94554691));
#7031=CARTESIAN_POINT('',(-5.663374102,241.267117234,125.852998227));
#7032=CARTESIAN_POINT('',(-5.652720863,241.302334374,125.760449544));
#7033=CARTESIAN_POINT('',(-5.63198075,241.331214,125.662674049));
#7034=CARTESIAN_POINT('',(-5.59771335,241.350113388,125.561425384));
#7035=B_SPLINE_CURVE_WITH_KNOTS('',3,(#7028,#7029,#7030,#7031,#7032,#7033,#7034),.UNSPECIFIED.,.F.,.F.,(4,3,4),(0.,0.000162451,0.000324902),.UNSPECIFIED.);
#7036=EDGE_CURVE('',#6511,#5653,#7035,.T.);
#7037=ORIENTED_EDGE('',*,*,#7036,.T.);
#7038=ORIENTED_EDGE('',*,*,#5659,.F.);
#7039=EDGE_LOOP('',(#7027,#7037,#7038));
#7040=FACE_BOUND('',#7039,.T.);
#7041=ADVANCED_FACE('',(#7040),#7026,.T.);
#7042=CARTESIAN_POINT('',(0.44804901,266.478342066,128.12));
#7043=DIRECTION('',(0.,0.,1.));
#7044=DIRECTION('',(0.,-1.,0.));
#7045=AXIS2_PLACEMENT_3D('',#7042,#7043,#7044);
#7046=TOROIDAL_SURFACE('',#7045,6.,1.);
#7047=ORIENTED_EDGE('',*,*,#1495,.F.);
#7048=ORIENTED_EDGE('',*,*,#1884,.F.);
#7049=CARTESIAN_POINT('',(-1.088180139,260.678342066,129.12));
#7050=CARTESIAN_POINT('',(-1.052005816,260.739489517,129.12));
#7051=CARTESIAN_POINT('',(-1.015629872,260.800428911,129.112895699));
#7052=CARTESIAN_POINT('',(-0.979297545,260.858791819,129.099383017));
#7053=CARTESIAN_POINT('',(-0.942965218,260.917154728,129.085870334));
#7054=CARTESIAN_POINT('',(-0.906444794,260.973409959,129.065979499));
#7055=CARTESIAN_POINT('',(-0.868791621,261.027037036,129.040008207));
#7056=CARTESIAN_POINT('',(-0.831138448,261.080664114,129.014036915));
#7057=CARTESIAN_POINT('',(-0.792528739,261.131274611,128.981976269));
#7058=CARTESIAN_POINT('',(-0.753376435,261.176623023,128.945872262));
#7059=CARTESIAN_POINT('',(-0.714224131,261.221971434,128.909768255));
#7060=CARTESIAN_POINT('',(-0.674134472,261.262652314,128.869335891));
#7061=CARTESIAN_POINT('',(-0.631808966,261.298335934,128.825576507));
#7062=CARTESIAN_POINT('',(-0.589483459,261.334019554,128.781817122));
#7063=CARTESIAN_POINT('',(-0.545256257,261.36425005,128.735096717));
#7064=CARTESIAN_POINT('',(-0.499043619,261.388500118,128.68834161));
#7065=CARTESIAN_POINT('',(-0.45283098,261.412750186,128.641586503));
#7066=CARTESIAN_POINT('',(-0.404268205,261.431316783,128.594416258));
#7067=CARTESIAN_POINT('',(-0.351881631,261.444953176,128.548708126));
#7068=CARTESIAN_POINT('',(-0.247108484,261.472225961,128.457291861));
#7069=CARTESIAN_POINT('',(-0.131959097,261.478342066,128.377108552));
#7070=CARTESIAN_POINT('',(-0.00189458,261.478342066,128.32));
#7071=B_SPLINE_CURVE_WITH_KNOTS('',3,(#7049,#7050,#7051,#7052,#7053,#7054,#7055,#7056,#7057,#7058,#7059,#7060,#7061,#7062,#7063,#7064,#7065,#7066,#7067,#7068,#7069,#7070),.UNSPECIFIED.,.F.,.F.,(4,3,3,3,3,3,3,4),(0.,0.000209719,0.000419437,0.000629156,0.000838874,0.001048593,0.001258311,0.001677748),.UNSPECIFIED.);
#7072=EDGE_CURVE('',#1872,#2903,#7071,.T.);
#7073=ORIENTED_EDGE('',*,*,#7072,.T.);
#7074=ORIENTED_EDGE('',*,*,#2909,.F.);
#7075=ORIENTED_EDGE('',*,*,#3781,.F.);
#7076=ORIENTED_EDGE('',*,*,#1452,.F.);
#7077=EDGE_LOOP('',(#7047,#7048,#7073,#7074,#7075,#7076));
#7078=FACE_BOUND('',#7077,.T.);
#7079=ADVANCED_FACE('',(#7078),#7046,.T.);
#7080=CARTESIAN_POINT('',(-4.781109873,233.511569283,110.04163265));
#7081=CARTESIAN_POINT('',(-4.725718261,233.577582436,110.041632681));
#7082=CARTESIAN_POINT('',(-4.681094684,233.652610699,110.041632712));
#7083=CARTESIAN_POINT('',(-4.617971679,233.812983236,110.041632771));
#7084=CARTESIAN_POINT('',(-4.59948365,233.898298575,110.041632628));
#7085=CARTESIAN_POINT('',(-4.59501957,233.984356925,110.041632624));
#7086=CARTESIAN_POINT('',(-4.781109865,233.511569279,109.931774053));
#7087=CARTESIAN_POINT('',(-4.726690355,233.576423928,109.940045413));
#7088=CARTESIAN_POINT('',(-4.682657215,233.649975215,109.948315277));
#7089=CARTESIAN_POINT('',(-4.619732495,233.807175297,109.964001728));
#7090=CARTESIAN_POINT('',(-4.600851467,233.890797786,109.971415312));
#7091=CARTESIAN_POINT('',(-4.595489625,233.975295218,109.978018427));
#7092=CARTESIAN_POINT('',(-4.771108143,233.523488669,109.824503764));
#7093=CARTESIAN_POINT('',(-4.718144699,233.586607803,109.840891488));
#7094=CARTESIAN_POINT('',(-4.675301054,233.65820129,109.857276572));
#7095=CARTESIAN_POINT('',(-4.613998093,233.811410402,109.888449095));
#7096=CARTESIAN_POINT('',(-4.59554857,233.893001531,109.903231506));
#7097=CARTESIAN_POINT('',(-4.590193157,233.975632146,109.916491753));
#7098=CARTESIAN_POINT('',(-4.74002646,233.560530694,109.667759242));
#7099=CARTESIAN_POINT('',(-4.689849248,233.620329288,109.696355766));
#7100=CARTESIAN_POINT('',(-4.649659297,233.688492349,109.724947832));
#7101=CARTESIAN_POINT('',(-4.593093313,233.835035554,109.779389682));
#7102=CARTESIAN_POINT('',(-4.576726091,233.913392859,109.80523097));
#7103=CARTESIAN_POINT('',(-4.573056358,233.99309296,109.828457424));
#7104=CARTESIAN_POINT('',(-4.726969596,233.576091153,109.61654895));
#7105=CARTESIAN_POINT('',(-4.677817456,233.634668392,109.649197541));
#7106=CARTESIAN_POINT('',(-4.638655292,233.701612645,109.681841048));
#7107=CARTESIAN_POINT('',(-4.584054152,233.845836836,109.744000461));
#7108=CARTESIAN_POINT('',(-4.568623694,233.923094276,109.773506688));
#7109=CARTESIAN_POINT('',(-4.565800987,234.00180515,109.800030522));
#7110=CARTESIAN_POINT('',(-4.69619006,233.612772775,109.518711801));
#7111=CARTESIAN_POINT('',(-4.649179618,233.668797639,109.559283163));
#7112=CARTESIAN_POINT('',(-4.612278141,233.733289684,109.599848053));
#7113=CARTESIAN_POINT('',(-4.562261464,233.87297222,109.677045199));
#7114=CARTESIAN_POINT('',(-4.54915425,233.948140404,109.713665143));
#7115=CARTESIAN_POINT('',(-4.5485821,234.025001507,109.746537207));
#7116=CARTESIAN_POINT('',(-4.678393877,233.633981444,109.471704241));
#7117=CARTESIAN_POINT('',(-4.632507206,233.688667049,109.516176379));
#7118=CARTESIAN_POINT('',(-4.596845363,233.751917076,109.560641279));
#7119=CARTESIAN_POINT('',(-4.549460171,233.889360131,109.645216083));
#7120=CARTESIAN_POINT('',(-4.537744574,233.963530705,109.685312225));
#7121=CARTESIAN_POINT('',(-4.538580071,234.03952386,109.721260002));
#7122=CARTESIAN_POINT('',(-4.658243944,233.657995196,109.426565863));
#7123=CARTESIAN_POINT('',(-4.613500732,233.711318079,109.474907349));
#7124=CARTESIAN_POINT('',(-4.579167053,233.773360223,109.523240656));
#7125=CARTESIAN_POINT('',(-4.534734699,233.908710307,109.615082113));
#7126=CARTESIAN_POINT('',(-4.524643538,233.981995346,109.658574725));
#7127=CARTESIAN_POINT('',(-4.527179391,234.057244738,109.697475634));
#7128=B_SPLINE_SURFACE_WITH_KNOTS('',3,3,((#7080,#7081,#7082,#7083,#7084,#7085),(#7086,#7087,#7088,#7089,#7090,#7091),(#7092,#7093,#7094,#7095,#7096,#7097),(#7098,#7099,#7100,#7101,#7102,#7103),(#7104,#7105,#7106,#7107,#7108,#7109),(#7110,#7111,#7112,#7113,#7114,#7115),(#7116,#7117,#7118,#7119,#7120,#7121),(#7122,#7123,#7124,#7125,#7126,#7127)),.UNSPECIFIED.,.F.,.F.,.U.,(4,2,2,4),(4,2,4),(-0.,0.000325109,0.000487663,0.000650217),(0.,0.5,0.999999935),.UNSPECIFIED.);
#7129=ORIENTED_EDGE('',*,*,#749,.T.);
#7130=ORIENTED_EDGE('',*,*,#4228,.F.);
#7131=CARTESIAN_POINT('',(-5.393945427,234.025799371,110.04163265));
#7132=DIRECTION('',(0.,0.,1.));
#7133=DIRECTION('',(0.,-1.,0.));
#7134=AXIS2_PLACEMENT_3D('',#7131,#7132,#7133);
#7135=CIRCLE('',#7134,0.8);
#7136=EDGE_CURVE('',#968,#3699,#7135,.T.);
#7137=ORIENTED_EDGE('',*,*,#7136,.F.);
#7138=ORIENTED_EDGE('',*,*,#977,.F.);
#7139=EDGE_LOOP('',(#7129,#7130,#7137,#7138));
#7140=FACE_BOUND('',#7139,.T.);
#7141=ADVANCED_FACE('',(#7140),#7128,.T.);
#7142=CARTESIAN_POINT('',(-5.393945427,234.025799371,109.12));
#7143=DIRECTION('',(0.,0.,1.));
#7144=DIRECTION('',(0.,-1.,0.));
#7145=AXIS2_PLACEMENT_3D('',#7142,#7143,#7144);
#7146=CYLINDRICAL_SURFACE('',#7145,0.8);
#7147=ORIENTED_EDGE('',*,*,#7136,.T.);
#7148=ORIENTED_EDGE('',*,*,#3704,.F.);
#7149=CARTESIAN_POINT('',(-4.781109873,233.511569283,128.12));
#7150=CARTESIAN_POINT('',(-4.753414058,233.54457587,128.12));
#7151=CARTESIAN_POINT('',(-4.728390887,233.579824432,128.12));
#7152=CARTESIAN_POINT('',(-4.68434056,233.653888865,128.12));
#7153=CARTESIAN_POINT('',(-4.665313904,233.692703895,128.12));
#7154=CARTESIAN_POINT('',(-4.633752398,233.772890196,128.12));
#7155=CARTESIAN_POINT('',(-4.621217905,233.814260557,128.12));
#7156=CARTESIAN_POINT('',(-4.602967403,233.898479858,128.12));
#7157=CARTESIAN_POINT('',(-4.5972516,233.941327844,128.12));
#7158=CARTESIAN_POINT('',(-4.595019566,233.98435703,128.12));
#7159=B_SPLINE_CURVE_WITH_KNOTS('',3,(#7149,#7150,#7151,#7152,#7153,#7154,#7155,#7156,#7157,#7158),.UNSPECIFIED.,.F.,.F.,(4,2,2,2,4),(0.,0.25,0.5,0.75,1.),.UNSPECIFIED.);
#7160=EDGE_CURVE('',#980,#3684,#7159,.T.);
#7161=ORIENTED_EDGE('',*,*,#7160,.F.);
#7162=ORIENTED_EDGE('',*,*,#985,.F.);
#7163=EDGE_LOOP('',(#7147,#7148,#7161,#7162));
#7164=FACE_BOUND('',#7163,.T.);
#7165=ADVANCED_FACE('',(#7164),#7146,.T.);
#7166=CARTESIAN_POINT('',(-4.59501257,233.9844919,128.12));
#7167=CARTESIAN_POINT('',(-4.595014902,233.984446944,128.12));
#7168=CARTESIAN_POINT('',(-4.595017234,233.984401987,128.12));
#7169=CARTESIAN_POINT('',(-4.595019566,233.98435703,128.12));
#7170=CARTESIAN_POINT('',(-4.5972516,233.941327844,128.12));
#7171=CARTESIAN_POINT('',(-4.602967403,233.898479858,128.12));
#7172=CARTESIAN_POINT('',(-4.621217905,233.814260557,128.12));
#7173=CARTESIAN_POINT('',(-4.633752398,233.772890196,128.12));
#7174=CARTESIAN_POINT('',(-4.665313904,233.692703895,128.12));
#7175=CARTESIAN_POINT('',(-4.68434056,233.653888865,128.12));
#7176=CARTESIAN_POINT('',(-4.728390887,233.579824432,128.12));
#7177=CARTESIAN_POINT('',(-4.753414058,233.54457587,128.12));
#7178=CARTESIAN_POINT('',(-4.781109873,233.511569283,128.12));
#7179=CARTESIAN_POINT('',(-4.59501257,233.9844919,128.129257148));
#7180=CARTESIAN_POINT('',(-4.595014902,233.984446944,128.129260612));
#7181=CARTESIAN_POINT('',(-4.595017234,233.984401987,128.129264075));
#7182=CARTESIAN_POINT('',(-4.595019566,233.98435703,128.129267539));
#7183=CARTESIAN_POINT('',(-4.5972516,233.941327844,128.132582746));
#7184=CARTESIAN_POINT('',(-4.602967403,233.898479858,128.135897915));
#7185=CARTESIAN_POINT('',(-4.621217905,233.814260557,128.142441966));
#7186=CARTESIAN_POINT('',(-4.633752398,233.772890196,128.145670775));
#7187=CARTESIAN_POINT('',(-4.665313904,233.692703895,128.151957991));
#7188=CARTESIAN_POINT('',(-4.68434056,233.653888865,128.155016327));
#7189=CARTESIAN_POINT('',(-4.728390887,233.579824432,128.160882925));
#7190=CARTESIAN_POINT('',(-4.753414058,233.54457587,128.163691119));
#7191=CARTESIAN_POINT('',(-4.781109873,233.511569283,128.166337695));
#7192=CARTESIAN_POINT('',(-4.594965363,233.985405691,128.138301546));
#7193=CARTESIAN_POINT('',(-4.594967698,233.985360848,128.138308394));
#7194=CARTESIAN_POINT('',(-4.594970032,233.985316006,128.138315243));
#7195=CARTESIAN_POINT('',(-4.594972367,233.985271164,128.138322091));
#7196=CARTESIAN_POINT('',(-4.597206711,233.942351696,128.144876728));
#7197=CARTESIAN_POINT('',(-4.602968586,233.899616333,128.15143129));
#7198=CARTESIAN_POINT('',(-4.621395742,233.815639176,128.164369662));
#7199=CARTESIAN_POINT('',(-4.634060809,233.774398358,128.170753325));
#7200=CARTESIAN_POINT('',(-4.665960602,233.694498273,128.183183448));
#7201=CARTESIAN_POINT('',(-4.685194957,233.655839935,128.189229766));
#7202=CARTESIAN_POINT('',(-4.72972639,233.58212473,128.200827528));
#7203=CARTESIAN_POINT('',(-4.755022949,233.54706872,128.206378839));
#7204=CARTESIAN_POINT('',(-4.783017482,233.51427593,128.211610321));
#7205=CARTESIAN_POINT('',(-4.594783045,233.988882911,128.156006085));
#7206=CARTESIAN_POINT('',(-4.594785387,233.988838506,128.15601961));
#7207=CARTESIAN_POINT('',(-4.59478773,233.988794101,128.156033135));
#7208=CARTESIAN_POINT('',(-4.594790073,233.988749696,128.15604666));
#7209=CARTESIAN_POINT('',(-4.597032321,233.946248765,128.168991859));
#7210=CARTESIAN_POINT('',(-4.602969169,233.90394326,128.181936893));
#7211=CARTESIAN_POINT('',(-4.622068442,233.820889605,128.207471719));
#7212=CARTESIAN_POINT('',(-4.635230624,233.780142514,128.220061187));
#7213=CARTESIAN_POINT('',(-4.668417347,233.701331362,128.244539068));
#7214=CARTESIAN_POINT('',(-4.688441466,233.663268306,128.256427171));
#7215=CARTESIAN_POINT('',(-4.734799396,233.590876822,128.279175755));
#7216=CARTESIAN_POINT('',(-4.761132616,233.556549318,128.290035951));
#7217=CARTESIAN_POINT('',(-4.790257246,233.524563372,128.300233163));
#7218=CARTESIAN_POINT('',(-4.594645865,233.991484034,128.164751484));
#7219=CARTESIAN_POINT('',(-4.594648213,233.991439957,128.164768334));
#7220=CARTESIAN_POINT('',(-4.594650562,233.99139588,128.164785184));
#7221=CARTESIAN_POINT('',(-4.594652911,233.991351802,128.164802034));
#7222=CARTESIAN_POINT('',(-4.596900833,233.949164299,128.18092973));
#7223=CARTESIAN_POINT('',(-4.60296851,233.907180773,128.197057209));
#7224=CARTESIAN_POINT('',(-4.622570651,233.82481865,128.228855775));
#7225=CARTESIAN_POINT('',(-4.636104849,233.784441174,128.244526436));
#7226=CARTESIAN_POINT('',(-4.67025435,233.706444666,128.274967439));
#7227=CARTESIAN_POINT('',(-4.69086919,233.668826696,128.289737373));
#7228=CARTESIAN_POINT('',(-4.73859244,233.597424066,128.317958433));
#7229=CARTESIAN_POINT('',(-4.765700202,233.563640379,128.331409182));
#7230=CARTESIAN_POINT('',(-4.795668411,233.532256124,128.344009915));
#7231=CARTESIAN_POINT('',(-4.594289548,233.998086529,128.181446345));
#7232=CARTESIAN_POINT('',(-4.59429191,233.998043288,128.181469638));
#7233=CARTESIAN_POINT('',(-4.594294271,233.998000046,128.181492932));
#7234=CARTESIAN_POINT('',(-4.594296633,233.997956804,128.181516225));
#7235=CARTESIAN_POINT('',(-4.596556855,233.956569122,128.203810952));
#7236=CARTESIAN_POINT('',(-4.602956712,233.915408041,128.226105326));
#7237=CARTESIAN_POINT('',(-4.623838322,233.834810231,128.270008783));
#7238=CARTESIAN_POINT('',(-4.638319743,233.795374792,128.291617172));
#7239=CARTESIAN_POINT('',(-4.674917329,233.719448797,128.333483728));
#7240=CARTESIAN_POINT('',(-4.697032911,233.682959457,128.353741233));
#7241=CARTESIAN_POINT('',(-4.748215821,233.614055204,128.392282589));
#7242=CARTESIAN_POINT('',(-4.777282334,233.581641395,128.410565831));
#7243=CARTESIAN_POINT('',(-4.809375834,233.551766625,128.427580863));
#7244=CARTESIAN_POINT('',(-4.594072959,234.002039596,128.189332658));
#7245=CARTESIAN_POINT('',(-4.594075327,234.001996856,128.189359045));
#7246=CARTESIAN_POINT('',(-4.594077695,234.001954117,128.189385431));
#7247=CARTESIAN_POINT('',(-4.594080064,234.001911377,128.189411817));
#7248=CARTESIAN_POINT('',(-4.596346814,233.961004285,128.214666727));
#7249=CARTESIAN_POINT('',(-4.602945598,233.920337704,128.239921197));
#7250=CARTESIAN_POINT('',(-4.624594487,233.84079987,128.289618333));
#7251=CARTESIAN_POINT('',(-4.639644215,233.801930008,128.31406014));
#7252=CARTESIAN_POINT('',(-4.67770925,233.727244802,128.361345316));
#7253=CARTESIAN_POINT('',(-4.700723894,233.691430765,128.384187868));
#7254=CARTESIAN_POINT('',(-4.753975822,233.624017734,128.427539174));
#7255=CARTESIAN_POINT('',(-4.784212179,233.592419923,128.448047179));
#7256=CARTESIAN_POINT('',(-4.817571751,233.563441809,128.467058039));
#7257=CARTESIAN_POINT('',(-4.593566355,234.01103341,128.204335339));
#7258=CARTESIAN_POINT('',(-4.593568735,234.01099182,128.204367733));
#7259=CARTESIAN_POINT('',(-4.593571115,234.010950231,128.204400127));
#7260=CARTESIAN_POINT('',(-4.593573495,234.010908641,128.204432521));
#7261=CARTESIAN_POINT('',(-4.595851243,233.971102219,128.235437514));
#7262=CARTESIAN_POINT('',(-4.602902424,233.931569523,128.26644185));
#7263=CARTESIAN_POINT('',(-4.626301259,233.854458422,128.327351291));
#7264=CARTESIAN_POINT('',(-4.642648418,233.816881657,128.357255113));
#7265=CARTESIAN_POINT('',(-4.684057918,233.745023105,128.414901944));
#7266=CARTESIAN_POINT('',(-4.709119385,233.710742846,128.442643738));
#7267=CARTESIAN_POINT('',(-4.767066152,233.646700736,128.494981497));
#7268=CARTESIAN_POINT('',(-4.799950228,233.616940247,128.519576359));
#7269=CARTESIAN_POINT('',(-4.836161344,233.589970264,128.542161535));
#7270=CARTESIAN_POINT('',(-4.593273934,234.016113348,128.211490029));
#7271=CARTESIAN_POINT('',(-4.593276319,234.016072412,128.211525354));
#7272=CARTESIAN_POINT('',(-4.593278703,234.016031476,128.21156068));
#7273=CARTESIAN_POINT('',(-4.593281088,234.015990539,128.211596005));
#7274=CARTESIAN_POINT('',(-4.595563399,233.976809311,128.245406702));
#7275=CARTESIAN_POINT('',(-4.602870198,233.937921289,128.279216602));
#7276=CARTESIAN_POINT('',(-4.62725989,233.862188225,128.345574969));
#7277=CARTESIAN_POINT('',(-4.644342213,233.825344965,128.378121891));
#7278=CARTESIAN_POINT('',(-4.687644162,233.755085225,128.440738278));
#7279=CARTESIAN_POINT('',(-4.713862775,233.7216704,128.470806286));
#7280=CARTESIAN_POINT('',(-4.774456637,233.659523051,128.527341062));
#7281=CARTESIAN_POINT('',(-4.80883047,233.630791992,128.553806514));
#7282=CARTESIAN_POINT('',(-4.846639641,233.604942183,128.577976505));
#7283=CARTESIAN_POINT('',(-4.59231158,234.032331085,128.23140035));
#7284=CARTESIAN_POINT('',(-4.592313971,234.032292251,128.231444053));
#7285=CARTESIAN_POINT('',(-4.592316363,234.032253417,128.231487756));
#7286=CARTESIAN_POINT('',(-4.592318754,234.032214582,128.231531459));
#7287=CARTESIAN_POINT('',(-4.594607358,233.995045315,128.27336056));
#7288=CARTESIAN_POINT('',(-4.602729803,233.958234788,128.315188361));
#7289=CARTESIAN_POINT('',(-4.630292047,233.886934219,128.397047445));
#7290=CARTESIAN_POINT('',(-4.649730991,233.852446435,128.437076206));
#7291=CARTESIAN_POINT('',(-4.699087182,233.787298812,128.513614897));
#7292=CARTESIAN_POINT('',(-4.729002897,233.75664104,128.550122467));
#7293=CARTESIAN_POINT('',(-4.798021122,233.700495371,128.618046831));
#7294=CARTESIAN_POINT('',(-4.83712149,233.675009262,128.649461527));
#7295=CARTESIAN_POINT('',(-4.879970964,233.652667204,128.677653652));
#7296=CARTESIAN_POINT('',(-4.591553541,234.044503323,128.242825129));
#7297=CARTESIAN_POINT('',(-4.591555927,234.044466087,128.242873945));
#7298=CARTESIAN_POINT('',(-4.591558312,234.044428851,128.242922762));
#7299=CARTESIAN_POINT('',(-4.591560698,234.044391615,128.242971578));
#7300=CARTESIAN_POINT('',(-4.593843959,234.008752299,128.289695033));
#7301=CARTESIAN_POINT('',(-4.602578324,233.973525043,128.336416735));
#7302=CARTESIAN_POINT('',(-4.632533795,233.905592504,128.427639816));
#7303=CARTESIAN_POINT('',(-4.653753777,233.872889858,128.472137775));
#7304=CARTESIAN_POINT('',(-4.707670567,233.811589646,128.556793788));
#7305=CARTESIAN_POINT('',(-4.740365353,233.782994469,128.596948661));
#7306=CARTESIAN_POINT('',(-4.815675202,233.731296146,128.671002748));
#7307=CARTESIAN_POINT('',(-4.858287439,233.708195027,128.704899167));
#7308=CARTESIAN_POINT('',(-4.904844796,233.688402008,128.734856887));
#7309=CARTESIAN_POINT('',(-4.589803147,234.070782603,128.263038812));
#7310=CARTESIAN_POINT('',(-4.589805485,234.070748898,128.263097344));
#7311=CARTESIAN_POINT('',(-4.589807823,234.070715193,128.263155875));
#7312=CARTESIAN_POINT('',(-4.589810162,234.070681488,128.263214406));
#7313=CARTESIAN_POINT('',(-4.592048099,234.038421569,128.319236131));
#7314=CARTESIAN_POINT('',(-4.602104245,234.006702962,128.375254733));
#7315=CARTESIAN_POINT('',(-4.637273109,233.946196557,128.484060491));
#7316=CARTESIAN_POINT('',(-4.662383868,233.917412208,128.536841585));
#7317=CARTESIAN_POINT('',(-4.72621162,233.864460274,128.636120202));
#7318=CARTESIAN_POINT('',(-4.764925057,233.840295716,128.682612187));
#7319=CARTESIAN_POINT('',(-4.853721155,233.798001853,128.766621331));
#7320=CARTESIAN_POINT('',(-4.903798864,233.779874978,128.804133794));
#7321=CARTESIAN_POINT('',(-4.958113593,233.765299999,128.836071005));
#7322=CARTESIAN_POINT('',(-4.588823983,234.084684513,128.271629181));
#7323=CARTESIAN_POINT('',(-4.58882628,234.084652713,128.271692223));
#7324=CARTESIAN_POINT('',(-4.588828576,234.084620912,128.271755264));
#7325=CARTESIAN_POINT('',(-4.588830873,234.084589112,128.271818306));
#7326=CARTESIAN_POINT('',(-4.591028884,234.0541524,128.332157108));
#7327=CARTESIAN_POINT('',(-4.601784357,234.024331976,128.39249189));
#7328=CARTESIAN_POINT('',(-4.639732332,233.967825911,128.509350853));
#7329=CARTESIAN_POINT('',(-4.666922311,233.941144142,128.565867243));
#7330=CARTESIAN_POINT('',(-4.7360225,233.892627411,128.671509691));
#7331=CARTESIAN_POINT('',(-4.777928118,233.870795787,128.72062869));
#7332=CARTESIAN_POINT('',(-4.873811971,233.833383788,128.80836013));
#7333=CARTESIAN_POINT('',(-4.927783827,233.817806005,128.846966684));
#7334=CARTESIAN_POINT('',(-4.986085668,233.805857411,128.879091532));
#7335=CARTESIAN_POINT('',(-4.586690108,234.113164333,128.28632206));
#7336=CARTESIAN_POINT('',(-4.586692275,234.113136544,128.286393579));
#7337=CARTESIAN_POINT('',(-4.586694442,234.113108755,128.286465099));
#7338=CARTESIAN_POINT('',(-4.58669661,234.113080965,128.286536618));
#7339=CARTESIAN_POINT('',(-4.588770926,234.086483199,128.354989627));
#7340=CARTESIAN_POINT('',(-4.600960039,234.060672487,128.423436228));
#7341=CARTESIAN_POINT('',(-4.64466047,234.012566606,128.555221465));
#7342=CARTESIAN_POINT('',(-4.676167702,233.990276036,128.61854776));
#7343=CARTESIAN_POINT('',(-4.756152465,233.95089893,128.735351733));
#7344=CARTESIAN_POINT('',(-4.804622519,233.933816175,128.788818459));
#7345=CARTESIAN_POINT('',(-4.914912201,233.906153147,128.881895685));
#7346=CARTESIAN_POINT('',(-4.976721515,233.895575552,128.921497434));
#7347=CARTESIAN_POINT('',(-5.042895494,233.88865446,128.952683091));
#7348=CARTESIAN_POINT('',(-4.585530022,234.127826357,128.292472423));
#7349=CARTESIAN_POINT('',(-4.585532102,234.127800684,128.292547934));
#7350=CARTESIAN_POINT('',(-4.585534182,234.127775012,128.292623444));
#7351=CARTESIAN_POINT('',(-4.585536262,234.12774934,128.292698955));
#7352=CARTESIAN_POINT('',(-4.587526871,234.103177964,128.364972042));
#7353=CARTESIAN_POINT('',(-4.600454669,234.079489821,128.43723721));
#7354=CARTESIAN_POINT('',(-4.647145326,234.035807301,128.575938438));
#7355=CARTESIAN_POINT('',(-4.680903095,234.015817828,128.642359329));
#7356=CARTESIAN_POINT('',(-4.766531885,233.981172023,128.763995335));
#7357=CARTESIAN_POINT('',(-4.818393574,233.966519603,128.819197118));
#7358=CARTESIAN_POINT('',(-4.936045022,233.943754624,128.913918583));
#7359=CARTESIAN_POINT('',(-5.00182195,233.935644666,128.953427836));
#7360=CARTESIAN_POINT('',(-5.071906452,233.93114224,128.983488245));
#7361=CARTESIAN_POINT('',(-4.583015143,234.157840146,128.30280884));
#7362=CARTESIAN_POINT('',(-4.58301699,234.157818955,128.302892003));
#7363=CARTESIAN_POINT('',(-4.583018836,234.157797764,128.302975167));
#7364=CARTESIAN_POINT('',(-4.583020683,234.157776573,128.30305833));
#7365=CARTESIAN_POINT('',(-4.584788075,234.137494361,128.382656087));
#7366=CARTESIAN_POINT('',(-4.599229015,234.118312793,128.462242106));
#7367=CARTESIAN_POINT('',(-4.652114653,234.083955789,128.613984116));
#7368=CARTESIAN_POINT('',(-4.69055158,234.068785526,128.686117769));
#7369=CARTESIAN_POINT('',(-4.787840174,234.043892838,128.816194456));
#7370=CARTESIAN_POINT('',(-4.846677551,234.034174189,128.874118314));
#7371=CARTESIAN_POINT('',(-4.97926777,234.02111508,128.970338262));
#7372=CARTESIAN_POINT('',(-5.053001128,234.017776644,129.008620123));
#7373=CARTESIAN_POINT('',(-5.130743639,234.017792661,129.035285074));
#7374=CARTESIAN_POINT('',(-4.581660208,234.173183802,128.306977259));
#7375=CARTESIAN_POINT('',(-4.581661909,234.173164975,128.307064077));
#7376=CARTESIAN_POINT('',(-4.58166361,234.173146148,128.307150896));
#7377=CARTESIAN_POINT('',(-4.581665311,234.173127321,128.307237714));
#7378=CARTESIAN_POINT('',(-4.583293129,234.155107775,128.390333875));
#7379=CARTESIAN_POINT('',(-4.598508345,234.138310177,128.473415961));
#7380=CARTESIAN_POINT('',(-4.654597987,234.108854857,128.631269963));
#7381=CARTESIAN_POINT('',(-4.695462961,234.096202269,128.706015192));
#7382=CARTESIAN_POINT('',(-4.798765317,234.076329559,128.839686923));
#7383=CARTESIAN_POINT('',(-4.861185295,234.069112944,128.898590781));
#7384=CARTESIAN_POINT('',(-5.001348093,234.060857393,128.994650905));
#7385=CARTESIAN_POINT('',(-5.07906728,234.059819978,129.031790819));
#7386=CARTESIAN_POINT('',(-5.160553231,234.061932024,129.056178974));
#7387=CARTESIAN_POINT('',(-4.577376191,234.219229644,128.316715257));
#7388=CARTESIAN_POINT('',(-4.577377357,234.219218204,128.316812489));
#7389=CARTESIAN_POINT('',(-4.577378523,234.219206765,128.316909721));
#7390=CARTESIAN_POINT('',(-4.57737969,234.219195325,128.317006953));
#7391=CARTESIAN_POINT('',(-4.578495963,234.208246292,128.410070119));
#7392=CARTESIAN_POINT('',(-4.596036752,234.198918592,128.503110716));
#7393=CARTESIAN_POINT('',(-4.661876973,234.184696482,128.678037282));
#7394=CARTESIAN_POINT('',(-4.710160559,234.179806078,128.759880854));
#7395=CARTESIAN_POINT('',(-4.831709818,234.175125705,128.902540981));
#7396=CARTESIAN_POINT('',(-4.904946246,234.175337397,128.963322794));
#7397=CARTESIAN_POINT('',(-5.067624943,234.180906467,129.056490282));
#7398=CARTESIAN_POINT('',(-5.157028006,234.186262942,129.088852973));
#7399=CARTESIAN_POINT('',(-5.249166805,234.193897976,129.105025087));
#7400=CARTESIAN_POINT('',(-4.574202373,234.250261642,128.319689381));
#7401=CARTESIAN_POINT('',(-4.574203055,234.25025555,128.319792921));
#7402=CARTESIAN_POINT('',(-4.574203737,234.250249458,128.31989646));
#7403=CARTESIAN_POINT('',(-4.574204419,234.250243365,128.32));
#7404=CARTESIAN_POINT('',(-4.574857146,234.24441235,128.419100378));
#7405=CARTESIAN_POINT('',(-4.593968739,234.240517859,128.518170575));
#7406=CARTESIAN_POINT('',(-4.666556201,234.23722555,128.70297315));
#7407=CARTESIAN_POINT('',(-4.720010211,234.237829778,128.788649098));
#7408=CARTESIAN_POINT('',(-4.854113542,234.243552218,128.935039755));
#7409=CARTESIAN_POINT('',(-4.934722483,234.248669565,128.995709328));
#7410=CARTESIAN_POINT('',(-5.112299383,234.262801279,129.083789958));
#7411=CARTESIAN_POINT('',(-5.209213653,234.271811897,129.111173103));
#7412=CARTESIAN_POINT('',(-5.307772355,234.282180266,129.12));
#7413=CARTESIAN_POINT('',(-4.570697575,234.281571096,128.319671768));
#7414=CARTESIAN_POINT('',(-4.570697575,234.281571096,128.319781179));
#7415=CARTESIAN_POINT('',(-4.570697575,234.281571096,128.319890589));
#7416=CARTESIAN_POINT('',(-4.570697575,234.281571096,128.32));
#7417=CARTESIAN_POINT('',(-4.570697575,234.281571096,128.424719755));
#7418=CARTESIAN_POINT('',(-4.591390191,234.283887439,128.529398307));
#7419=CARTESIAN_POINT('',(-4.671041731,234.292803677,128.722895184));
#7420=CARTESIAN_POINT('',(-4.729969315,234.299400064,128.811637376));
#7421=CARTESIAN_POINT('',(-4.87714617,234.315875124,128.959733474));
#7422=CARTESIAN_POINT('',(-4.965337533,234.325747315,129.019029111));
#7423=CARTESIAN_POINT('',(-5.157633361,234.347273018,129.099178141));
#7424=CARTESIAN_POINT('',(-5.261662166,234.358918061,129.12));
#7425=CARTESIAN_POINT('',(-5.365731918,234.370567688,129.12));
#7426=B_SPLINE_SURFACE_WITH_KNOTS('',3,3,((#7166,#7167,#7168,#7169,#7170,#7171,#7172,#7173,#7174,#7175,#7176,#7177,#7178),(#7179,#7180,#7181,#7182,#7183,#7184,#7185,#7186,#7187,#7188,#7189,#7190,#7191),(#7192,#7193,#7194,#7195,#7196,#7197,#7198,#7199,#7200,#7201,#7202,#7203,#7204),(#7205,#7206,#7207,#7208,#7209,#7210,#7211,#7212,#7213,#7214,#7215,#7216,#7217),(#7218,#7219,#7220,#7221,#7222,#7223,#7224,#7225,#7226,#7227,#7228,#7229,#7230),(#7231,#7232,#7233,#7234,#7235,#7236,#7237,#7238,#7239,#7240,#7241,#7242,#7243),(#7244,#7245,#7246,#7247,#7248,#7249,#7250,#7251,#7252,#7253,#7254,#7255,#7256),(#7257,#7258,#7259,#7260,#7261,#7262,#7263,#7264,#7265,#7266,#7267,#7268,#7269),(#7270,#7271,#7272,#7273,#7274,#7275,#7276,#7277,#7278,#7279,#7280,#7281,#7282),(#7283,#7284,#7285,#7286,#7287,#7288,#7289,#7290,#7291,#7292,#7293,#7294,#7295),(#7296,#7297,#7298,#7299,#7300,#7301,#7302,#7303,#7304,#7305,#7306,#7307,#7308),(#7309,#7310,#7311,#7312,#7313,#7314,#7315,#7316,#7317,#7318,#7319,#7320,#7321),(#7322,#7323,#7324,#7325,#7326,#7327,#7328,#7329,#7330,#7331,#7332,#7333,#7334),(#7335,#7336,#7337,#7338,#7339,#7340,#7341,#7342,#7343,#7344,#7345,#7346,#7347),(#7348,#7349,#7350,#7351,#7352,#7353,#7354,#7355,#7356,#7357,#7358,#7359,#7360),(#7361,#7362,#7363,#7364,#7365,#7366,#7367,#7368,#7369,#7370,#7371,#7372,#7373),(#7374,#7375,#7376,#7377,#7378,#7379,#7380,#7381,#7382,#7383,#7384,#7385,#7386),(#7387,#7388,#7389,#7390,#7391,#7392,#7393,#7394,#7395,#7396,#7397,#7398,#7399),(#7400,#7401,#7402,#7403,#7404,#7405,#7406,#7407,#7408,#7409,#7410,#7411,#7412),(#7413,#7414,#7415,#7416,#7417,#7418,#7419,#7420,#7421,#7422,#7423,#7424,#7425)),.UNSPECIFIED.,.F.,.F.,.U.,(4,2,2,2,2,2,2,2,2,4),(4,3,2,2,2,4),(0.,0.00002726,0.000054519,0.000081779,0.000109038,0.000163558,0.000218077,0.000272596,0.000327115,0.000436154),(-0.000261199,0.,0.25,0.5,0.75,1.),.UNSPECIFIED.);
#7427=ORIENTED_EDGE('',*,*,#7160,.T.);
#7428=ORIENTED_EDGE('',*,*,#3696,.F.);
#7429=CARTESIAN_POINT('',(-5.365731918,234.370567688,129.12));
#7430=CARTESIAN_POINT('',(-5.261662166,234.358918061,129.12));
#7431=CARTESIAN_POINT('',(-5.157633361,234.347273018,129.099178141));
#7432=CARTESIAN_POINT('',(-4.965337533,234.325747315,129.019029111));
#7433=CARTESIAN_POINT('',(-4.87714617,234.315875124,128.959733474));
#7434=CARTESIAN_POINT('',(-4.729969315,234.299400064,128.811637376));
#7435=CARTESIAN_POINT('',(-4.671041731,234.292803677,128.722895184));
#7436=CARTESIAN_POINT('',(-4.591390191,234.283887439,128.529398307));
#7437=CARTESIAN_POINT('',(-4.570697575,234.281571096,128.424719755));
#7438=CARTESIAN_POINT('',(-4.570697575,234.281571096,128.32));
#7439=B_SPLINE_CURVE_WITH_KNOTS('',3,(#7429,#7430,#7431,#7432,#7433,#7434,#7435,#7436,#7437,#7438),.UNSPECIFIED.,.F.,.F.,(4,2,2,2,4),(0.,0.25,0.5,0.75,1.),.UNSPECIFIED.);
#7440=EDGE_CURVE('',#6566,#3682,#7439,.T.);
#7441=ORIENTED_EDGE('',*,*,#7440,.F.);
#7442=ORIENTED_EDGE('',*,*,#6704,.F.);
#7443=EDGE_LOOP('',(#7427,#7428,#7441,#7442));
#7444=FACE_BOUND('',#7443,.T.);
#7445=ADVANCED_FACE('',(#7444),#7426,.T.);
#7446=CARTESIAN_POINT('',(-1.238063718,239.289731094,129.12));
#7447=CARTESIAN_POINT('',(-1.208519552,239.189265332,129.12));
#7448=CARTESIAN_POINT('',(-1.178987011,239.088839099,129.099178141));
#7449=CARTESIAN_POINT('',(-1.124396512,238.903202576,129.019029111));
#7450=CARTESIAN_POINT('',(-1.099360032,238.818065326,128.959733474));
#7451=CARTESIAN_POINT('',(-1.057578273,238.675985282,128.811637376));
#7452=CARTESIAN_POINT('',(-1.040849432,238.619098391,128.722895184));
#7453=CARTESIAN_POINT('',(-1.018237307,238.542205225,128.529398307));
#7454=CARTESIAN_POINT('',(-1.012362919,238.522229205,128.424719755));
#7455=CARTESIAN_POINT('',(-1.012362919,238.522229205,128.32));
#7456=CARTESIAN_POINT('',(-1.536137516,239.228305848,129.12));
#7457=CARTESIAN_POINT('',(-1.50103789,239.127287966,129.123294009));
#7458=CARTESIAN_POINT('',(-1.465350539,239.025807457,129.104920682));
#7459=CARTESIAN_POINT('',(-1.398353661,238.837809516,129.027731555));
#7460=CARTESIAN_POINT('',(-1.367072208,238.751371882,128.968948642));
#7461=CARTESIAN_POINT('',(-1.313805936,238.607150046,128.82021611));
#7462=CARTESIAN_POINT('',(-1.291843387,238.549427051,128.730329661));
#7463=CARTESIAN_POINT('',(-1.260668503,238.47179293,128.533588257));
#7464=CARTESIAN_POINT('',(-1.251469143,238.451914765,128.426816787));
#7465=CARTESIAN_POINT('',(-1.249368489,238.452532509,128.32));
#7466=CARTESIAN_POINT('',(-1.821213066,239.145403621,129.109518129));
#7467=CARTESIAN_POINT('',(-1.780698083,239.044414977,129.11621144));
#7468=CARTESIAN_POINT('',(-1.738998066,238.942462841,129.100433532));
#7469=CARTESIAN_POINT('',(-1.659972572,238.753202286,129.02651345));
#7470=CARTESIAN_POINT('',(-1.622682925,238.665980599,128.968405258));
#7471=CARTESIAN_POINT('',(-1.558578378,238.52052876,128.819340375));
#7472=CARTESIAN_POINT('',(-1.53179252,238.462365253,128.728451989));
#7473=CARTESIAN_POINT('',(-1.493082555,238.384615414,128.528729787));
#7474=CARTESIAN_POINT('',(-1.481175971,238.36506472,128.419987405));
#7475=CARTESIAN_POINT('',(-1.477679436,238.366427954,128.311195229));
#7476=CARTESIAN_POINT('',(-2.367159357,238.938806247,129.081025971));
#7477=CARTESIAN_POINT('',(-2.315982358,238.839215493,129.094214827));
#7478=CARTESIAN_POINT('',(-2.262488077,238.737710175,129.083476489));
#7479=CARTESIAN_POINT('',(-2.160117106,238.548489378,129.016023132));
#7480=CARTESIAN_POINT('',(-2.111293697,238.460873093,128.959343581));
#7481=CARTESIAN_POINT('',(-2.026813205,238.314834749,128.809920241));
#7482=CARTESIAN_POINT('',(-1.991200073,238.256489236,128.717254777));
#7483=CARTESIAN_POINT('',(-1.939384849,238.179271745,128.512094803));
#7484=CARTESIAN_POINT('',(-1.923209703,238.160440254,128.399707753));
#7485=CARTESIAN_POINT('',(-1.918164848,238.163021251,128.287261816));
#7486=CARTESIAN_POINT('',(-2.628020942,238.815100144,129.062945704));
#7487=CARTESIAN_POINT('',(-2.571594328,238.716879826,129.079231811));
#7488=CARTESIAN_POINT('',(-2.51231603,238.616295169,129.070938522));
#7489=CARTESIAN_POINT('',(-2.398625185,238.428380509,129.006684643));
#7490=CARTESIAN_POINT('',(-2.344275626,238.34115521,128.950759906));
#7491=CARTESIAN_POINT('',(-2.250258296,238.19576164,128.801312295));
#7492=CARTESIAN_POINT('',(-2.210642617,238.137674366,128.707872628));
#7493=CARTESIAN_POINT('',(-2.153261349,238.061102425,128.500257582));
#7494=CARTESIAN_POINT('',(-2.135527574,238.042660416,128.386197736));
#7495=CARTESIAN_POINT('',(-2.130332904,238.045710903,128.272074392));
#7496=CARTESIAN_POINT('',(-3.125483513,238.526153913,129.028945693));
#7497=CARTESIAN_POINT('',(-3.058749468,238.432157353,129.050585061));
#7498=CARTESIAN_POINT('',(-2.988242759,238.335018681,129.046556611));
#7499=CARTESIAN_POINT('',(-2.852879322,238.152678135,128.987928775));
#7500=CARTESIAN_POINT('',(-2.788105434,238.067588349,128.933365484));
#7501=CARTESIAN_POINT('',(-2.676495491,237.925528738,128.783973737));
#7502=CARTESIAN_POINT('',(-2.629727744,237.868646225,128.689237051));
#7503=CARTESIAN_POINT('',(-2.563019916,237.793843874,128.477442286));
#7504=CARTESIAN_POINT('',(-2.543120679,237.775970011,128.360514249));
#7505=CARTESIAN_POINT('',(-2.538539289,237.779299755,128.243514382));
#7506=CARTESIAN_POINT('',(-3.363571663,238.359312144,129.01298683));
#7507=CARTESIAN_POINT('',(-3.291744906,238.26820664,129.0368837));
#7508=CARTESIAN_POINT('',(-3.215759017,238.173631049,129.034675823));
#7509=CARTESIAN_POINT('',(-3.069980835,237.995625056,128.978475603));
#7510=CARTESIAN_POINT('',(-3.000281572,237.912308541,128.924519215));
#7511=CARTESIAN_POINT('',(-2.88057452,237.77297966,128.775208191));
#7512=CARTESIAN_POINT('',(-2.830643136,237.717056423,128.679949004));
#7513=CARTESIAN_POINT('',(-2.760162134,237.643384775,128.466430391));
#7514=CARTESIAN_POINT('',(-2.739657522,237.625683482,128.348307436));
#7515=CARTESIAN_POINT('',(-2.735848063,237.628808503,128.230108937));
#7516=CARTESIAN_POINT('',(-3.79996743,237.993369631,128.991075362));
#7517=CARTESIAN_POINT('',(-3.718693344,237.909299512,129.018019336));
#7518=CARTESIAN_POINT('',(-3.632740738,237.821314462,129.01827698));
#7519=CARTESIAN_POINT('',(-3.468315757,237.65477044,128.965372112));
#7520=CARTESIAN_POINT('',(-3.38995392,237.576323688,128.912245246));
#7521=CARTESIAN_POINT('',(-3.256282387,237.444464726,128.763058228));
#7522=CARTESIAN_POINT('',(-3.201062564,237.391141351,128.667098515));
#7523=CARTESIAN_POINT('',(-3.124673187,237.320163076,128.451256991));
#7524=CARTESIAN_POINT('',(-3.103555012,237.302555984,128.331520474));
#7525=CARTESIAN_POINT('',(-3.101582892,237.304556772,128.211703304));
#7526=CARTESIAN_POINT('',(-3.999933808,237.793711741,128.984984131));
#7527=CARTESIAN_POINT('',(-3.914276944,237.713785662,129.012737586));
#7528=CARTESIAN_POINT('',(-3.82380523,237.62982494,129.013655091));
#7529=CARTESIAN_POINT('',(-3.651083581,237.470401136,128.961637165));
#7530=CARTESIAN_POINT('',(-3.568951516,237.39504685,128.908737232));
#7531=CARTESIAN_POINT('',(-3.429350848,237.267922228,128.759593453));
#7532=CARTESIAN_POINT('',(-3.371977513,237.216238646,128.663451388));
#7533=CARTESIAN_POINT('',(-3.293405507,237.146827002,128.446997316));
#7534=CARTESIAN_POINT('',(-3.272260457,237.129146309,128.326833025));
#7535=CARTESIAN_POINT('',(-3.271342492,237.13023509,128.206586673));
#7536=CARTESIAN_POINT('',(-4.272819272,237.469432825,128.984841763));
#7537=CARTESIAN_POINT('',(-4.181344507,237.396414346,129.01261441));
#7538=CARTESIAN_POINT('',(-4.085055559,237.319353735,129.013547525));
#7539=CARTESIAN_POINT('',(-3.901851614,237.172355957,128.961550543));
#7540=CARTESIAN_POINT('',(-3.81506168,237.102519138,128.908655943));
#7541=CARTESIAN_POINT('',(-3.668233607,236.983951746,128.759513112));
#7542=CARTESIAN_POINT('',(-3.6082957,236.935302112,128.663366694));
#7543=CARTESIAN_POINT('',(-3.527200704,236.868871841,128.446898062));
#7544=CARTESIAN_POINT('',(-3.506098973,236.851136551,128.326723619));
#7545=CARTESIAN_POINT('',(-3.506525192,236.850631111,128.206467083));
#7546=CARTESIAN_POINT('',(-4.359252163,237.357191564,128.986262938));
#7547=CARTESIAN_POINT('',(-4.265964817,237.286589974,129.013844719));
#7548=CARTESIAN_POINT('',(-4.167897385,237.211972175,129.014622497));
#7549=CARTESIAN_POINT('',(-3.981526873,237.069405525,128.962416986));
#7550=CARTESIAN_POINT('',(-3.893350627,237.001553668,128.909469223));
#7551=CARTESIAN_POINT('',(-3.74439145,236.886081344,128.760316758));
#7552=CARTESIAN_POINT('',(-3.68370989,236.838539441,128.664213551));
#7553=CARTESIAN_POINT('',(-3.601900122,236.773211221,128.447889637));
#7554=CARTESIAN_POINT('',(-3.580827587,236.755469354,128.327816134));
#7555=CARTESIAN_POINT('',(-3.581663495,236.754397678,128.207660868));
#7556=CARTESIAN_POINT('',(-4.522883724,237.124252673,128.991954088));
#7557=CARTESIAN_POINT('',(-4.426267583,237.058667609,129.018763238));
#7558=CARTESIAN_POINT('',(-4.325006624,236.989174661,129.018913396));
#7559=CARTESIAN_POINT('',(-4.133024037,236.85597888,128.965866522));
#7560=CARTESIAN_POINT('',(-4.042431393,236.792365507,128.912705127));
#7561=CARTESIAN_POINT('',(-3.889783159,236.683562669,128.763516059));
#7562=CARTESIAN_POINT('',(-3.827830123,236.638446281,128.667588609));
#7563=CARTESIAN_POINT('',(-3.744797677,236.575617095,128.451851446));
#7564=CARTESIAN_POINT('',(-3.723774049,236.557946498,128.332186661));
#7565=CARTESIAN_POINT('',(-3.725301334,236.555749934,128.212441434));
#7566=CARTESIAN_POINT('',(-4.600365452,237.003021675,128.996252188));
#7567=CARTESIAN_POINT('',(-4.502228223,236.940047367,129.022475751));
#7568=CARTESIAN_POINT('',(-4.39954801,236.873248124,129.022150546));
#7569=CARTESIAN_POINT('',(-4.20511294,236.745013951,128.968466723));
#7570=CARTESIAN_POINT('',(-4.113487438,236.683664281,128.915143822));
#7571=CARTESIAN_POINT('',(-3.959277084,236.578452451,128.765927621));
#7572=CARTESIAN_POINT('',(-3.896794823,236.534660247,128.67013358));
#7573=CARTESIAN_POINT('',(-3.813252902,236.473235562,128.454841315));
#7574=CARTESIAN_POINT('',(-3.792248818,236.455643926,128.335486299));
#7575=CARTESIAN_POINT('',(-3.794058198,236.452886994,128.216051838));
#7576=CARTESIAN_POINT('',(-4.815558919,236.631460865,129.012637899));
#7577=CARTESIAN_POINT('',(-4.713414424,236.576416981,129.036584251));
#7578=CARTESIAN_POINT('',(-4.607121778,236.517872639,129.03441629));
#7579=CARTESIAN_POINT('',(-4.40657145,236.404964543,128.978269298));
#7580=CARTESIAN_POINT('',(-4.312442148,236.350672855,128.924326217));
#7581=CARTESIAN_POINT('',(-4.154478846,236.256784451,128.775016948));
#7582=CARTESIAN_POINT('',(-4.090745952,236.217247678,128.679746289));
#7583=CARTESIAN_POINT('',(-4.005966784,236.160542341,128.466189831));
#7584=CARTESIAN_POINT('',(-3.984974766,236.143410004,128.348040646));
#7585=CARTESIAN_POINT('',(-3.987387362,236.139135659,128.229815835));
#7586=CARTESIAN_POINT('',(-4.936688108,236.372922222,129.02826643));
#7587=CARTESIAN_POINT('',(-4.832603097,236.323296531,129.050004765));
#7588=CARTESIAN_POINT('',(-4.72475149,236.2704869,129.046055817));
#7589=CARTESIAN_POINT('',(-4.521757771,236.168384669,128.987533648));
#7590=CARTESIAN_POINT('',(-4.4267406,236.11915458,128.932996521));
#7591=CARTESIAN_POINT('',(-4.267497295,236.033551866,128.783607574));
#7592=CARTESIAN_POINT('',(-4.203369159,235.997231663,128.688847684));
#7593=CARTESIAN_POINT('',(-4.11813414,235.944353689,128.476976914));
#7594=CARTESIAN_POINT('',(-4.097079711,235.927828321,128.359996353));
#7595=CARTESIAN_POINT('',(-4.099564099,235.922764753,128.242943802));
#7596=CARTESIAN_POINT('',(-5.135724817,235.834606884,129.062127595));
#7597=CARTESIAN_POINT('',(-5.029231952,235.795841322,129.078550147));
#7598=CARTESIAN_POINT('',(-4.919891865,235.754658231,129.070364935));
#7599=CARTESIAN_POINT('',(-4.715085644,235.674800883,129.006252869));
#7600=CARTESIAN_POINT('',(-4.619733861,235.636170885,128.950361882));
#7601=CARTESIAN_POINT('',(-4.460195788,235.568397523,128.800914004));
#7602=CARTESIAN_POINT('',(-4.396098557,235.539291737,128.707440537));
#7603=CARTESIAN_POINT('',(-4.310717103,235.495834368,128.499717746));
#7604=CARTESIAN_POINT('',(-4.289480543,235.48150691,128.385584316));
#7605=CARTESIAN_POINT('',(-4.291598368,235.475860149,128.271387181));
#7606=CARTESIAN_POINT('',(-5.21363633,235.554833389,129.080385948));
#7607=CARTESIAN_POINT('',(-5.106674408,235.521511333,129.093702597));
#7608=CARTESIAN_POINT('',(-4.997402427,235.486221064,129.083064358));
#7609=CARTESIAN_POINT('',(-4.793222932,235.41780355,129.015741112));
#7610=CARTESIAN_POINT('',(-4.698422654,235.384711869,128.959091595));
#7611=CARTESIAN_POINT('',(-4.539868522,235.326481199,128.809665292));
#7612=CARTESIAN_POINT('',(-4.476197923,235.301372473,128.716967026));
#7613=CARTESIAN_POINT('',(-4.391129399,235.263507005,128.511704169));
#7614=CARTESIAN_POINT('',(-4.36977615,235.250769942,128.399247356));
#7615=CARTESIAN_POINT('',(-4.371459238,235.245329137,128.286731261));
#7616=CARTESIAN_POINT('',(-5.324701406,234.972862404,129.109444622));
#7617=CARTESIAN_POINT('',(-5.218198697,234.950447566,129.116172085));
#7618=CARTESIAN_POINT('',(-5.110535319,234.927027921,129.100420222));
#7619=CARTESIAN_POINT('',(-4.910386669,234.881953361,129.026533104));
#7620=CARTESIAN_POINT('',(-4.817993115,234.860318725,128.968431841));
#7621=CARTESIAN_POINT('',(-4.663582187,234.822340035,128.819364098));
#7622=CARTESIAN_POINT('',(-4.601635554,234.806013058,128.72846597));
#7623=CARTESIAN_POINT('',(-4.518326428,234.781313702,128.528714413));
#7624=CARTESIAN_POINT('',(-4.497002109,234.772952428,128.419952494));
#7625=CARTESIAN_POINT('',(-4.497741452,234.769253125,128.311140538));
#7626=CARTESIAN_POINT('',(-5.357005691,234.674575287,129.12));
#7627=CARTESIAN_POINT('',(-5.251428524,234.657554083,129.123291798));
#7628=CARTESIAN_POINT('',(-5.145294103,234.640034753,129.104916828));
#7629=CARTESIAN_POINT('',(-4.948521394,234.606709133,129.027725714));
#7630=CARTESIAN_POINT('',(-4.857966561,234.590916629,128.968942457));
#7631=CARTESIAN_POINT('',(-4.706688942,234.563510792,128.820210352));
#7632=CARTESIAN_POINT('',(-4.646030295,234.551908758,128.730324672));
#7633=CARTESIAN_POINT('',(-4.564163637,234.534694087,128.533585445));
#7634=CARTESIAN_POINT('',(-4.542990337,234.529088502,128.426815379));
#7635=CARTESIAN_POINT('',(-4.543233757,234.526913952,128.32));
#7636=CARTESIAN_POINT('',(-5.365731918,234.370567688,129.12));
#7637=CARTESIAN_POINT('',(-5.261662166,234.358918061,129.12));
#7638=CARTESIAN_POINT('',(-5.157633361,234.347273018,129.099178141));
#7639=CARTESIAN_POINT('',(-4.965337533,234.325747315,129.019029111));
#7640=CARTESIAN_POINT('',(-4.87714617,234.315875124,128.959733474));
#7641=CARTESIAN_POINT('',(-4.729969315,234.299400064,128.811637376));
#7642=CARTESIAN_POINT('',(-4.671041731,234.292803677,128.722895184));
#7643=CARTESIAN_POINT('',(-4.591390191,234.283887439,128.529398307));
#7644=CARTESIAN_POINT('',(-4.570697575,234.281571096,128.424719755));
#7645=CARTESIAN_POINT('',(-4.570697575,234.281571096,128.32));
#7646=B_SPLINE_SURFACE_WITH_KNOTS('',3,3,((#7446,#7447,#7448,#7449,#7450,#7451,#7452,#7453,#7454,#7455),(#7456,#7457,#7458,#7459,#7460,#7461,#7462,#7463,#7464,#7465),(#7466,#7467,#7468,#7469,#7470,#7471,#7472,#7473,#7474,#7475),(#7476,#7477,#7478,#7479,#7480,#7481,#7482,#7483,#7484,#7485),(#7486,#7487,#7488,#7489,#7490,#7491,#7492,#7493,#7494,#7495),(#7496,#7497,#7498,#7499,#7500,#7501,#7502,#7503,#7504,#7505),(#7506,#7507,#7508,#7509,#7510,#7511,#7512,#7513,#7514,#7515),(#7516,#7517,#7518,#7519,#7520,#7521,#7522,#7523,#7524,#7525),(#7526,#7527,#7528,#7529,#7530,#7531,#7532,#7533,#7534,#7535),(#7536,#7537,#7538,#7539,#7540,#7541,#7542,#7543,#7544,#7545),(#7546,#7547,#7548,#7549,#7550,#7551,#7552,#7553,#7554,#7555),(#7556,#7557,#7558,#7559,#7560,#7561,#7562,#7563,#7564,#7565),(#7566,#7567,#7568,#7569,#7570,#7571,#7572,#7573,#7574,#7575),(#7576,#7577,#7578,#7579,#7580,#7581,#7582,#7583,#7584,#7585),(#7586,#7587,#7588,#7589,#7590,#7591,#7592,#7593,#7594,#7595),(#7596,#7597,#7598,#7599,#7600,#7601,#7602,#7603,#7604,#7605),(#7606,#7607,#7608,#7609,#7610,#7611,#7612,#7613,#7614,#7615),(#7616,#7617,#7618,#7619,#7620,#7621,#7622,#7623,#7624,#7625),(#7626,#7627,#7628,#7629,#7630,#7631,#7632,#7633,#7634,#7635),(#7636,#7637,#7638,#7639,#7640,#7641,#7642,#7643,#7644,#7645)),.UNSPECIFIED.,.F.,.F.,.U.,(4,2,2,2,2,2,2,2,2,4),(4,2,2,2,4),(0.,0.000844345,0.001688691,0.002533036,0.003377381,0.003799554,0.004221727,0.005066072,0.005910418,0.006754763),(0.,0.25,0.5,0.75,1.),.UNSPECIFIED.);
#7647=ORIENTED_EDGE('',*,*,#7440,.T.);
#7648=ORIENTED_EDGE('',*,*,#3758,.F.);
#7649=CARTESIAN_POINT('',(-1.238063718,239.289731094,129.12));
#7650=CARTESIAN_POINT('',(-1.208519552,239.189265332,129.12));
#7651=CARTESIAN_POINT('',(-1.178987011,239.088839099,129.099178141));
#7652=CARTESIAN_POINT('',(-1.151691761,238.996020837,129.059103626));
#7653=CARTESIAN_POINT('',(-1.124396512,238.903202576,129.019029111));
#7654=CARTESIAN_POINT('',(-1.099360032,238.818065326,128.959733474));
#7655=CARTESIAN_POINT('',(-1.078469152,238.747025304,128.885685425));
#7656=CARTESIAN_POINT('',(-1.057578273,238.675985282,128.811637376));
#7657=CARTESIAN_POINT('',(-1.040849432,238.619098391,128.722895184));
#7658=CARTESIAN_POINT('',(-1.029543369,238.580651808,128.626146746));
#7659=CARTESIAN_POINT('',(-1.018237307,238.542205225,128.529398307));
#7660=CARTESIAN_POINT('',(-1.012362919,238.522229206,128.424719755));
#7661=CARTESIAN_POINT('',(-1.012362919,238.522229206,128.32));
#7662=B_SPLINE_CURVE_WITH_KNOTS('',3,(#7649,#7650,#7651,#7652,#7653,#7654,#7655,#7656,#7657,#7658,#7659,#7660,#7661),.UNSPECIFIED.,.F.,.F.,(4,3,3,3,4),(90.,112.5,135.,157.5,180.),.UNSPECIFIED.);
#7663=EDGE_CURVE('',#1507,#3724,#7662,.T.);
#7664=ORIENTED_EDGE('',*,*,#7663,.F.);
#7665=ORIENTED_EDGE('',*,*,#6620,.F.);
#7666=EDGE_LOOP('',(#7647,#7648,#7664,#7665));
#7667=FACE_BOUND('',#7666,.T.);
#7668=ADVANCED_FACE('',(#7667),#7646,.T.);
#7669=CARTESIAN_POINT('',(0.39826707,233.725342399,128.32));
#7670=DIRECTION('',(0.,0.,1.));
#7671=DIRECTION('',(0.,-1.,0.));
#7672=AXIS2_PLACEMENT_3D('',#7669,#7670,#7671);
#7673=TOROIDAL_SURFACE('',#7672,5.8,0.8);
#7674=ORIENTED_EDGE('',*,*,#7663,.T.);
#7675=ORIENTED_EDGE('',*,*,#3730,.F.);
#7676=CARTESIAN_POINT('',(0.39826707,239.525342399,129.12));
#7677=VERTEX_POINT('',#7676);
#7678=CARTESIAN_POINT('',(0.39826707,239.525342399,128.32));
#7679=DIRECTION('',(1.,0.,0.));
#7680=DIRECTION('',(0.,0.,-1.));
#7681=AXIS2_PLACEMENT_3D('',#7678,#7679,#7680);
#7682=CIRCLE('',#7681,0.8);
#7683=EDGE_CURVE('',#7677,#2828,#7682,.T.);
#7684=ORIENTED_EDGE('',*,*,#7683,.F.);
#7685=CARTESIAN_POINT('',(0.39826707,233.725342399,129.12));
#7686=DIRECTION('',(-0.,-0.,-1.));
#7687=DIRECTION('',(1.,0.,-0.));
#7688=AXIS2_PLACEMENT_3D('',#7685,#7686,#7687);
#7689=CIRCLE('',#7688,5.8);
#7690=EDGE_CURVE('',#1509,#7677,#7689,.T.);
#7691=ORIENTED_EDGE('',*,*,#7690,.F.);
#7692=ORIENTED_EDGE('',*,*,#1515,.F.);
#7693=EDGE_LOOP('',(#7674,#7675,#7684,#7691,#7692));
#7694=FACE_BOUND('',#7693,.T.);
#7695=ADVANCED_FACE('',(#7694),#7673,.T.);
#7696=CARTESIAN_POINT('',(-15.175645468,239.525342399,128.32));
#7697=DIRECTION('',(1.,0.,0.));
#7698=DIRECTION('',(0.,0.,-1.));
#7699=AXIS2_PLACEMENT_3D('',#7696,#7697,#7698);
#7700=CYLINDRICAL_SURFACE('',#7699,0.8);
#7701=ORIENTED_EDGE('',*,*,#7683,.T.);
#7702=ORIENTED_EDGE('',*,*,#2833,.F.);
#7703=CARTESIAN_POINT('',(12.169823065,239.525342399,128.32));
#7704=DIRECTION('',(1.,-0.,-0.));
#7705=DIRECTION('',(0.,0.,1.));
#7706=AXIS2_PLACEMENT_3D('',#7703,#7704,#7705);
#7707=CIRCLE('',#7706,0.8);
#7708=EDGE_CURVE('',#386,#2818,#7707,.T.);
#7709=ORIENTED_EDGE('',*,*,#7708,.F.);
#7710=ORIENTED_EDGE('',*,*,#391,.F.);
#7711=CARTESIAN_POINT('',(0.39826707,239.525342399,129.12));
#7712=DIRECTION('',(1.,0.,-0.));
#7713=VECTOR('',#7712,1.227016951);
#7714=LINE('',#7711,#7713);
#7715=EDGE_CURVE('',#7677,#377,#7714,.T.);
#7716=ORIENTED_EDGE('',*,*,#7715,.F.);
#7717=EDGE_LOOP('',(#7701,#7702,#7709,#7710,#7716));
#7718=FACE_BOUND('',#7717,.T.);
#7719=ADVANCED_FACE('',(#7718),#7700,.T.);
#7720=CARTESIAN_POINT('',(12.169823065,239.725342399,128.32));
#7721=DIRECTION('',(0.,0.,1.));
#7722=DIRECTION('',(0.,-1.,0.));
#7723=AXIS2_PLACEMENT_3D('',#7720,#7721,#7722);
#7724=DEGENERATE_TOROIDAL_SURFACE('',#7723,0.2,0.8,.T.);
#7725=ORIENTED_EDGE('',*,*,#7708,.T.);
#7726=ORIENTED_EDGE('',*,*,#5911,.F.);
#7727=CARTESIAN_POINT('',(12.322134472,239.59572282,128.32));
#7728=DIRECTION('',(0.648097896,0.761557035,-0.));
#7729=DIRECTION('',(0.761557035,-0.648097896,0.));
#7730=AXIS2_PLACEMENT_3D('',#7727,#7728,#7729);
#7731=CIRCLE('',#7730,0.8);
#7732=EDGE_CURVE('',#394,#2331,#7731,.T.);
#7733=ORIENTED_EDGE('',*,*,#7732,.F.);
#7734=ORIENTED_EDGE('',*,*,#400,.F.);
#7735=EDGE_LOOP('',(#7725,#7726,#7733,#7734));
#7736=FACE_BOUND('',#7735,.T.);
#7737=ADVANCED_FACE('',(#7736),#7724,.T.);
#7738=CARTESIAN_POINT('',(-0.015089493,250.094908733,128.32));
#7739=DIRECTION('',(0.,0.,1.));
#7740=DIRECTION('',(0.,-1.,0.));
#7741=AXIS2_PLACEMENT_3D('',#7738,#7739,#7740);
#7742=TOROIDAL_SURFACE('',#7741,16.2,0.8);
#7743=ORIENTED_EDGE('',*,*,#2337,.F.);
#7744=CARTESIAN_POINT('',(16.13125686,244.77555732,128.32));
#7745=CARTESIAN_POINT('',(16.13125686,244.77555732,128.371900174));
#7746=CARTESIAN_POINT('',(16.127639829,244.7805572,128.422693228));
#7747=CARTESIAN_POINT('',(16.12064862,244.790221259,128.472453496));
#7748=CARTESIAN_POINT('',(16.113657411,244.799885318,128.522213763));
#7749=CARTESIAN_POINT('',(16.103100201,244.814478718,128.571358978));
#7750=CARTESIAN_POINT('',(16.089770675,244.832904334,128.617306405));
#7751=CARTESIAN_POINT('',(16.063111622,244.869755567,128.70920126));
#7752=CARTESIAN_POINT('',(16.024805775,244.922706348,128.791200191));
#7753=CARTESIAN_POINT('',(15.979248181,244.985681335,128.859661064));
#7754=B_SPLINE_CURVE_WITH_KNOTS('',3,(#7744,#7745,#7746,#7747,#7748,#7749,#7750,#7751,#7752,#7753),.UNSPECIFIED.,.F.,.F.,(4,3,3,4),(0.,0.000153254,0.000306507,0.000613015),.UNSPECIFIED.);
#7755=EDGE_CURVE('',#2323,#6806,#7754,.T.);
#7756=ORIENTED_EDGE('',*,*,#7755,.T.);
#7757=ORIENTED_EDGE('',*,*,#6818,.F.);
#7758=ORIENTED_EDGE('',*,*,#407,.F.);
#7759=ORIENTED_EDGE('',*,*,#7732,.T.);
#7760=EDGE_LOOP('',(#7743,#7756,#7757,#7758,#7759));
#7761=FACE_BOUND('',#7760,.T.);
#7762=ADVANCED_FACE('',(#7761),#7742,.T.);
#7763=CARTESIAN_POINT('',(5.636201771,260.678342066,128.32));
#7764=DIRECTION('',(-1.,0.,0.));
#7765=DIRECTION('',(0.,0.,1.));
#7766=AXIS2_PLACEMENT_3D('',#7763,#7764,#7765);
#7767=CYLINDRICAL_SURFACE('',#7766,0.8);
#7768=ORIENTED_EDGE('',*,*,#7072,.F.);
#7769=ORIENTED_EDGE('',*,*,#1877,.F.);
#7770=CARTESIAN_POINT('',(12.158008397,260.678342066,128.32));
#7771=DIRECTION('',(1.,-0.,0.));
#7772=DIRECTION('',(0.,1.,0.));
#7773=AXIS2_PLACEMENT_3D('',#7770,#7771,#7772);
#7774=CIRCLE('',#7773,0.8);
#7775=EDGE_CURVE('',#2912,#1863,#7774,.T.);
#7776=ORIENTED_EDGE('',*,*,#7775,.F.);
#7777=ORIENTED_EDGE('',*,*,#2917,.F.);
#7778=EDGE_LOOP('',(#7768,#7769,#7776,#7777));
#7779=FACE_BOUND('',#7778,.T.);
#7780=ADVANCED_FACE('',(#7779),#7767,.T.);
#7781=CARTESIAN_POINT('',(-0.015089493,250.094908733,128.32));
#7782=DIRECTION('',(0.,0.,1.));
#7783=DIRECTION('',(0.,-1.,0.));
#7784=AXIS2_PLACEMENT_3D('',#7781,#7782,#7783);
#7785=TOROIDAL_SURFACE('',#7784,16.2,0.8);
#7786=ORIENTED_EDGE('',*,*,#6763,.F.);
#7787=CARTESIAN_POINT('',(15.974987053,255.21786625,128.859524184));
#7788=CARTESIAN_POINT('',(15.9977472,255.24935589,128.825274936));
#7789=CARTESIAN_POINT('',(16.018460585,255.278013748,128.788122085));
#7790=CARTESIAN_POINT('',(16.036962623,255.303612112,128.747832143));
#7791=CARTESIAN_POINT('',(16.055464661,255.329210476,128.707542202));
#7792=CARTESIAN_POINT('',(16.071914636,255.351969723,128.663518403));
#7793=CARTESIAN_POINT('',(16.08526013,255.370433787,128.617511914));
#7794=CARTESIAN_POINT('',(16.098605625,255.388897852,128.571505425));
#7795=CARTESIAN_POINT('',(16.108919024,255.403166883,128.523646297));
#7796=CARTESIAN_POINT('',(16.115980325,255.412936495,128.473800104));
#7797=CARTESIAN_POINT('',(16.123041625,255.422706108,128.423953912));
#7798=CARTESIAN_POINT('',(16.126769047,255.427863156,128.37195374));
#7799=CARTESIAN_POINT('',(16.126769047,255.427863156,128.32));
#7800=B_SPLINE_CURVE_WITH_KNOTS('',3,(#7787,#7788,#7789,#7790,#7791,#7792,#7793,#7794,#7795,#7796,#7797,#7798,#7799),.UNSPECIFIED.,.F.,.F.,(4,3,3,3,4),(0.,0.000153521,0.000307042,0.000460564,0.000614085),.UNSPECIFIED.);
#7801=EDGE_CURVE('',#6745,#2213,#7800,.T.);
#7802=ORIENTED_EDGE('',*,*,#7801,.T.);
#7803=ORIENTED_EDGE('',*,*,#2219,.F.);
#7804=CARTESIAN_POINT('',(12.310172121,260.608134983,128.32));
#7805=DIRECTION('',(-0.648964583,0.760818618,-0.));
#7806=DIRECTION('',(0.760818618,0.648964583,0.));
#7807=AXIS2_PLACEMENT_3D('',#7804,#7805,#7806);
#7808=CIRCLE('',#7807,0.8);
#7809=EDGE_CURVE('',#1854,#2205,#7808,.T.);
#7810=ORIENTED_EDGE('',*,*,#7809,.F.);
#7811=ORIENTED_EDGE('',*,*,#1860,.F.);
#7812=EDGE_LOOP('',(#7786,#7802,#7803,#7810,#7811));
#7813=FACE_BOUND('',#7812,.T.);
#7814=ADVANCED_FACE('',(#7813),#7785,.T.);
#7815=CARTESIAN_POINT('',(12.158008397,260.478342066,128.32));
#7816=DIRECTION('',(0.,0.,1.));
#7817=DIRECTION('',(0.,-1.,0.));
#7818=AXIS2_PLACEMENT_3D('',#7815,#7816,#7817);
#7819=DEGENERATE_TOROIDAL_SURFACE('',#7818,0.2,0.8,.T.);
#7820=ORIENTED_EDGE('',*,*,#7775,.T.);
#7821=ORIENTED_EDGE('',*,*,#1869,.F.);
#7822=ORIENTED_EDGE('',*,*,#7809,.T.);
#7823=ORIENTED_EDGE('',*,*,#4620,.F.);
#7824=EDGE_LOOP('',(#7820,#7821,#7822,#7823));
#7825=FACE_BOUND('',#7824,.T.);
#7826=ADVANCED_FACE('',(#7825),#7819,.T.);
#7827=CARTESIAN_POINT('',(15.444159884,245.725342399,129.17));
#7828=DIRECTION('',(-0.810216954,-0.586130095,0.));
#7829=DIRECTION('',(0.,0.,-1.));
#7830=AXIS2_PLACEMENT_3D('',#7827,#7828,#7829);
#7831=PLANE('',#7830);
#7832=ORIENTED_EDGE('',*,*,#7755,.F.);
#7833=ORIENTED_EDGE('',*,*,#2328,.F.);
#7834=CARTESIAN_POINT('',(15.444159884,245.725342399,113.12));
#7835=DIRECTION('',(0.586130095,-0.810216954,0.));
#7836=VECTOR('',#7835,1.172260189);
#7837=LINE('',#7834,#7836);
#7838=EDGE_CURVE('',#3492,#2281,#7837,.T.);
#7839=ORIENTED_EDGE('',*,*,#7838,.F.);
#7840=ORIENTED_EDGE('',*,*,#3497,.F.);
#7841=ORIENTED_EDGE('',*,*,#6824,.F.);
#7842=EDGE_LOOP('',(#7832,#7833,#7839,#7840,#7841));
#7843=FACE_BOUND('',#7842,.T.);
#7844=ADVANCED_FACE('',(#7843),#7831,.F.);
#7845=CARTESIAN_POINT('',(15.444088245,245.725441428,113.12));
#7846=CARTESIAN_POINT('',(15.444088248,245.725441428,112.275540599));
#7847=CARTESIAN_POINT('',(15.530977896,246.099666356,111.473407984));
#7848=CARTESIAN_POINT('',(15.744966436,247.231678373,110.404416912));
#7849=CARTESIAN_POINT('',(15.86267279,247.987280124,110.120102048));
#7850=CARTESIAN_POINT('',(15.926082863,248.725351324,110.120104264));
#7851=CARTESIAN_POINT('',(15.444159884,245.725342399,113.12));
#7852=CARTESIAN_POINT('',(15.444159887,245.725342399,112.275520154));
#7853=CARTESIAN_POINT('',(15.531055451,246.099570472,111.473364728));
#7854=CARTESIAN_POINT('',(15.745058979,247.231610156,110.40433251));
#7855=CARTESIAN_POINT('',(15.862773846,247.987238313,110.12));
#7856=CARTESIAN_POINT('',(15.926186744,248.725342399,110.12));
#7857=CARTESIAN_POINT('',(16.131256859,244.775557319,113.12));
#7858=CARTESIAN_POINT('',(16.131256864,244.775557333,112.079430893));
#7859=CARTESIAN_POINT('',(16.274886452,245.179945832,111.058494361));
#7860=CARTESIAN_POINT('',(16.632640304,246.577342926,109.594829535));
#7861=CARTESIAN_POINT('',(16.83200581,247.586231428,109.141257413));
#7862=CARTESIAN_POINT('',(16.922516508,248.639744503,109.12));
#7863=CARTESIAN_POINT('',(16.132894837,244.773293117,113.12));
#7864=CARTESIAN_POINT('',(16.132894842,244.773293131,112.078963434));
#7865=CARTESIAN_POINT('',(16.276659679,245.17775353,111.057505347));
#7866=CARTESIAN_POINT('',(16.634756219,246.575783212,109.592899753));
#7867=CARTESIAN_POINT('',(16.834316372,247.585275464,109.138924179));
#7868=CARTESIAN_POINT('',(16.924891669,248.639540446,109.11761609));
#7869=B_SPLINE_SURFACE_WITH_KNOTS('',1,3,((#7845,#7846,#7847,#7848,#7849,#7850),(#7851,#7852,#7853,#7854,#7855,#7856),(#7857,#7858,#7859,#7860,#7861,#7862),(#7863,#7864,#7865,#7866,#7867,#7868)),.UNSPECIFIED.,.F.,.F.,.U.,(2,1,1,2),(4,2,4),(-0.000104264,0.,1.,1.00238391),(0.,0.488262541,0.976525083),.UNSPECIFIED.);
#7870=ORIENTED_EDGE('',*,*,#7838,.T.);
#7871=ORIENTED_EDGE('',*,*,#2320,.F.);
#7872=CARTESIAN_POINT('',(15.926186744,248.725342399,110.12));
#7873=CARTESIAN_POINT('',(16.258296665,248.696809767,109.786666667));
#7874=CARTESIAN_POINT('',(16.590406586,248.668277135,109.453333333));
#7875=CARTESIAN_POINT('',(16.922516507,248.639744503,109.12));
#7876=B_SPLINE_CURVE_WITH_KNOTS('',3,(#7872,#7873,#7874,#7875),.UNSPECIFIED.,.F.,.F.,(4,4),(0.,1.414213562),.UNSPECIFIED.);
#7877=EDGE_CURVE('',#3443,#2272,#7876,.T.);
#7878=ORIENTED_EDGE('',*,*,#7877,.F.);
#7879=ORIENTED_EDGE('',*,*,#5642,.F.);
#7880=EDGE_LOOP('',(#7870,#7871,#7878,#7879));
#7881=FACE_BOUND('',#7880,.T.);
#7882=ADVANCED_FACE('',(#7881),#7869,.T.);
#7883=CARTESIAN_POINT('',(16.126769047,255.427863156,129.17));
#7884=DIRECTION('',(-0.810463818,0.585788699,0.));
#7885=DIRECTION('',(0.,0.,-1.));
#7886=AXIS2_PLACEMENT_3D('',#7883,#7884,#7885);
#7887=PLANE('',#7886);
#7888=ORIENTED_EDGE('',*,*,#6750,.F.);
#7889=ORIENTED_EDGE('',*,*,#3415,.F.);
#7890=CARTESIAN_POINT('',(16.126769047,255.427863156,113.12));
#7891=DIRECTION('',(-0.585788699,-0.810463818,0.));
#7892=VECTOR('',#7891,1.171577397);
#7893=LINE('',#7890,#7892);
#7894=EDGE_CURVE('',#2222,#3402,#7893,.T.);
#7895=ORIENTED_EDGE('',*,*,#7894,.F.);
#7896=ORIENTED_EDGE('',*,*,#2227,.F.);
#7897=ORIENTED_EDGE('',*,*,#7801,.F.);
#7898=EDGE_LOOP('',(#7888,#7889,#7895,#7896,#7897));
#7899=FACE_BOUND('',#7898,.T.);
#7900=ADVANCED_FACE('',(#7899),#7887,.F.);
#7901=CARTESIAN_POINT('',(-0.015089493,250.094908733,110.12));
#7902=DIRECTION('',(0.,0.,-1.));
#7903=DIRECTION('',(-1.,0.,0.));
#7904=AXIS2_PLACEMENT_3D('',#7901,#7902,#7903);
#7905=CONICAL_SURFACE('',#7904,16.,44.999999949);
#7906=ORIENTED_EDGE('',*,*,#7877,.T.);
#7907=ORIENTED_EDGE('',*,*,#2278,.F.);
#7908=CARTESIAN_POINT('',(15.924989309,251.478342066,110.12));
#7909=DIRECTION('',(0.704458613,0.061139693,-0.707106781));
#7910=VECTOR('',#7909,1.414213562);
#7911=LINE('',#7908,#7910);
#7912=EDGE_CURVE('',#3451,#2230,#7911,.T.);
#7913=ORIENTED_EDGE('',*,*,#7912,.F.);
#7914=ORIENTED_EDGE('',*,*,#3457,.F.);
#7915=EDGE_LOOP('',(#7906,#7907,#7913,#7914));
#7916=FACE_BOUND('',#7915,.T.);
#7917=ADVANCED_FACE('',(#7916),#7905,.T.);
#7918=CARTESIAN_POINT('',(16.128217596,255.429867285,113.12));
#7919=CARTESIAN_POINT('',(16.1282176,255.429867272,112.075559132));
#7920=CARTESIAN_POINT('',(16.27114675,255.029970985,111.062632665));
#7921=CARTESIAN_POINT('',(16.632463836,253.624381733,109.589325876));
#7922=CARTESIAN_POINT('',(16.831457787,252.623747322,109.13950159));
#7923=CARTESIAN_POINT('',(16.923347003,251.564989148,109.117889327));
#7924=CARTESIAN_POINT('',(16.126769047,255.427863156,113.12));
#7925=CARTESIAN_POINT('',(16.126769051,255.427863143,112.075974637));
#7926=CARTESIAN_POINT('',(16.269579329,255.028028331,111.063504961));
#7927=CARTESIAN_POINT('',(16.630590757,253.623001225,109.591036033));
#7928=CARTESIAN_POINT('',(16.829412988,252.622896888,109.141566743));
#7929=CARTESIAN_POINT('',(16.921244234,251.564806649,109.12));
#7930=CARTESIAN_POINT('',(15.440472248,254.478342066,113.12));
#7931=CARTESIAN_POINT('',(15.440472251,254.478342066,112.272833416));
#7932=CARTESIAN_POINT('',(15.52696287,254.107633102,111.476783283));
#7933=CARTESIAN_POINT('',(15.743158903,252.968941117,110.401278425));
#7934=CARTESIAN_POINT('',(15.860623146,252.219976429,110.12));
#7935=CARTESIAN_POINT('',(15.924989309,251.478342066,110.12));
#7936=CARTESIAN_POINT('',(15.440419052,254.478268467,113.12));
#7937=CARTESIAN_POINT('',(15.440419055,254.478268467,112.272848675));
#7938=CARTESIAN_POINT('',(15.526905309,254.107561761,111.476815317));
#7939=CARTESIAN_POINT('',(15.743090117,252.96889042,110.401341229));
#7940=CARTESIAN_POINT('',(15.860548053,252.219945198,110.12007584));
#7941=CARTESIAN_POINT('',(15.924912088,251.478335364,110.120077512));
#7942=B_SPLINE_SURFACE_WITH_KNOTS('',1,3,((#7918,#7919,#7920,#7921,#7922,#7923),(#7924,#7925,#7926,#7927,#7928,#7929),(#7930,#7931,#7932,#7933,#7934,#7935),(#7936,#7937,#7938,#7939,#7940,#7941)),.UNSPECIFIED.,.F.,.F.,.U.,(2,1,1,2),(4,2,4),(-0.002110673,0.,1.,1.000077512),(-0.,0.463130927,0.926261854),.UNSPECIFIED.);
#7943=ORIENTED_EDGE('',*,*,#7894,.T.);
#7944=ORIENTED_EDGE('',*,*,#5564,.F.);
#7945=ORIENTED_EDGE('',*,*,#7912,.T.);
#7946=ORIENTED_EDGE('',*,*,#2269,.F.);
#7947=EDGE_LOOP('',(#7943,#7944,#7945,#7946));
#7948=FACE_BOUND('',#7947,.T.);
#7949=ADVANCED_FACE('',(#7948),#7942,.T.);
#7950=CARTESIAN_POINT('',(-16.775645468,250.050337993,111.931153864));
#7951=DIRECTION('',(-1.,0.,0.));
#7952=DIRECTION('',(0.,0.,1.));
#7953=AXIS2_PLACEMENT_3D('',#7950,#7951,#7952);
#7954=CONICAL_SURFACE('',#7953,1.75,45.);
#7955=CARTESIAN_POINT('',(-17.175645468,250.050337993,114.081153864));
#7956=DIRECTION('',(0.707106781,-0.,-0.707106781));
#7957=VECTOR('',#7956,0.565685425);
#7958=LINE('',#7955,#7957);
#7959=EDGE_CURVE('',#1990,#1776,#7958,.T.);
#7960=ORIENTED_EDGE('',*,*,#7959,.F.);
#7961=ORIENTED_EDGE('',*,*,#1996,.F.);
#7962=ORIENTED_EDGE('',*,*,#2003,.F.);
#7963=ORIENTED_EDGE('',*,*,#7959,.T.);
#7964=ORIENTED_EDGE('',*,*,#1799,.F.);
#7965=ORIENTED_EDGE('',*,*,#1792,.F.);
#7966=EDGE_LOOP('',(#7960,#7961,#7962,#7963,#7964,#7965));
#7967=FACE_BOUND('',#7966,.T.);
#7968=ADVANCED_FACE('',(#7967),#7954,.F.);
#7969=CARTESIAN_POINT('',(-16.775645468,250.050337993,123.631153864));
#7970=DIRECTION('',(-1.,0.,0.));
#7971=DIRECTION('',(0.,0.,1.));
#7972=AXIS2_PLACEMENT_3D('',#7969,#7970,#7971);
#7973=CONICAL_SURFACE('',#7972,1.75,45.);
#7974=CARTESIAN_POINT('',(-17.175645468,250.050337993,125.781153864));
#7975=DIRECTION('',(0.707106781,-0.,-0.707106781));
#7976=VECTOR('',#7975,0.565685425);
#7977=LINE('',#7974,#7976);
#7978=EDGE_CURVE('',#2010,#1937,#7977,.T.);
#7979=ORIENTED_EDGE('',*,*,#7978,.F.);
#7980=ORIENTED_EDGE('',*,*,#2016,.F.);
#7981=ORIENTED_EDGE('',*,*,#2023,.F.);
#7982=ORIENTED_EDGE('',*,*,#7978,.T.);
#7983=ORIENTED_EDGE('',*,*,#1960,.F.);
#7984=ORIENTED_EDGE('',*,*,#1953,.F.);
#7985=EDGE_LOOP('',(#7979,#7980,#7981,#7982,#7983,#7984));
#7986=FACE_BOUND('',#7985,.T.);
#7987=ADVANCED_FACE('',(#7986),#7973,.F.);
#7988=CARTESIAN_POINT('',(-15.375645468,250.050337993,123.631153864));
#7989=DIRECTION('',(1.,0.,0.));
#7990=DIRECTION('',(0.,0.,-1.));
#7991=AXIS2_PLACEMENT_3D('',#7988,#7989,#7990);
#7992=CONICAL_SURFACE('',#7991,1.75,45.);
#7993=CARTESIAN_POINT('',(-14.975645468,250.050337993,121.481153864));
#7994=DIRECTION('',(-0.707106781,-0.,0.707106781));
#7995=VECTOR('',#7994,0.565685425);
#7996=LINE('',#7993,#7995);
#7997=EDGE_CURVE('',#3372,#1964,#7996,.T.);
#7998=ORIENTED_EDGE('',*,*,#7997,.F.);
#7999=ORIENTED_EDGE('',*,*,#3378,.F.);
#8000=ORIENTED_EDGE('',*,*,#7997,.T.);
#8001=ORIENTED_EDGE('',*,*,#1970,.F.);
#8002=ORIENTED_EDGE('',*,*,#1977,.F.);
#8003=EDGE_LOOP('',(#7998,#7999,#8000,#8001,#8002));
#8004=FACE_BOUND('',#8003,.T.);
#8005=ADVANCED_FACE('',(#8004),#7992,.F.);
#8006=CARTESIAN_POINT('',(-15.375645468,250.050337993,111.931153864));
#8007=DIRECTION('',(1.,0.,0.));
#8008=DIRECTION('',(0.,0.,-1.));
#8009=AXIS2_PLACEMENT_3D('',#8006,#8007,#8008);
#8010=CONICAL_SURFACE('',#8009,1.75,45.);
#8011=CARTESIAN_POINT('',(-14.975645468,250.050337993,109.781153864));
#8012=DIRECTION('',(-0.707106781,-0.,0.707106781));
#8013=VECTOR('',#8012,0.565685425);
#8014=LINE('',#8011,#8013);
#8015=EDGE_CURVE('',#2950,#1803,#8014,.T.);
#8016=ORIENTED_EDGE('',*,*,#8015,.F.);
#8017=ORIENTED_EDGE('',*,*,#2956,.F.);
#8018=ORIENTED_EDGE('',*,*,#8015,.T.);
#8019=ORIENTED_EDGE('',*,*,#1809,.F.);
#8020=ORIENTED_EDGE('',*,*,#1816,.F.);
#8021=EDGE_LOOP('',(#8016,#8017,#8018,#8019,#8020));
#8022=FACE_BOUND('',#8021,.T.);
#8023=ADVANCED_FACE('',(#8022),#8010,.F.);
#8024=CARTESIAN_POINT('',(-16.28193606,226.028313667,112.12));
#8025=DIRECTION('',(0.454519478,0.54167522,0.707106781));
#8026=DIRECTION('',(0.766044443,-0.64278761,0.));
#8027=AXIS2_PLACEMENT_3D('',#8024,#8025,#8026);
#8028=PLANE('',#8027);
#8029=CARTESIAN_POINT('',(-16.502805312,228.125369689,110.655533906));
#8030=VERTEX_POINT('',#8029);
#8031=CARTESIAN_POINT('',(-16.502805312,228.125369689,110.655533906));
#8032=DIRECTION('',(0.454519478,0.54167522,-0.707106781));
#8033=VECTOR('',#8032,16.313708499);
#8034=LINE('',#8031,#8033);
#8035=EDGE_CURVE('',#8030,#231,#8034,.T.);
#8036=ORIENTED_EDGE('',*,*,#8035,.T.);
#8037=ORIENTED_EDGE('',*,*,#236,.F.);
#8038=CARTESIAN_POINT('',(-12.646296608,224.889374656,110.655533906));
#8039=VERTEX_POINT('',#8038);
#8040=CARTESIAN_POINT('',(-5.231398339,233.7261063,99.12));
#8041=DIRECTION('',(-0.454519478,-0.54167522,0.707106781));
#8042=VECTOR('',#8041,16.313708499);
#8043=LINE('',#8040,#8042);
#8044=EDGE_CURVE('',#223,#8039,#8043,.T.);
#8045=ORIENTED_EDGE('',*,*,#8044,.T.);
#8046=CARTESIAN_POINT('',(-12.646296608,224.889374656,110.655533906));
#8047=DIRECTION('',(-0.766044443,0.64278761,-0.));
#8048=VECTOR('',#8047,5.034314576);
#8049=LINE('',#8046,#8048);
#8050=EDGE_CURVE('',#8039,#8030,#8049,.T.);
#8051=ORIENTED_EDGE('',*,*,#8050,.T.);
#8052=EDGE_LOOP('',(#8036,#8037,#8045,#8051));
#8053=FACE_BOUND('',#8052,.T.);
#8054=ADVANCED_FACE('',(#8053),#8028,.F.);
#8055=CARTESIAN_POINT('',(-20.853365227,229.927990247,112.12));
#8056=DIRECTION('',(-0.454519478,-0.54167522,-0.707106781));
#8057=DIRECTION('',(-0.766044443,0.64278761,0.));
#8058=AXIS2_PLACEMENT_3D('',#8055,#8056,#8057);
#8059=PLANE('',#8058);
#8060=ORIENTED_EDGE('',*,*,#186,.F.);
#8061=CARTESIAN_POINT('',(-18.686353461,230.021376186,110.655533906));
#8062=VERTEX_POINT('',#8061);
#8063=CARTESIAN_POINT('',(-11.271455192,238.858107831,99.12));
#8064=DIRECTION('',(-0.454519478,-0.54167522,0.707106781));
#8065=VECTOR('',#8064,16.313708499);
#8066=LINE('',#8063,#8065);
#8067=EDGE_CURVE('',#173,#8062,#8066,.T.);
#8068=ORIENTED_EDGE('',*,*,#8067,.T.);
#8069=CARTESIAN_POINT('',(-22.669784565,233.363871758,110.655533906));
#8070=VERTEX_POINT('',#8069);
#8071=CARTESIAN_POINT('',(-18.686353461,230.021376186,110.655533906));
#8072=DIRECTION('',(-0.766044443,0.64278761,0.));
#8073=VECTOR('',#8072,5.2);
#8074=LINE('',#8071,#8073);
#8075=EDGE_CURVE('',#8062,#8070,#8074,.T.);
#8076=ORIENTED_EDGE('',*,*,#8075,.T.);
#8077=CARTESIAN_POINT('',(-22.669784565,233.363871758,110.655533906));
#8078=DIRECTION('',(0.454519478,0.54167522,-0.707106781));
#8079=VECTOR('',#8078,16.313708499);
#8080=LINE('',#8077,#8079);
#8081=EDGE_CURVE('',#8070,#181,#8080,.T.);
#8082=ORIENTED_EDGE('',*,*,#8081,.T.);
#8083=EDGE_LOOP('',(#8060,#8068,#8076,#8082));
#8084=FACE_BOUND('',#8083,.T.);
#8085=ADVANCED_FACE('',(#8084),#8059,.T.);
#8086=CARTESIAN_POINT('',(-13.067998011,229.858535881,114.191067812));
#8087=DIRECTION('',(0.766044443,-0.64278761,0.));
#8088=DIRECTION('',(0.64278761,0.766044443,0.));
#8089=AXIS2_PLACEMENT_3D('',#8086,#8087,#8088);
#8090=CYLINDRICAL_SURFACE('',#8089,5.);
#8091=ORIENTED_EDGE('',*,*,#3656,.F.);
#8092=CARTESIAN_POINT('',(-14.230207923,230.833745791,114.191067812));
#8093=DIRECTION('',(0.766044443,-0.64278761,0.));
#8094=DIRECTION('',(0.64278761,0.766044443,0.));
#8095=AXIS2_PLACEMENT_3D('',#8092,#8093,#8094);
#8096=CIRCLE('',#8095,5.);
#8097=EDGE_CURVE('',#3643,#8030,#8096,.T.);
#8098=ORIENTED_EDGE('',*,*,#8097,.T.);
#8099=ORIENTED_EDGE('',*,*,#8050,.F.);
#8100=CARTESIAN_POINT('',(-10.373699218,227.597750757,114.191067812));
#8101=DIRECTION('',(-0.766044443,0.64278761,0.));
#8102=DIRECTION('',(-0.64278761,-0.766044443,0.));
#8103=AXIS2_PLACEMENT_3D('',#8100,#8101,#8102);
#8104=CIRCLE('',#8103,5.);
#8105=EDGE_CURVE('',#8039,#3651,#8104,.T.);
#8106=ORIENTED_EDGE('',*,*,#8105,.T.);
#8107=EDGE_LOOP('',(#8091,#8098,#8099,#8106));
#8108=FACE_BOUND('',#8107,.T.);
#8109=ADVANCED_FACE('',(#8108),#8090,.T.);
#8110=CARTESIAN_POINT('',(-17.639427178,233.758212461,114.191067812));
#8111=DIRECTION('',(0.766044443,-0.64278761,0.));
#8112=DIRECTION('',(0.64278761,0.766044443,0.));
#8113=AXIS2_PLACEMENT_3D('',#8110,#8111,#8112);
#8114=CYLINDRICAL_SURFACE('',#8113,5.);
#8115=ORIENTED_EDGE('',*,*,#8075,.F.);
#8116=CARTESIAN_POINT('',(-16.413756072,232.729752288,114.191067812));
#8117=DIRECTION('',(-0.766044443,0.64278761,0.));
#8118=DIRECTION('',(-0.64278761,-0.766044443,0.));
#8119=AXIS2_PLACEMENT_3D('',#8116,#8117,#8118);
#8120=CIRCLE('',#8119,5.);
#8121=EDGE_CURVE('',#8062,#3516,#8120,.T.);
#8122=ORIENTED_EDGE('',*,*,#8121,.T.);
#8123=ORIENTED_EDGE('',*,*,#3521,.F.);
#8124=CARTESIAN_POINT('',(-20.397187175,236.07224786,114.191067812));
#8125=DIRECTION('',(0.766044443,-0.64278761,-0.));
#8126=DIRECTION('',(-0.64278761,-0.766044443,0.));
#8127=AXIS2_PLACEMENT_3D('',#8124,#8125,#8126);
#8128=CIRCLE('',#8127,5.);
#8129=EDGE_CURVE('',#3514,#8070,#8128,.T.);
#8130=ORIENTED_EDGE('',*,*,#8129,.T.);
#8131=EDGE_LOOP('',(#8115,#8122,#8123,#8130));
#8132=FACE_BOUND('',#8131,.T.);
#8133=ADVANCED_FACE('',(#8132),#8114,.T.);
#8134=CARTESIAN_POINT('',(-23.897589178,240.754906257,122.711371046));
#8135=DIRECTION('',(0.766044443,-0.64278761,0.));
#8136=DIRECTION('',(0.64278761,0.766044443,0.));
#8137=AXIS2_PLACEMENT_3D('',#8134,#8135,#8136);
#8138=CYLINDRICAL_SURFACE('',#8137,1.75);
#8139=CARTESIAN_POINT('',(-8.294470889,229.946798205,122.711371046));
#8140=VERTEX_POINT('',#8139);
#8141=CARTESIAN_POINT('',(-12.277901993,233.289293777,122.711371046));
#8142=VERTEX_POINT('',#8141);
#8143=CARTESIAN_POINT('',(-8.294470889,229.946798205,122.711371046));
#8144=DIRECTION('',(-0.766044443,0.64278761,-0.));
#8145=VECTOR('',#8144,5.200000001);
#8146=LINE('',#8143,#8145);
#8147=EDGE_CURVE('',#8140,#8142,#8146,.T.);
#8148=ORIENTED_EDGE('',*,*,#8147,.F.);
#8149=CARTESIAN_POINT('',(-10.544227524,227.265642655,122.711371046));
#8150=VERTEX_POINT('',#8149);
#8151=CARTESIAN_POINT('',(-9.419349207,228.60622043,122.711371046));
#8152=DIRECTION('',(0.766044443,-0.64278761,-0.));
#8153=DIRECTION('',(-0.64278761,-0.766044443,0.));
#8154=AXIS2_PLACEMENT_3D('',#8151,#8152,#8153);
#8155=CIRCLE('',#8154,1.75);
#8156=EDGE_CURVE('',#8140,#8150,#8155,.T.);
#8157=ORIENTED_EDGE('',*,*,#8156,.T.);
#8158=CARTESIAN_POINT('',(-9.419349207,228.60622043,122.711371046));
#8159=DIRECTION('',(0.766044443,-0.64278761,-0.));
#8160=DIRECTION('',(-0.64278761,-0.766044443,0.));
#8161=AXIS2_PLACEMENT_3D('',#8158,#8159,#8160);
#8162=CIRCLE('',#8161,1.75);
#8163=EDGE_CURVE('',#8150,#8140,#8162,.T.);
#8164=ORIENTED_EDGE('',*,*,#8163,.T.);
#8165=ORIENTED_EDGE('',*,*,#8147,.T.);
#8166=CARTESIAN_POINT('',(-14.527658628,230.608138227,122.711371046));
#8167=VERTEX_POINT('',#8166);
#8168=CARTESIAN_POINT('',(-13.40278031,231.948716002,122.711371046));
#8169=DIRECTION('',(-0.766044443,0.64278761,-0.));
#8170=DIRECTION('',(0.64278761,0.766044443,0.));
#8171=AXIS2_PLACEMENT_3D('',#8168,#8169,#8170);
#8172=CIRCLE('',#8171,1.75);
#8173=EDGE_CURVE('',#8142,#8167,#8172,.T.);
#8174=ORIENTED_EDGE('',*,*,#8173,.T.);
#8175=CARTESIAN_POINT('',(-14.252598945,230.935941591,123.857929497));
#8176=VERTEX_POINT('',#8175);
#8177=CARTESIAN_POINT('',(-13.40278031,231.948716002,122.711371046));
#8178=DIRECTION('',(-0.766044443,0.64278761,-0.));
#8179=DIRECTION('',(0.64278761,0.766044443,0.));
#8180=AXIS2_PLACEMENT_3D('',#8177,#8178,#8179);
#8181=CIRCLE('',#8180,1.75);
#8182=EDGE_CURVE('',#8167,#8176,#8181,.T.);
#8183=ORIENTED_EDGE('',*,*,#8182,.T.);
#8184=CARTESIAN_POINT('',(-12.552961675,232.961490412,123.857929497));
#8185=VERTEX_POINT('',#8184);
#8186=CARTESIAN_POINT('',(-14.252598945,230.935941591,123.857929497));
#8187=CARTESIAN_POINT('',(-14.182622184,231.03386067,123.996289205));
#8188=CARTESIAN_POINT('',(-14.066503176,231.177478982,124.168104381));
#8189=CARTESIAN_POINT('',(-13.885123816,231.389580595,124.297975651));
#8190=CARTESIAN_POINT('',(-13.873787606,231.402836946,124.306092606));
#8191=CARTESIAN_POINT('',(-13.852097773,231.428206195,124.320870707));
#8192=CARTESIAN_POINT('',(-13.83603802,231.446996269,124.330986229));
#8193=CARTESIAN_POINT('',(-13.819978267,231.465786342,124.341101752));
#8194=CARTESIAN_POINT('',(-13.804236014,231.484209672,124.350358659));
#8195=CARTESIAN_POINT('',(-13.788850382,231.502219637,124.358844069));
#8196=CARTESIAN_POINT('',(-13.758079118,231.538239567,124.375814889));
#8197=CARTESIAN_POINT('',(-13.7287399,231.572599407,124.389702784));
#8198=CARTESIAN_POINT('',(-13.701071956,231.605014055,124.401178278));
#8199=CARTESIAN_POINT('',(-13.645736067,231.669843353,124.424129267));
#8200=CARTESIAN_POINT('',(-13.597142258,231.726823974,124.437511664));
#8201=CARTESIAN_POINT('',(-13.556305353,231.774746497,124.445930961));
#8202=CARTESIAN_POINT('',(-13.474631543,231.870591544,124.462769557));
#8203=CARTESIAN_POINT('',(-13.42413734,231.930023067,124.461371157));
#8204=CARTESIAN_POINT('',(-13.406104114,231.95151399,124.461371046));
#8205=CARTESIAN_POINT('',(-13.388070888,231.973004912,124.461370936));
#8206=CARTESIAN_POINT('',(-13.338201225,232.033182127,124.462758074));
#8207=CARTESIAN_POINT('',(-13.257999048,232.130253334,124.445907297));
#8208=CARTESIAN_POINT('',(-13.177796871,232.227324541,124.429056519));
#8209=CARTESIAN_POINT('',(-13.066089923,232.362686778,124.39329464));
#8210=CARTESIAN_POINT('',(-12.935906783,232.520813191,124.29798245));
#8211=CARTESIAN_POINT('',(-12.919633891,232.540578993,124.286068426));
#8212=CARTESIAN_POINT('',(-12.913945431,232.547456963,124.281565085));
#8213=CARTESIAN_POINT('',(-12.903278988,232.560349906,124.273104976));
#8214=CARTESIAN_POINT('',(-12.892612546,232.573242849,124.264644867));
#8215=CARTESIAN_POINT('',(-12.882155304,232.585850174,124.256025737));
#8216=CARTESIAN_POINT('',(-12.871905634,232.598173823,124.247272422));
#8217=CARTESIAN_POINT('',(-12.851406293,232.62282112,124.229765794));
#8218=CARTESIAN_POINT('',(-12.831737859,232.646332972,124.211723429));
#8219=CARTESIAN_POINT('',(-12.812879078,232.668734707,124.193332258));
#8220=CARTESIAN_POINT('',(-12.775161515,232.713538178,124.156549916));
#8221=CARTESIAN_POINT('',(-12.740689137,232.753893348,124.118388627));
#8222=CARTESIAN_POINT('',(-12.709190391,232.790123843,124.080150287));
#8223=CARTESIAN_POINT('',(-12.646192899,232.862584833,124.003673607));
#8224=CARTESIAN_POINT('',(-12.595108703,232.918524752,123.92712078));
#8225=CARTESIAN_POINT('',(-12.552961675,232.961490412,123.857929497));
#8226=B_SPLINE_CURVE_WITH_KNOTS('',3,(#8186,#8187,#8188,#8189,#8190,#8191,#8192,#8193,#8194,#8195,#8196,#8197,#8198,#8199,#8200,#8201,#8202,#8203,#8204,#8205,#8206,#8207,#8208,#8209,#8210,#8211,
#8212,#8213,#8214,#8215,#8216,#8217,#8218,#8219,#8220,#8221,#8222,#8223,#8224,#8225),.UNSPECIFIED.,.F.,.F.,(4,3,3,3,3,3,3,3,3,3,3,3,3,4),(0.,0.25,0.265625,0.28125,0.3125,0.375,0.5,0.625,0.75,0.765625,0.78125,0.8125,0.875,1.),.UNSPECIFIED.);
#8227=EDGE_CURVE('',#8176,#8185,#8226,.T.);
#8228=ORIENTED_EDGE('',*,*,#8227,.T.);
#8229=CARTESIAN_POINT('',(-13.40278031,231.948716002,122.711371046));
#8230=DIRECTION('',(-0.766044443,0.64278761,-0.));
#8231=DIRECTION('',(0.64278761,0.766044443,0.));
#8232=AXIS2_PLACEMENT_3D('',#8229,#8230,#8231);
#8233=CIRCLE('',#8232,1.75);
#8234=EDGE_CURVE('',#8185,#8142,#8233,.T.);
#8235=ORIENTED_EDGE('',*,*,#8234,.T.);
#8236=EDGE_LOOP('',(#8148,#8157,#8164,#8165,#8174,#8183,#8228,#8235));
#8237=FACE_BOUND('',#8236,.T.);
#8238=ADVANCED_FACE('',(#8237),#8138,.F.);
#8239=CARTESIAN_POINT('',(-13.709198088,232.205831046,122.711371046));
#8240=DIRECTION('',(-0.766044443,0.64278761,0.));
#8241=DIRECTION('',(-0.64278761,-0.766044443,0.));
#8242=AXIS2_PLACEMENT_3D('',#8239,#8240,#8241);
#8243=CONICAL_SURFACE('',#8242,2.15,44.999999999);
#8244=CARTESIAN_POINT('',(-15.091191449,230.558835494,122.711371046));
#8245=DIRECTION('',(0.996194698,0.087155742,-0.));
#8246=VECTOR('',#8245,0.565685425);
#8247=LINE('',#8244,#8246);
#8248=EDGE_CURVE('',#2752,#8167,#8247,.T.);
#8249=ORIENTED_EDGE('',*,*,#8248,.F.);
#8250=ORIENTED_EDGE('',*,*,#2758,.F.);
#8251=CARTESIAN_POINT('',(-14.252598945,230.935941591,123.857929497));
#8252=CARTESIAN_POINT('',(-14.419486291,230.944482841,123.945286331));
#8253=CARTESIAN_POINT('',(-14.586373637,230.953024091,124.032643165));
#8254=CARTESIAN_POINT('',(-14.753260983,230.961565341,124.119999999));
#8255=B_SPLINE_CURVE_WITH_KNOTS('',3,(#8251,#8252,#8253,#8254),.UNSPECIFIED.,.F.,.F.,(4,4),(0.,1.),.UNSPECIFIED.);
#8256=EDGE_CURVE('',#8176,#2744,#8255,.T.);
#8257=ORIENTED_EDGE('',*,*,#8256,.F.);
#8258=ORIENTED_EDGE('',*,*,#8182,.F.);
#8259=EDGE_LOOP('',(#8249,#8250,#8257,#8258));
#8260=FACE_BOUND('',#8259,.T.);
#8261=ADVANCED_FACE('',(#8260),#8243,.F.);
#8262=CARTESIAN_POINT('',(-14.252598945,230.935941591,123.857929497));
#8263=CARTESIAN_POINT('',(-14.160296479,231.065101221,124.040432119));
#8264=CARTESIAN_POINT('',(-14.032285662,231.217493512,124.192605241));
#8265=CARTESIAN_POINT('',(-13.73796197,231.561667678,124.403346061));
#8266=CARTESIAN_POINT('',(-13.57015849,231.756001519,124.46137205));
#8267=CARTESIAN_POINT('',(-13.242049737,232.14702646,124.461370042));
#8268=CARTESIAN_POINT('',(-13.079820397,232.346010025,124.403346934));
#8269=CARTESIAN_POINT('',(-12.791993169,232.695616356,124.192617965));
#8270=CARTESIAN_POINT('',(-12.664142663,232.848149927,124.04045139));
#8271=CARTESIAN_POINT('',(-12.552961675,232.961490412,123.857929497));
#8272=CARTESIAN_POINT('',(-14.753260982,230.961565341,124.12));
#8273=CARTESIAN_POINT('',(-14.622100925,231.11787581,124.355286306));
#8274=CARTESIAN_POINT('',(-14.44825975,231.299975579,124.540515791));
#8275=CARTESIAN_POINT('',(-14.070025569,231.707893047,124.79125722));
#8276=CARTESIAN_POINT('',(-13.863733203,231.93669644,124.857002964));
#8277=CARTESIAN_POINT('',(-13.470976653,232.404766004,124.857000656));
#8278=CARTESIAN_POINT('',(-13.281487294,232.6476359,124.791258084));
#8279=CARTESIAN_POINT('',(-12.945457619,233.09094312,124.540531105));
#8280=CARTESIAN_POINT('',(-12.796308985,233.293769913,124.355310945));
#8281=CARTESIAN_POINT('',(-12.665135193,233.45009675,124.12));
#8282=B_SPLINE_SURFACE_WITH_KNOTS('',1,3,((#8262,#8263,#8264,#8265,#8266,#8267,#8268,#8269,#8270,#8271),(#8272,#8273,#8274,#8275,#8276,#8277,#8278,#8279,#8280,#8281)),.UNSPECIFIED.,.F.,.F.,.U.,(2,2),(4,2,2,2,4),(0.,1.),(0.064051364,0.281960178,0.499868993,0.717777807,0.935686621),.UNSPECIFIED.);
#8283=ORIENTED_EDGE('',*,*,#8256,.T.);
#8284=ORIENTED_EDGE('',*,*,#6553,.F.);
#8285=CARTESIAN_POINT('',(-12.665135193,233.45009675,124.12));
#8286=CARTESIAN_POINT('',(-12.627744021,233.287227971,124.032643166));
#8287=CARTESIAN_POINT('',(-12.590352848,233.124359192,123.945286331));
#8288=CARTESIAN_POINT('',(-12.552961675,232.961490412,123.857929497));
#8289=B_SPLINE_CURVE_WITH_KNOTS('',3,(#8285,#8286,#8287,#8288),.UNSPECIFIED.,.F.,.F.,(4,4),(0.,1.),.UNSPECIFIED.);
#8290=EDGE_CURVE('',#2761,#8185,#8289,.T.);
#8291=ORIENTED_EDGE('',*,*,#8290,.T.);
#8292=ORIENTED_EDGE('',*,*,#8227,.F.);
#8293=EDGE_LOOP('',(#8283,#8284,#8291,#8292));
#8294=FACE_BOUND('',#8293,.T.);
#8295=ADVANCED_FACE('',(#8294),#8282,.T.);
#8296=CARTESIAN_POINT('',(-9.419349207,228.60622043,122.711371046));
#8297=DIRECTION('',(0.766044443,-0.64278761,0.));
#8298=DIRECTION('',(0.64278761,0.766044443,0.));
#8299=AXIS2_PLACEMENT_3D('',#8296,#8297,#8298);
#8300=CONICAL_SURFACE('',#8299,1.75,45.);
#8301=CARTESIAN_POINT('',(-7.730938068,229.996100938,122.711371046));
#8302=DIRECTION('',(-0.996194698,-0.087155742,-0.));
#8303=VECTOR('',#8302,0.565685425);
#8304=LINE('',#8301,#8303);
#8305=EDGE_CURVE('',#941,#8140,#8304,.T.);
#8306=ORIENTED_EDGE('',*,*,#8305,.F.);
#8307=ORIENTED_EDGE('',*,*,#947,.F.);
#8308=ORIENTED_EDGE('',*,*,#954,.F.);
#8309=ORIENTED_EDGE('',*,*,#8305,.T.);
#8310=ORIENTED_EDGE('',*,*,#8163,.F.);
#8311=ORIENTED_EDGE('',*,*,#8156,.F.);
#8312=EDGE_LOOP('',(#8306,#8307,#8308,#8309,#8310,#8311));
#8313=FACE_BOUND('',#8312,.T.);
#8314=ADVANCED_FACE('',(#8313),#8300,.F.);
#8315=CARTESIAN_POINT('',(-16.779949821,234.782497695,122.711371046));
#8316=DIRECTION('',(-0.766044443,0.64278761,0.));
#8317=DIRECTION('',(-0.64278761,-0.766044443,0.));
#8318=AXIS2_PLACEMENT_3D('',#8315,#8316,#8317);
#8319=CYLINDRICAL_SURFACE('',#8318,2.35);
#8320=CARTESIAN_POINT('',(-21.048260699,235.296328649,122.711371046));
#8321=VERTEX_POINT('',#8320);
#8322=CARTESIAN_POINT('',(-18.290500705,232.982293254,122.711371046));
#8323=VERTEX_POINT('',#8322);
#8324=CARTESIAN_POINT('',(-21.048260699,235.296328649,122.711371046));
#8325=DIRECTION('',(0.766044443,-0.64278761,-0.));
#8326=VECTOR('',#8325,3.6);
#8327=LINE('',#8324,#8326);
#8328=EDGE_CURVE('',#8321,#8323,#8327,.T.);
#8329=ORIENTED_EDGE('',*,*,#8328,.F.);
#8330=CARTESIAN_POINT('',(-19.537709816,237.09653309,122.711371046));
#8331=DIRECTION('',(-0.766044443,0.64278761,0.));
#8332=DIRECTION('',(-0.64278761,-0.766044443,0.));
#8333=AXIS2_PLACEMENT_3D('',#8330,#8331,#8332);
#8334=CIRCLE('',#8333,2.35);
#8335=EDGE_CURVE('',#8321,#8321,#8334,.T.);
#8336=ORIENTED_EDGE('',*,*,#8335,.T.);
#8337=ORIENTED_EDGE('',*,*,#8328,.T.);
#8338=CARTESIAN_POINT('',(-16.779949821,234.782497695,122.711371046));
#8339=DIRECTION('',(-0.766044443,0.64278761,0.));
#8340=DIRECTION('',(-0.64278761,-0.766044443,0.));
#8341=AXIS2_PLACEMENT_3D('',#8338,#8339,#8340);
#8342=CIRCLE('',#8341,2.35);
#8343=EDGE_CURVE('',#8323,#8323,#8342,.T.);
#8344=ORIENTED_EDGE('',*,*,#8343,.F.);
#8345=EDGE_LOOP('',(#8329,#8336,#8337,#8344));
#8346=FACE_BOUND('',#8345,.T.);
#8347=ADVANCED_FACE('',(#8346),#8319,.F.);
#8348=CARTESIAN_POINT('',(-8.883586064,244.193017565,99.12));
#8349=DIRECTION('',(-0.766044443,0.64278761,0.));
#8350=DIRECTION('',(0.,0.,1.));
#8351=AXIS2_PLACEMENT_3D('',#8348,#8349,#8350);
#8352=PLANE('',#8351);
#8353=CARTESIAN_POINT('',(-18.161943183,233.135502142,122.711371046));
#8354=VERTEX_POINT('',#8353);
#8355=CARTESIAN_POINT('',(-16.779949821,234.782497695,122.711371046));
#8356=DIRECTION('',(0.766044443,-0.64278761,-0.));
#8357=DIRECTION('',(-0.64278761,-0.766044443,0.));
#8358=AXIS2_PLACEMENT_3D('',#8355,#8356,#8357);
#8359=CIRCLE('',#8358,2.15);
#8360=EDGE_CURVE('',#8354,#8354,#8359,.T.);
#8361=ORIENTED_EDGE('',*,*,#8360,.T.);
#8362=EDGE_LOOP('',(#8361));
#8363=FACE_BOUND('',#8362,.T.);
#8364=ORIENTED_EDGE('',*,*,#8343,.T.);
#8365=EDGE_LOOP('',(#8364));
#8366=FACE_BOUND('',#8365,.T.);
#8367=ADVANCED_FACE('',(#8363,#8366),#8352,.T.);
#8368=CARTESIAN_POINT('',(-15.247860935,233.496922474,122.711371046));
#8369=DIRECTION('',(0.766044443,-0.64278761,0.));
#8370=DIRECTION('',(0.64278761,0.766044443,0.));
#8371=AXIS2_PLACEMENT_3D('',#8368,#8369,#8370);
#8372=CONICAL_SURFACE('',#8371,2.15,44.999999999);
#8373=CARTESIAN_POINT('',(-13.865867574,235.143918027,122.711371046));
#8374=DIRECTION('',(-0.996194698,-0.087155742,-0.));
#8375=VECTOR('',#8374,0.565685425);
#8376=LINE('',#8373,#8375);
#8377=EDGE_CURVE('',#899,#760,#8376,.T.);
#8378=ORIENTED_EDGE('',*,*,#8377,.F.);
#8379=ORIENTED_EDGE('',*,*,#905,.F.);
#8380=CARTESIAN_POINT('',(-14.704460077,234.766811929,123.857929497));
#8381=CARTESIAN_POINT('',(-14.537572732,234.758270679,123.945286331));
#8382=CARTESIAN_POINT('',(-14.370685386,234.749729429,124.032643166));
#8383=CARTESIAN_POINT('',(-14.203798041,234.741188179,124.12));
#8384=B_SPLINE_CURVE_WITH_KNOTS('',3,(#8380,#8381,#8382,#8383),.UNSPECIFIED.,.F.,.F.,(4,4),(0.,1.),.UNSPECIFIED.);
#8385=EDGE_CURVE('',#770,#891,#8384,.T.);
#8386=ORIENTED_EDGE('',*,*,#8385,.F.);
#8387=ORIENTED_EDGE('',*,*,#776,.F.);
#8388=EDGE_LOOP('',(#8378,#8379,#8386,#8387));
#8389=FACE_BOUND('',#8388,.T.);
#8390=ADVANCED_FACE('',(#8389),#8372,.F.);
#8391=CARTESIAN_POINT('',(-14.704460077,234.766811929,123.857929497));
#8392=CARTESIAN_POINT('',(-14.796762543,234.637652301,124.040432117));
#8393=CARTESIAN_POINT('',(-14.924773384,234.485259982,124.192605261));
#8394=CARTESIAN_POINT('',(-15.219097057,234.141085836,124.403346061));
#8395=CARTESIAN_POINT('',(-15.386900532,233.946752001,124.461372051));
#8396=CARTESIAN_POINT('',(-15.71500929,233.555727054,124.461370042));
#8397=CARTESIAN_POINT('',(-15.877238619,233.356743503,124.403346939));
#8398=CARTESIAN_POINT('',(-16.165065855,233.007137162,124.192617965));
#8399=CARTESIAN_POINT('',(-16.29291636,232.854603592,124.040451388));
#8400=CARTESIAN_POINT('',(-16.404097347,232.741263108,123.857929497));
#8401=CARTESIAN_POINT('',(-14.203798041,234.741188179,124.12));
#8402=CARTESIAN_POINT('',(-14.334958096,234.584877711,124.355286304));
#8403=CARTESIAN_POINT('',(-14.508799303,234.402777909,124.540515816));
#8404=CARTESIAN_POINT('',(-14.887033459,233.994860467,124.791257219));
#8405=CARTESIAN_POINT('',(-15.093325819,233.76605708,124.857002964));
#8406=CARTESIAN_POINT('',(-15.486082375,233.297987509,124.857000656));
#8407=CARTESIAN_POINT('',(-15.675571721,233.05511763,124.791258089));
#8408=CARTESIAN_POINT('',(-16.011601405,232.611810398,124.540531105));
#8409=CARTESIAN_POINT('',(-16.160750039,232.408983606,124.355310942));
#8410=CARTESIAN_POINT('',(-16.291923829,232.25265677,124.12));
#8411=B_SPLINE_SURFACE_WITH_KNOTS('',1,3,((#8391,#8392,#8393,#8394,#8395,#8396,#8397,#8398,#8399,#8400),(#8401,#8402,#8403,#8404,#8405,#8406,#8407,#8408,#8409,#8410)),.UNSPECIFIED.,.F.,.F.,.U.,(2,2),(4,2,2,2,4),(0.,1.),(0.064051368,0.28196018,0.499868991,0.717777803,0.935686615),.UNSPECIFIED.);
#8412=ORIENTED_EDGE('',*,*,#8385,.T.);
#8413=ORIENTED_EDGE('',*,*,#6498,.F.);
#8414=CARTESIAN_POINT('',(-16.291923829,232.25265677,124.12));
#8415=CARTESIAN_POINT('',(-16.329315002,232.415525549,124.032643166));
#8416=CARTESIAN_POINT('',(-16.366706175,232.578394329,123.945286331));
#8417=CARTESIAN_POINT('',(-16.404097347,232.741263108,123.857929497));
#8418=B_SPLINE_CURVE_WITH_KNOTS('',3,(#8414,#8415,#8416,#8417),.UNSPECIFIED.,.F.,.F.,(4,4),(0.,1.),.UNSPECIFIED.);
#8419=EDGE_CURVE('',#908,#779,#8418,.T.);
#8420=ORIENTED_EDGE('',*,*,#8419,.T.);
#8421=ORIENTED_EDGE('',*,*,#821,.F.);
#8422=EDGE_LOOP('',(#8412,#8413,#8420,#8421));
#8423=FACE_BOUND('',#8422,.T.);
#8424=ADVANCED_FACE('',(#8423),#8411,.T.);
#8425=CARTESIAN_POINT('',(-11.050488375,246.588920196,128.315235393));
#8426=DIRECTION('',(-0.64278761,-0.766044443,0.));
#8427=DIRECTION('',(0.766044443,-0.64278761,0.));
#8428=AXIS2_PLACEMENT_3D('',#8425,#8426,#8427);
#8429=CYLINDRICAL_SURFACE('',#8428,0.8);
#8430=ORIENTED_EDGE('',*,*,#3599,.F.);
#8431=CARTESIAN_POINT('',(-23.047592404,232.291328378,128.315235393));
#8432=DIRECTION('',(0.64278761,0.766044443,-0.));
#8433=DIRECTION('',(0.766044443,-0.64278761,0.));
#8434=AXIS2_PLACEMENT_3D('',#8431,#8432,#8433);
#8435=CIRCLE('',#8434,0.8);
#8436=EDGE_CURVE('',#3586,#6475,#8435,.T.);
#8437=ORIENTED_EDGE('',*,*,#8436,.T.);
#8438=ORIENTED_EDGE('',*,*,#6480,.F.);
#8439=CARTESIAN_POINT('',(-15.335423426,242.72691252,128.315235393));
#8440=CARTESIAN_POINT('',(-15.335423426,242.72691252,128.368591121));
#8441=CARTESIAN_POINT('',(-15.332912436,242.721685033,128.42093638));
#8442=CARTESIAN_POINT('',(-15.32800992,242.711517372,128.472325303));
#8443=CARTESIAN_POINT('',(-15.323107404,242.70134971,128.523714226));
#8444=CARTESIAN_POINT('',(-15.315676022,242.685959305,128.574679221));
#8445=CARTESIAN_POINT('',(-15.306104595,242.666257635,128.622709868));
#8446=CARTESIAN_POINT('',(-15.286961741,242.626854295,128.718771163));
#8447=CARTESIAN_POINT('',(-15.258776601,242.569222325,128.805785725));
#8448=CARTESIAN_POINT('',(-15.224308751,242.500196787,128.877433722));
#8449=CARTESIAN_POINT('',(-15.189840901,242.431171248,128.949081719));
#8450=CARTESIAN_POINT('',(-15.148542276,242.34971,129.006596896));
#8451=CARTESIAN_POINT('',(-15.103648107,242.263216775,129.04651501));
#8452=CARTESIAN_POINT('',(-15.058753939,242.17672355,129.086433123));
#8453=CARTESIAN_POINT('',(-15.009583072,242.083886273,129.109609769));
#8454=CARTESIAN_POINT('',(-14.958863537,241.990365729,129.114327848));
#8455=B_SPLINE_CURVE_WITH_KNOTS('',3,(#8439,#8440,#8441,#8442,#8443,#8444,#8445,#8446,#8447,#8448,#8449,#8450,#8451,#8452,#8453,#8454),.UNSPECIFIED.,.F.,.F.,(4,3,3,3,3,4),(0.,0.000157691,0.000315383,0.000630765,0.000946148,0.001261531),.UNSPECIFIED.);
#8456=EDGE_CURVE('',#3594,#6466,#8455,.T.);
#8457=ORIENTED_EDGE('',*,*,#8456,.F.);
#8458=EDGE_LOOP('',(#8430,#8437,#8438,#8457));
#8459=FACE_BOUND('',#8458,.T.);
#8460=ADVANCED_FACE('',(#8459),#8429,.T.);
#8461=CARTESIAN_POINT('',(-2.998796751,235.855659923,96.536421356));
#8462=DIRECTION('',(-0.220281415,0.837541699,0.5));
#8463=DIRECTION('',(0.454519478,0.54167522,-0.707106781));
#8464=AXIS2_PLACEMENT_3D('',#8461,#8462,#8463);
#8465=PLANE('',#8464);
#8466=ORIENTED_EDGE('',*,*,#228,.F.);
#8467=CARTESIAN_POINT('',(-4.578276132,233.718788079,99.42));
#8468=CARTESIAN_POINT('',(-4.496633612,233.800109823,99.319747956));
#8469=CARTESIAN_POINT('',(-4.414644612,233.881376879,99.219740165));
#8470=CARTESIAN_POINT('',(-4.332275979,233.962584014,99.12));
#8471=B_SPLINE_CURVE_WITH_KNOTS('',3,(#8467,#8468,#8469,#8470),.UNSPECIFIED.,.F.,.F.,(4,4),(0.,0.000458194),.UNSPECIFIED.);
#8472=EDGE_CURVE('',#2546,#214,#8471,.T.);
#8473=ORIENTED_EDGE('',*,*,#8472,.F.);
#8474=ORIENTED_EDGE('',*,*,#2552,.F.);
#8475=ORIENTED_EDGE('',*,*,#1016,.F.);
#8476=CARTESIAN_POINT('',(-12.646296608,224.889374656,110.655533906));
#8477=DIRECTION('',(0.863069025,-0.071497256,0.5));
#8478=VECTOR('',#8477,0.682842712);
#8479=LINE('',#8476,#8478);
#8480=EDGE_CURVE('',#8039,#1004,#8479,.T.);
#8481=ORIENTED_EDGE('',*,*,#8480,.F.);
#8482=ORIENTED_EDGE('',*,*,#8044,.F.);
#8483=EDGE_LOOP('',(#8466,#8473,#8474,#8475,#8481,#8482));
#8484=FACE_BOUND('',#8483,.T.);
#8485=ADVANCED_FACE('',(#8484),#8465,.F.);
#8486=CARTESIAN_POINT('',(-10.112155286,227.378289339,114.191067812));
#8487=DIRECTION('',(-0.766044443,0.64278761,0.));
#8488=DIRECTION('',(-0.64278761,-0.766044443,0.));
#8489=AXIS2_PLACEMENT_3D('',#8486,#8487,#8488);
#8490=CONICAL_SURFACE('',#8489,4.658578644,45.);
#8491=ORIENTED_EDGE('',*,*,#8480,.T.);
#8492=ORIENTED_EDGE('',*,*,#1010,.F.);
#8493=CARTESIAN_POINT('',(-13.587637268,223.767528542,114.191067812));
#8494=DIRECTION('',(0.996194698,0.087155742,-0.));
#8495=VECTOR('',#8494,0.682842712);
#8496=LINE('',#8493,#8495);
#8497=EDGE_CURVE('',#3651,#996,#8496,.T.);
#8498=ORIENTED_EDGE('',*,*,#8497,.F.);
#8499=ORIENTED_EDGE('',*,*,#8105,.F.);
#8500=EDGE_LOOP('',(#8491,#8492,#8498,#8499));
#8501=FACE_BOUND('',#8500,.T.);
#8502=ADVANCED_FACE('',(#8501),#8490,.T.);
#8503=CARTESIAN_POINT('',(-13.106631918,223.809611058,99.12));
#8504=DIRECTION('',(-0.087155742,0.996194698,0.));
#8505=DIRECTION('',(0.,0.,-1.));
#8506=AXIS2_PLACEMENT_3D('',#8503,#8504,#8505);
#8507=PLANE('',#8506);
#8508=ORIENTED_EDGE('',*,*,#8497,.T.);
#8509=ORIENTED_EDGE('',*,*,#1001,.F.);
#8510=CARTESIAN_POINT('',(-13.587637268,223.767528542,128.12));
#8511=DIRECTION('',(0.996194698,0.087155742,0.));
#8512=VECTOR('',#8511,0.682842712);
#8513=LINE('',#8510,#8512);
#8514=EDGE_CURVE('',#3659,#988,#8513,.T.);
#8515=ORIENTED_EDGE('',*,*,#8514,.F.);
#8516=ORIENTED_EDGE('',*,*,#3664,.F.);
#8517=EDGE_LOOP('',(#8508,#8509,#8515,#8516));
#8518=FACE_BOUND('',#8517,.T.);
#8519=ADVANCED_FACE('',(#8518),#8507,.F.);
#8520=CARTESIAN_POINT('',(-13.892898839,224.208285883,128.12));
#8521=DIRECTION('',(0.64278761,0.766044443,0.));
#8522=DIRECTION('',(-0.766044443,0.64278761,0.));
#8523=AXIS2_PLACEMENT_3D('',#8520,#8521,#8522);
#8524=CONICAL_SURFACE('',#8523,0.658578644,45.);
#8525=ORIENTED_EDGE('',*,*,#8514,.T.);
#8526=ORIENTED_EDGE('',*,*,#6669,.F.);
#8527=CARTESIAN_POINT('',(-13.983803716,224.099951663,128.637157288));
#8528=DIRECTION('',(0.454519324,0.541675349,0.707106781));
#8529=VECTOR('',#8528,0.682842712);
#8530=LINE('',#8527,#8529);
#8531=EDGE_CURVE('',#3632,#6557,#8530,.T.);
#8532=ORIENTED_EDGE('',*,*,#8531,.F.);
#8533=ORIENTED_EDGE('',*,*,#3671,.F.);
#8534=EDGE_LOOP('',(#8525,#8526,#8532,#8533));
#8535=FACE_BOUND('',#8534,.T.);
#8536=ADVANCED_FACE('',(#8535),#8524,.T.);
#8537=CARTESIAN_POINT('',(-13.764341317,224.361494772,124.12));
#8538=DIRECTION('',(0.64278761,0.766044443,0.));
#8539=DIRECTION('',(-0.766044443,0.64278761,0.));
#8540=AXIS2_PLACEMENT_3D('',#8537,#8538,#8539);
#8541=CONICAL_SURFACE('',#8540,4.858578644,45.);
#8542=ORIENTED_EDGE('',*,*,#8531,.T.);
#8543=ORIENTED_EDGE('',*,*,#6563,.F.);
#8544=CARTESIAN_POINT('',(-17.444145973,227.003523576,124.12));
#8545=DIRECTION('',(-0.087155742,0.996194698,-0.));
#8546=VECTOR('',#8545,0.682842712);
#8547=LINE('',#8544,#8546);
#8548=EDGE_CURVE('',#3634,#2736,#8547,.T.);
#8549=ORIENTED_EDGE('',*,*,#8548,.F.);
#8550=ORIENTED_EDGE('',*,*,#3640,.F.);
#8551=EDGE_LOOP('',(#8542,#8543,#8549,#8550));
#8552=FACE_BOUND('',#8551,.T.);
#8553=ADVANCED_FACE('',(#8552),#8541,.T.);
#8554=CARTESIAN_POINT('',(-17.486228488,227.484528926,94.12));
#8555=DIRECTION('',(0.996194698,0.087155742,0.));
#8556=DIRECTION('',(0.,0.,1.));
#8557=AXIS2_PLACEMENT_3D('',#8554,#8555,#8556);
#8558=PLANE('',#8557);
#8559=ORIENTED_EDGE('',*,*,#8548,.T.);
#8560=ORIENTED_EDGE('',*,*,#2741,.F.);
#8561=CARTESIAN_POINT('',(-17.444145973,227.003523576,114.191067812));
#8562=DIRECTION('',(-0.087155742,0.996194698,-0.));
#8563=VECTOR('',#8562,0.682842712);
#8564=LINE('',#8561,#8563);
#8565=EDGE_CURVE('',#3643,#2727,#8564,.T.);
#8566=ORIENTED_EDGE('',*,*,#8565,.F.);
#8567=ORIENTED_EDGE('',*,*,#3648,.F.);
#8568=EDGE_LOOP('',(#8559,#8560,#8566,#8567));
#8569=FACE_BOUND('',#8568,.T.);
#8570=ADVANCED_FACE('',(#8569),#8558,.F.);
#8571=CARTESIAN_POINT('',(-14.491751856,231.053207208,114.191067812));
#8572=DIRECTION('',(0.766044443,-0.64278761,0.));
#8573=DIRECTION('',(0.64278761,0.766044443,0.));
#8574=AXIS2_PLACEMENT_3D('',#8571,#8572,#8573);
#8575=CONICAL_SURFACE('',#8574,4.658578644,45.);
#8576=ORIENTED_EDGE('',*,*,#8565,.T.);
#8577=ORIENTED_EDGE('',*,*,#2733,.F.);
#8578=CARTESIAN_POINT('',(-16.502805312,228.125369689,110.655533906));
#8579=DIRECTION('',(-0.220281415,0.837541699,0.5));
#8580=VECTOR('',#8579,0.682842712);
#8581=LINE('',#8578,#8580);
#8582=EDGE_CURVE('',#8030,#2719,#8581,.T.);
#8583=ORIENTED_EDGE('',*,*,#8582,.F.);
#8584=ORIENTED_EDGE('',*,*,#8097,.F.);
#8585=EDGE_LOOP('',(#8576,#8577,#8583,#8584));
#8586=FACE_BOUND('',#8585,.T.);
#8587=ADVANCED_FACE('',(#8586),#8575,.T.);
#8588=CARTESIAN_POINT('',(-5.773928328,241.44270471,94.040316937));
#8589=DIRECTION('',(0.863069025,-0.071497256,0.5));
#8590=DIRECTION('',(-0.454519478,-0.54167522,0.707106781));
#8591=AXIS2_PLACEMENT_3D('',#8588,#8589,#8590);
#8592=PLANE('',#8591);
#8593=ORIENTED_EDGE('',*,*,#244,.F.);
#8594=ORIENTED_EDGE('',*,*,#8035,.F.);
#8595=ORIENTED_EDGE('',*,*,#8582,.T.);
#8596=ORIENTED_EDGE('',*,*,#2724,.F.);
#8597=CARTESIAN_POINT('',(-9.275978229,237.489136735,99.52));
#8598=DIRECTION('',(0.339158768,-0.651517933,-0.678598345));
#8599=VECTOR('',#8598,0.589450303);
#8600=LINE('',#8597,#8599);
#8601=EDGE_CURVE('',#2711,#239,#8600,.T.);
#8602=ORIENTED_EDGE('',*,*,#8601,.T.);
#8603=EDGE_LOOP('',(#8593,#8594,#8595,#8596,#8602));
#8604=FACE_BOUND('',#8603,.T.);
#8605=ADVANCED_FACE('',(#8604),#8592,.F.);
#8606=CARTESIAN_POINT('',(-7.369706935,242.885740801,99.52));
#8607=DIRECTION('',(-0.54167522,0.454519478,0.707106781));
#8608=DIRECTION('',(0.64278761,0.766044443,-0.));
#8609=AXIS2_PLACEMENT_3D('',#8606,#8607,#8608);
#8610=PLANE('',#8609);
#8611=ORIENTED_EDGE('',*,*,#880,.F.);
#8612=CARTESIAN_POINT('',(-10.858536877,238.727915186,99.52));
#8613=DIRECTION('',(-0.700514213,0.220871283,-0.678598345));
#8614=VECTOR('',#8613,0.589450303);
#8615=LINE('',#8612,#8614);
#8616=EDGE_CURVE('',#867,#173,#8615,.T.);
#8617=ORIENTED_EDGE('',*,*,#8616,.T.);
#8618=ORIENTED_EDGE('',*,*,#178,.F.);
#8619=CARTESIAN_POINT('',(-8.554613017,241.473624722,99.52));
#8620=DIRECTION('',(-0.54167522,0.454519478,-0.707106781));
#8621=VECTOR('',#8620,0.565685425);
#8622=LINE('',#8619,#8621);
#8623=EDGE_CURVE('',#875,#164,#8622,.T.);
#8624=ORIENTED_EDGE('',*,*,#8623,.F.);
#8625=EDGE_LOOP('',(#8611,#8617,#8618,#8624));
#8626=FACE_BOUND('',#8625,.T.);
#8627=ADVANCED_FACE('',(#8626),#8610,.F.);
#8628=CARTESIAN_POINT('',(-12.384835232,244.687562771,99.52));
#8629=DIRECTION('',(0.,0.,1.));
#8630=DIRECTION('',(1.,0.,-0.));
#8631=AXIS2_PLACEMENT_3D('',#8628,#8629,#8630);
#8632=CONICAL_SURFACE('',#8631,5.,45.);
#8633=CARTESIAN_POINT('',(-7.745944661,243.675417697,99.268025208));
#8634=VERTEX_POINT('',#8633);
#8635=CARTESIAN_POINT('',(-7.745944661,243.675417697,99.268025208));
#8636=CARTESIAN_POINT('',(-7.786253509,243.724785351,99.218119096));
#8637=CARTESIAN_POINT('',(-7.826361882,243.774870111,99.168750383));
#8638=CARTESIAN_POINT('',(-7.866289004,243.825739129,99.12));
#8639=B_SPLINE_CURVE_WITH_KNOTS('',3,(#8635,#8636,#8637,#8638),.UNSPECIFIED.,.F.,.F.,(4,4),(0.000402321,0.00064516),.UNSPECIFIED.);
#8640=EDGE_CURVE('',#8634,#155,#8639,.T.);
#8641=ORIENTED_EDGE('',*,*,#8640,.F.);
#8642=CARTESIAN_POINT('',(-7.610969915,243.295943042,99.49261366));
#8643=VERTEX_POINT('',#8642);
#8644=CARTESIAN_POINT('',(-7.745944661,243.675417697,99.268025208));
#8645=CARTESIAN_POINT('',(-7.718100188,243.641315564,99.302499281));
#8646=CARTESIAN_POINT('',(-7.693514603,243.603661939,99.334773726));
#8647=CARTESIAN_POINT('',(-7.672852637,243.561872773,99.364580265));
#8648=CARTESIAN_POINT('',(-7.652190672,243.520083607,99.394386804));
#8649=CARTESIAN_POINT('',(-7.635382932,243.473554881,99.421949225));
#8650=CARTESIAN_POINT('',(-7.624602654,243.424349651,99.4449895));
#8651=CARTESIAN_POINT('',(-7.603042099,243.325939191,99.491070052));
#8652=CARTESIAN_POINT('',(-7.605896421,243.212972346,99.52));
#8653=CARTESIAN_POINT('',(-7.641501265,243.106176393,99.52));
#8654=B_SPLINE_CURVE_WITH_KNOTS('',3,(#8644,#8645,#8646,#8647,#8648,#8649,#8650,#8651,#8652,#8653),.UNSPECIFIED.,.F.,.F.,(4,3,3,4),(0.,0.000165765,0.000331529,0.000663059),.UNSPECIFIED.);
#8655=EDGE_CURVE('',#8634,#8643,#8654,.T.);
#8656=ORIENTED_EDGE('',*,*,#8655,.T.);
#8657=CARTESIAN_POINT('',(-7.745944661,243.675417697,99.268025208));
#8658=CARTESIAN_POINT('',(-7.718100188,243.641315564,99.302499281));
#8659=CARTESIAN_POINT('',(-7.693514603,243.603661939,99.334773726));
#8660=CARTESIAN_POINT('',(-7.672852637,243.561872773,99.364580265));
#8661=CARTESIAN_POINT('',(-7.652190672,243.520083607,99.394386804));
#8662=CARTESIAN_POINT('',(-7.635382932,243.473554881,99.421949225));
#8663=CARTESIAN_POINT('',(-7.624602654,243.424349651,99.4449895));
#8664=CARTESIAN_POINT('',(-7.603042099,243.325939191,99.491070052));
#8665=CARTESIAN_POINT('',(-7.605896421,243.212972346,99.52));
#8666=CARTESIAN_POINT('',(-7.641501265,243.106176393,99.52));
#8667=B_SPLINE_CURVE_WITH_KNOTS('',3,(#8657,#8658,#8659,#8660,#8661,#8662,#8663,#8664,#8665,#8666),.UNSPECIFIED.,.F.,.F.,(4,3,3,4),(0.,0.000165765,0.000331529,0.000663059),.UNSPECIFIED.);
#8668=EDGE_CURVE('',#8643,#6631,#8667,.T.);
#8669=ORIENTED_EDGE('',*,*,#8668,.T.);
#8670=ORIENTED_EDGE('',*,*,#6637,.F.);
#8671=ORIENTED_EDGE('',*,*,#8623,.T.);
#8672=ORIENTED_EDGE('',*,*,#170,.F.);
#8673=EDGE_LOOP('',(#8641,#8656,#8669,#8670,#8671,#8672));
#8674=FACE_BOUND('',#8673,.T.);
#8675=ADVANCED_FACE('',(#8674),#8632,.T.);
#8676=CARTESIAN_POINT('',(-3.182988707,236.971859752,99.52));
#8677=DIRECTION('',(0.,0.,1.));
#8678=DIRECTION('',(1.,0.,-0.));
#8679=AXIS2_PLACEMENT_3D('',#8676,#8677,#8678);
#8680=CONICAL_SURFACE('',#8679,5.,45.);
#8681=ORIENTED_EDGE('',*,*,#5674,.F.);
#8682=CARTESIAN_POINT('',(-5.007496423,241.344078352,99.257628509));
#8683=VERTEX_POINT('',#8682);
#8684=CARTESIAN_POINT('',(-5.59771314,241.350113503,99.52));
#8685=CARTESIAN_POINT('',(-5.496874453,241.405728746,99.52));
#8686=CARTESIAN_POINT('',(-5.3840407,241.42885588,99.490012909));
#8687=CARTESIAN_POINT('',(-5.280386884,241.424089789,99.441527346));
#8688=CARTESIAN_POINT('',(-5.176733069,241.419323697,99.393041782));
#8689=CARTESIAN_POINT('',(-5.085098027,241.38897129,99.328944034));
#8690=CARTESIAN_POINT('',(-5.007496423,241.344078352,99.257628509));
#8691=B_SPLINE_CURVE_WITH_KNOTS('',3,(#8684,#8685,#8686,#8687,#8688,#8689,#8690),.UNSPECIFIED.,.F.,.F.,(4,3,4),(0.,0.000339791,0.000679583),.UNSPECIFIED.);
#8692=EDGE_CURVE('',#5662,#8683,#8691,.T.);
#8693=ORIENTED_EDGE('',*,*,#8692,.T.);
#8694=CARTESIAN_POINT('',(-4.854570926,241.257395061,99.12));
#8695=CARTESIAN_POINT('',(-4.906134107,241.2860269,99.165411759));
#8696=CARTESIAN_POINT('',(-4.957092331,241.31491929,99.211307362));
#8697=CARTESIAN_POINT('',(-5.007496423,241.344078352,99.257628509));
#8698=B_SPLINE_CURVE_WITH_KNOTS('',3,(#8694,#8695,#8696,#8697),.UNSPECIFIED.,.F.,.F.,(4,4),(0.000000328,0.000223543),.UNSPECIFIED.);
#8699=EDGE_CURVE('',#137,#8683,#8698,.T.);
#8700=ORIENTED_EDGE('',*,*,#8699,.F.);
#8701=ORIENTED_EDGE('',*,*,#143,.F.);
#8702=CARTESIAN_POINT('',(-7.013210922,240.185797802,99.52));
#8703=DIRECTION('',(0.54167522,-0.454519478,-0.707106781));
#8704=VECTOR('',#8703,0.565685425);
#8705=LINE('',#8702,#8704);
#8706=EDGE_CURVE('',#2701,#135,#8705,.T.);
#8707=ORIENTED_EDGE('',*,*,#8706,.F.);
#8708=EDGE_LOOP('',(#8681,#8693,#8700,#8701,#8707));
#8709=FACE_BOUND('',#8708,.T.);
#8710=ADVANCED_FACE('',(#8709),#8680,.T.);
#8711=CARTESIAN_POINT('',(-5.831044087,241.594649373,99.52));
#8712=DIRECTION('',(0.54167522,-0.454519478,0.707106781));
#8713=DIRECTION('',(-0.64278761,-0.766044443,-0.));
#8714=AXIS2_PLACEMENT_3D('',#8711,#8712,#8713);
#8715=PLANE('',#8714);
#8716=ORIENTED_EDGE('',*,*,#8706,.T.);
#8717=ORIENTED_EDGE('',*,*,#250,.F.);
#8718=ORIENTED_EDGE('',*,*,#8601,.F.);
#8719=ORIENTED_EDGE('',*,*,#2716,.F.);
#8720=EDGE_LOOP('',(#8716,#8717,#8718,#8719));
#8721=FACE_BOUND('',#8720,.T.);
#8722=ADVANCED_FACE('',(#8721),#8715,.F.);
#8723=CARTESIAN_POINT('',(-13.572726163,244.827613314,96.59200739));
#8724=DIRECTION('',(0.863069025,-0.071497256,0.5));
#8725=DIRECTION('',(-0.454519478,-0.54167522,0.707106781));
#8726=AXIS2_PLACEMENT_3D('',#8723,#8724,#8725);
#8727=PLANE('',#8726);
#8728=ORIENTED_EDGE('',*,*,#194,.F.);
#8729=ORIENTED_EDGE('',*,*,#8081,.F.);
#8730=CARTESIAN_POINT('',(-22.794394551,233.837656891,110.938376618));
#8731=DIRECTION('',(0.220281415,-0.837541699,-0.5));
#8732=VECTOR('',#8731,0.565685425);
#8733=LINE('',#8730,#8732);
#8734=EDGE_CURVE('',#3575,#8070,#8733,.T.);
#8735=ORIENTED_EDGE('',*,*,#8734,.F.);
#8736=ORIENTED_EDGE('',*,*,#3621,.F.);
#8737=EDGE_LOOP('',(#8728,#8729,#8735,#8736));
#8738=FACE_BOUND('',#8737,.T.);
#8739=ADVANCED_FACE('',(#8738),#8727,.F.);
#8740=CARTESIAN_POINT('',(-20.703604953,236.329362904,114.191067812));
#8741=DIRECTION('',(0.766044443,-0.64278761,0.));
#8742=DIRECTION('',(0.64278761,0.766044443,0.));
#8743=AXIS2_PLACEMENT_3D('',#8740,#8741,#8742);
#8744=CONICAL_SURFACE('',#8743,4.6,45.);
#8745=ORIENTED_EDGE('',*,*,#8734,.T.);
#8746=ORIENTED_EDGE('',*,*,#8129,.F.);
#8747=CARTESIAN_POINT('',(-23.660427958,232.805558466,114.191067812));
#8748=DIRECTION('',(0.087155742,-0.996194698,0.));
#8749=VECTOR('',#8748,0.565685425);
#8750=LINE('',#8747,#8749);
#8751=EDGE_CURVE('',#3577,#3514,#8750,.T.);
#8752=ORIENTED_EDGE('',*,*,#8751,.F.);
#8753=ORIENTED_EDGE('',*,*,#3583,.F.);
#8754=EDGE_LOOP('',(#8745,#8746,#8752,#8753));
#8755=FACE_BOUND('',#8754,.T.);
#8756=ADVANCED_FACE('',(#8755),#8744,.T.);
#8757=CARTESIAN_POINT('',(-23.611125225,232.242025645,99.12));
#8758=DIRECTION('',(0.996194698,0.087155742,0.));
#8759=DIRECTION('',(0.,0.,-1.));
#8760=AXIS2_PLACEMENT_3D('',#8757,#8758,#8759);
#8761=PLANE('',#8760);
#8762=ORIENTED_EDGE('',*,*,#8751,.T.);
#8763=ORIENTED_EDGE('',*,*,#3553,.F.);
#8764=CARTESIAN_POINT('',(-23.660427958,232.805558466,128.315235393));
#8765=DIRECTION('',(0.087155742,-0.996194698,0.));
#8766=VECTOR('',#8765,0.565685425);
#8767=LINE('',#8764,#8766);
#8768=EDGE_CURVE('',#3586,#3541,#8767,.T.);
#8769=ORIENTED_EDGE('',*,*,#8768,.F.);
#8770=ORIENTED_EDGE('',*,*,#3591,.F.);
#8771=EDGE_LOOP('',(#8762,#8763,#8769,#8770));
#8772=FACE_BOUND('',#8771,.T.);
#8773=ADVANCED_FACE('',(#8772),#8761,.F.);
#8774=CARTESIAN_POINT('',(-23.304707448,231.984910601,128.315235393));
#8775=DIRECTION('',(0.64278761,0.766044443,0.));
#8776=DIRECTION('',(-0.766044443,0.64278761,0.));
#8777=AXIS2_PLACEMENT_3D('',#8774,#8775,#8776);
#8778=CONICAL_SURFACE('',#8777,0.4,45.);
#8779=ORIENTED_EDGE('',*,*,#8768,.T.);
#8780=ORIENTED_EDGE('',*,*,#3547,.F.);
#8781=CARTESIAN_POINT('',(-23.076775049,232.315815526,129.114327848));
#8782=DIRECTION('',(-0.42872542,-0.563319005,-0.706304618));
#8783=VECTOR('',#8782,0.565685425);
#8784=LINE('',#8781,#8783);
#8785=EDGE_CURVE('',#6475,#3532,#8784,.T.);
#8786=ORIENTED_EDGE('',*,*,#8785,.F.);
#8787=ORIENTED_EDGE('',*,*,#8436,.F.);
#8788=EDGE_LOOP('',(#8779,#8780,#8786,#8787));
#8789=FACE_BOUND('',#8788,.T.);
#8790=ADVANCED_FACE('',(#8789),#8778,.T.);
#8791=CARTESIAN_POINT('',(-22.894383515,232.162770856,124.12));
#8792=DIRECTION('',(0.64278761,0.766044443,0.));
#8793=DIRECTION('',(-0.766044443,0.64278761,0.));
#8794=AXIS2_PLACEMENT_3D('',#8791,#8792,#8793);
#8795=CONICAL_SURFACE('',#8794,5.,45.);
#8796=ORIENTED_EDGE('',*,*,#8785,.T.);
#8797=ORIENTED_EDGE('',*,*,#3538,.F.);
#8798=CARTESIAN_POINT('',(-19.0641613,228.948832806,124.12));
#8799=DIRECTION('',(-0.996194698,-0.087155742,0.));
#8800=VECTOR('',#8799,0.565685425);
#8801=LINE('',#8798,#8800);
#8802=EDGE_CURVE('',#917,#3524,#8801,.T.);
#8803=ORIENTED_EDGE('',*,*,#8802,.F.);
#8804=ORIENTED_EDGE('',*,*,#6487,.F.);
#8805=EDGE_LOOP('',(#8796,#8797,#8803,#8804));
#8806=FACE_BOUND('',#8805,.T.);
#8807=ADVANCED_FACE('',(#8806),#8795,.T.);
#8808=CARTESIAN_POINT('',(-19.0641613,228.948832806,94.12));
#8809=DIRECTION('',(0.087155742,-0.996194698,0.));
#8810=DIRECTION('',(0.,0.,1.));
#8811=AXIS2_PLACEMENT_3D('',#8808,#8809,#8810);
#8812=PLANE('',#8811);
#8813=ORIENTED_EDGE('',*,*,#8802,.T.);
#8814=ORIENTED_EDGE('',*,*,#3529,.F.);
#8815=CARTESIAN_POINT('',(-19.0641613,228.948832806,114.191067812));
#8816=DIRECTION('',(-0.996194698,-0.087155742,0.));
#8817=VECTOR('',#8816,0.565685425);
#8818=LINE('',#8815,#8817);
#8819=EDGE_CURVE('',#856,#3516,#8818,.T.);
#8820=ORIENTED_EDGE('',*,*,#8819,.F.);
#8821=ORIENTED_EDGE('',*,*,#928,.F.);
#8822=EDGE_LOOP('',(#8813,#8814,#8820,#8821));
#8823=FACE_BOUND('',#8822,.T.);
#8824=ADVANCED_FACE('',(#8823),#8812,.T.);
#8825=CARTESIAN_POINT('',(-16.107338295,232.472637244,114.191067812));
#8826=DIRECTION('',(-0.766044443,0.64278761,0.));
#8827=DIRECTION('',(-0.64278761,-0.766044443,0.));
#8828=AXIS2_PLACEMENT_3D('',#8825,#8826,#8827);
#8829=CONICAL_SURFACE('',#8828,4.6,45.);
#8830=ORIENTED_EDGE('',*,*,#8819,.T.);
#8831=ORIENTED_EDGE('',*,*,#8121,.F.);
#8832=CARTESIAN_POINT('',(-18.198127893,229.980931231,110.938376618));
#8833=DIRECTION('',(-0.863069025,0.071497256,-0.5));
#8834=VECTOR('',#8833,0.565685425);
#8835=LINE('',#8832,#8834);
#8836=EDGE_CURVE('',#858,#8062,#8835,.T.);
#8837=ORIENTED_EDGE('',*,*,#8836,.F.);
#8838=ORIENTED_EDGE('',*,*,#864,.F.);
#8839=EDGE_LOOP('',(#8830,#8831,#8837,#8838));
#8840=FACE_BOUND('',#8839,.T.);
#8841=ADVANCED_FACE('',(#8840),#8829,.T.);
#8842=CARTESIAN_POINT('',(-7.378595359,242.87514799,94.106172066));
#8843=DIRECTION('',(0.220281415,-0.837541699,-0.5));
#8844=DIRECTION('',(-0.454519478,-0.54167522,0.707106781));
#8845=AXIS2_PLACEMENT_3D('',#8842,#8843,#8844);
#8846=PLANE('',#8845);
#8847=ORIENTED_EDGE('',*,*,#8836,.T.);
#8848=ORIENTED_EDGE('',*,*,#8067,.F.);
#8849=ORIENTED_EDGE('',*,*,#8616,.F.);
#8850=ORIENTED_EDGE('',*,*,#872,.F.);
#8851=EDGE_LOOP('',(#8847,#8848,#8849,#8850));
#8852=FACE_BOUND('',#8851,.T.);
#8853=ADVANCED_FACE('',(#8852),#8846,.T.);
#8854=CARTESIAN_POINT('',(-19.537709816,237.09653309,122.711371046));
#8855=DIRECTION('',(-0.766044443,0.64278761,0.));
#8856=DIRECTION('',(-0.64278761,-0.766044443,0.));
#8857=AXIS2_PLACEMENT_3D('',#8854,#8855,#8856);
#8858=CONICAL_SURFACE('',#8857,2.35,45.);
#8859=CARTESIAN_POINT('',(-21.61179352,235.247025916,122.711371046));
#8860=DIRECTION('',(0.996194698,0.087155742,-0.));
#8861=VECTOR('',#8860,0.565685425);
#8862=LINE('',#8859,#8861);
#8863=EDGE_CURVE('',#3564,#8321,#8862,.T.);
#8864=ORIENTED_EDGE('',*,*,#8863,.F.);
#8865=ORIENTED_EDGE('',*,*,#3570,.F.);
#8866=ORIENTED_EDGE('',*,*,#8863,.T.);
#8867=ORIENTED_EDGE('',*,*,#8335,.F.);
#8868=EDGE_LOOP('',(#8864,#8865,#8866,#8867));
#8869=FACE_BOUND('',#8868,.T.);
#8870=ADVANCED_FACE('',(#8869),#8858,.F.);
#8871=CARTESIAN_POINT('',(-16.473532044,234.525382651,122.711371046));
#8872=DIRECTION('',(-0.766044443,0.64278761,0.));
#8873=DIRECTION('',(-0.64278761,-0.766044443,0.));
#8874=AXIS2_PLACEMENT_3D('',#8871,#8872,#8873);
#8875=CONICAL_SURFACE('',#8874,1.75,45.);
#8876=CARTESIAN_POINT('',(-18.161943183,233.135502142,122.711371046));
#8877=DIRECTION('',(0.996194698,0.087155742,-0.));
#8878=VECTOR('',#8877,0.565685425);
#8879=LINE('',#8876,#8878);
#8880=EDGE_CURVE('',#8354,#832,#8879,.T.);
#8881=ORIENTED_EDGE('',*,*,#8880,.F.);
#8882=ORIENTED_EDGE('',*,*,#8360,.F.);
#8883=ORIENTED_EDGE('',*,*,#8880,.T.);
#8884=ORIENTED_EDGE('',*,*,#838,.F.);
#8885=ORIENTED_EDGE('',*,*,#845,.F.);
#8886=EDGE_LOOP('',(#8881,#8882,#8883,#8884,#8885));
#8887=FACE_BOUND('',#8886,.T.);
#8888=ADVANCED_FACE('',(#8887),#8875,.F.);
#8889=CARTESIAN_POINT('',(0.,250.,142.82));
#8890=DIRECTION('',(0.,0.,-1.));
#8891=DIRECTION('',(-1.,0.,0.));
#8892=AXIS2_PLACEMENT_3D('',#8889,#8890,#8891);
#8893=CYLINDRICAL_SURFACE('',#8892,10.);
#8894=CARTESIAN_POINT('',(-10.,250.,128.52));
#8895=VERTEX_POINT('',#8894);
#8896=CARTESIAN_POINT('',(-10.,250.,126.630731905));
#8897=DIRECTION('',(-0.,-0.,1.));
#8898=VECTOR('',#8897,1.889268095);
#8899=LINE('',#8896,#8898);
#8900=EDGE_CURVE('',#2980,#8895,#8899,.T.);
#8901=ORIENTED_EDGE('',*,*,#8900,.F.);
#8902=ORIENTED_EDGE('',*,*,#3103,.F.);
#8903=ORIENTED_EDGE('',*,*,#3353,.F.);
#8904=CARTESIAN_POINT('',(-10.,250.,114.930731905));
#8905=DIRECTION('',(-0.,-0.,1.));
#8906=VECTOR('',#8905,5.700840772);
#8907=LINE('',#8904,#8906);
#8908=EDGE_CURVE('',#1037,#3106,#8907,.T.);
#8909=ORIENTED_EDGE('',*,*,#8908,.F.);
#8910=ORIENTED_EDGE('',*,*,#1160,.F.);
#8911=ORIENTED_EDGE('',*,*,#1410,.F.);
#8912=CARTESIAN_POINT('',(-10.,250.,99.12));
#8913=DIRECTION('',(-0.,-0.,1.));
#8914=VECTOR('',#8913,9.811572678);
#8915=LINE('',#8912,#8914);
#8916=EDGE_CURVE('',#146,#1163,#8915,.T.);
#8917=ORIENTED_EDGE('',*,*,#8916,.F.);
#8918=ORIENTED_EDGE('',*,*,#152,.F.);
#8919=ORIENTED_EDGE('',*,*,#8699,.T.);
#8920=CARTESIAN_POINT('',(-5.007496423,241.344078352,125.561425607));
#8921=VERTEX_POINT('',#8920);
#8922=CARTESIAN_POINT('',(-5.007496423,241.344078352,99.257628509));
#8923=DIRECTION('',(-0.,-0.,1.));
#8924=VECTOR('',#8923,26.303797098);
#8925=LINE('',#8922,#8924);
#8926=EDGE_CURVE('',#8683,#8921,#8925,.T.);
#8927=ORIENTED_EDGE('',*,*,#8926,.T.);
#8928=CARTESIAN_POINT('',(-4.948582394,241.310262818,125.878076182));
#8929=VERTEX_POINT('',#8928);
#8930=CARTESIAN_POINT('',(-5.007496423,241.344078352,125.561425607));
#8931=CARTESIAN_POINT('',(-5.007496424,241.344078353,125.616526845));
#8932=CARTESIAN_POINT('',(-5.001542945,241.340629039,125.671068157));
#8933=CARTESIAN_POINT('',(-4.991390977,241.334781242,125.723786677));
#8934=CARTESIAN_POINT('',(-4.981239008,241.328933445,125.776505197));
#8935=CARTESIAN_POINT('',(-4.966813585,241.320645014,125.827882496));
#8936=CARTESIAN_POINT('',(-4.948582394,241.310262818,125.878076182));
#8937=B_SPLINE_CURVE_WITH_KNOTS('',3,(#8930,#8931,#8932,#8933,#8934,#8935,#8936),.UNSPECIFIED.,.F.,.F.,(4,3,4),(0.,0.000162451,0.000324902),.UNSPECIFIED.);
#8938=EDGE_CURVE('',#8921,#8929,#8937,.T.);
#8939=ORIENTED_EDGE('',*,*,#8938,.T.);
#8940=CARTESIAN_POINT('',(-1.035580463,240.053765883,128.52));
#8941=VERTEX_POINT('',#8940);
#8942=CARTESIAN_POINT('',(-4.948582394,241.310262818,125.878076182));
#8943=CARTESIAN_POINT('',(-4.796840027,241.223849433,126.295849563));
#8944=CARTESIAN_POINT('',(-4.587931086,241.110010901,126.682614674));
#8945=CARTESIAN_POINT('',(-4.331380533,240.986724087,127.016820461));
#8946=CARTESIAN_POINT('',(-4.203105257,240.92508068,127.183923355));
#8947=CARTESIAN_POINT('',(-4.062608405,240.860906179,127.338918921));
#8948=CARTESIAN_POINT('',(-3.909078832,240.795701945,127.481711721));
#8949=CARTESIAN_POINT('',(-3.832314046,240.763099828,127.553108121));
#8950=CARTESIAN_POINT('',(-3.752056502,240.730164455,127.62156017));
#8951=CARTESIAN_POINT('',(-3.670012209,240.697795402,127.685672599));
#8952=CARTESIAN_POINT('',(-3.587967917,240.665426349,127.749785029));
#8953=CARTESIAN_POINT('',(-3.503802106,240.633474653,127.809927606));
#8954=CARTESIAN_POINT('',(-3.417534442,240.602103515,127.866247122));
#8955=CARTESIAN_POINT('',(-3.244999115,240.539361238,127.978886153));
#8956=CARTESIAN_POINT('',(-3.064100444,240.478952872,128.076329091));
#8957=CARTESIAN_POINT('',(-2.874831837,240.422143146,128.159417134));
#8958=CARTESIAN_POINT('',(-2.685563229,240.365333421,128.242505177));
#8959=CARTESIAN_POINT('',(-2.486107171,240.311740667,128.3115743));
#8960=CARTESIAN_POINT('',(-2.283994526,240.264324933,128.365117912));
#8961=CARTESIAN_POINT('',(-1.879769236,240.169493466,128.472205136));
#8962=CARTESIAN_POINT('',(-1.463298671,240.098298981,128.52));
#8963=CARTESIAN_POINT('',(-1.035580463,240.053765883,128.52));
#8964=B_SPLINE_CURVE_WITH_KNOTS('',3,(#8942,#8943,#8944,#8945,#8946,#8947,#8948,#8949,#8950,#8951,#8952,#8953,#8954,#8955,#8956,#8957,#8958,#8959,#8960,#8961,#8962,#8963),.UNSPECIFIED.,.F.,.F.,(4,3,3,3,3,3,3,4),(0.,0.001350421,0.002025632,0.002363237,0.002700843,0.003376053,0.004051264,0.005401686),.UNSPECIFIED.);
#8965=EDGE_CURVE('',#8929,#8941,#8964,.T.);
#8966=ORIENTED_EDGE('',*,*,#8965,.T.);
#8967=CARTESIAN_POINT('',(-0.650388178,240.021172653,128.52));
#8968=VERTEX_POINT('',#8967);
#8969=CARTESIAN_POINT('',(0.,250.,128.52));
#8970=DIRECTION('',(0.,0.,1.));
#8971=DIRECTION('',(1.,0.,-0.));
#8972=AXIS2_PLACEMENT_3D('',#8969,#8970,#8971);
#8973=CIRCLE('',#8972,10.);
#8974=EDGE_CURVE('',#8941,#8968,#8973,.T.);
#8975=ORIENTED_EDGE('',*,*,#8974,.T.);
#8976=CARTESIAN_POINT('',(0.375723651,240.007060906,128.531689257));
#8977=VERTEX_POINT('',#8976);
#8978=CARTESIAN_POINT('',(-0.650388178,240.021172653,128.52));
#8979=CARTESIAN_POINT('',(-0.479384541,240.010027181,128.52));
#8980=CARTESIAN_POINT('',(-0.307729655,240.003272317,128.524845026));
#8981=CARTESIAN_POINT('',(-0.136684495,240.000934176,128.528127435));
#8982=CARTESIAN_POINT('',(0.034360664,239.998596036,128.531409844));
#8983=CARTESIAN_POINT('',(0.205156214,240.000647756,128.533051107));
#8984=CARTESIAN_POINT('',(0.375723651,240.007060906,128.531689257));
#8985=B_SPLINE_CURVE_WITH_KNOTS('',3,(#8978,#8979,#8980,#8981,#8982,#8983,#8984),.UNSPECIFIED.,.F.,.F.,(4,3,4),(0.001698594,0.002247017,0.002795441),.UNSPECIFIED.);
#8986=EDGE_CURVE('',#8968,#8977,#8985,.T.);
#8987=ORIENTED_EDGE('',*,*,#8986,.T.);
#8988=CARTESIAN_POINT('',(1.533286812,240.118247547,128.52));
#8989=VERTEX_POINT('',#8988);
#8990=CARTESIAN_POINT('',(0.375723651,240.007060906,128.531689257));
#8991=CARTESIAN_POINT('',(0.761313964,240.021558683,128.52861062));
#8992=CARTESIAN_POINT('',(1.147162986,240.058335241,128.52));
#8993=CARTESIAN_POINT('',(1.533286812,240.118247547,128.52));
#8994=B_SPLINE_CURVE_WITH_KNOTS('',3,(#8990,#8991,#8992,#8993),.UNSPECIFIED.,.F.,.F.,(4,4),(0.003518981,0.004757338),.UNSPECIFIED.);
#8995=EDGE_CURVE('',#8977,#8989,#8994,.T.);
#8996=ORIENTED_EDGE('',*,*,#8995,.T.);
#8997=CARTESIAN_POINT('',(0.,250.,128.52));
#8998=DIRECTION('',(0.,0.,1.));
#8999=DIRECTION('',(1.,0.,-0.));
#9000=AXIS2_PLACEMENT_3D('',#8997,#8998,#8999);
#9001=CIRCLE('',#9000,10.);
#9002=EDGE_CURVE('',#8989,#6774,#9001,.T.);
#9003=ORIENTED_EDGE('',*,*,#9002,.T.);
#9004=ORIENTED_EDGE('',*,*,#6780,.F.);
#9005=ORIENTED_EDGE('',*,*,#3481,.T.);
#9006=ORIENTED_EDGE('',*,*,#5607,.F.);
#9007=ORIENTED_EDGE('',*,*,#3440,.T.);
#9008=ORIENTED_EDGE('',*,*,#5526,.F.);
#9009=ORIENTED_EDGE('',*,*,#3399,.T.);
#9010=ORIENTED_EDGE('',*,*,#6741,.F.);
#9011=CARTESIAN_POINT('',(0.,250.,128.52));
#9012=DIRECTION('',(0.,0.,1.));
#9013=DIRECTION('',(1.,0.,-0.));
#9014=AXIS2_PLACEMENT_3D('',#9011,#9012,#9013);
#9015=CIRCLE('',#9014,10.);
#9016=EDGE_CURVE('',#6716,#8895,#9015,.T.);
#9017=ORIENTED_EDGE('',*,*,#9016,.T.);
#9018=EDGE_LOOP('',(#8901,#8902,#8903,#8909,#8910,#8911,#8917,#8918,#8919,#8927,#8939,#8966,#8975,#8987,#8996,#9003,#9004,#9005,#9006,#9007,#9008,#9009,#9010,#9017));
#9019=FACE_BOUND('',#9018,.T.);
#9020=ADVANCED_FACE('',(#9019),#8893,.F.);
#9021=CARTESIAN_POINT('',(-5.307946208,240.824723053,129.17));
#9022=DIRECTION('',(0.,0.,-1.));
#9023=DIRECTION('',(-1.,0.,0.));
#9024=AXIS2_PLACEMENT_3D('',#9021,#9022,#9023);
#9025=CYLINDRICAL_SURFACE('',#9024,0.6);
#9026=ORIENTED_EDGE('',*,*,#8692,.F.);
#9027=ORIENTED_EDGE('',*,*,#5667,.F.);
#9028=CARTESIAN_POINT('',(-5.307946208,240.824723053,125.561425607));
#9029=DIRECTION('',(0.,0.,1.));
#9030=DIRECTION('',(1.,0.,-0.));
#9031=AXIS2_PLACEMENT_3D('',#9028,#9029,#9030);
#9032=CIRCLE('',#9031,0.6);
#9033=EDGE_CURVE('',#8921,#5653,#9032,.T.);
#9034=ORIENTED_EDGE('',*,*,#9033,.F.);
#9035=ORIENTED_EDGE('',*,*,#8926,.F.);
#9036=EDGE_LOOP('',(#9026,#9027,#9034,#9035));
#9037=FACE_BOUND('',#9036,.T.);
#9038=ADVANCED_FACE('',(#9037),#9025,.T.);
#9039=CARTESIAN_POINT('',(0.,250.,128.52));
#9040=DIRECTION('',(0.,0.,1.));
#9041=DIRECTION('',(1.,0.,-0.));
#9042=AXIS2_PLACEMENT_3D('',#9039,#9040,#9041);
#9043=TOROIDAL_SURFACE('',#9042,10.6,0.6);
#9044=ORIENTED_EDGE('',*,*,#6802,.F.);
#9045=ORIENTED_EDGE('',*,*,#9002,.F.);
#9046=CARTESIAN_POINT('',(1.625284021,239.525342399,128.52));
#9047=DIRECTION('',(-0.988175245,-0.153328681,0.));
#9048=DIRECTION('',(0.153328681,-0.988175245,0.));
#9049=AXIS2_PLACEMENT_3D('',#9046,#9047,#9048);
#9050=CIRCLE('',#9049,0.6);
#9051=EDGE_CURVE('',#377,#8989,#9050,.T.);
#9052=ORIENTED_EDGE('',*,*,#9051,.F.);
#9053=ORIENTED_EDGE('',*,*,#383,.F.);
#9054=EDGE_LOOP('',(#9044,#9045,#9052,#9053));
#9055=FACE_BOUND('',#9054,.T.);
#9056=ADVANCED_FACE('',(#9055),#9043,.T.);
#9057=CARTESIAN_POINT('',(-4.948582394,241.310262818,125.878076182));
#9058=CARTESIAN_POINT('',(-5.004415411,241.342058289,125.906543596));
#9059=CARTESIAN_POINT('',(-5.066406272,241.363007759,125.93500382));
#9060=CARTESIAN_POINT('',(-5.195189027,241.38067516,125.988459884));
#9061=CARTESIAN_POINT('',(-5.261948393,241.377388629,126.013442221));
#9062=CARTESIAN_POINT('',(-5.392110402,241.346973504,126.056887099));
#9063=CARTESIAN_POINT('',(-5.455480168,241.319852592,126.075338666));
#9064=CARTESIAN_POINT('',(-5.571115417,241.24507172,126.103463322));
#9065=CARTESIAN_POINT('',(-5.623351692,241.197430648,126.113129307));
#9066=CARTESIAN_POINT('',(-5.666840526,241.142426511,126.117813084));
#9067=CARTESIAN_POINT('',(-4.966813585,241.320645014,125.827882496));
#9068=CARTESIAN_POINT('',(-5.021577338,241.351986693,125.851372721));
#9069=CARTESIAN_POINT('',(-5.081979622,241.373453468,125.874858266));
#9070=CARTESIAN_POINT('',(-5.207383999,241.394252883,125.919269077));
#9071=CARTESIAN_POINT('',(-5.272360086,241.393581047,125.940185478));
#9072=CARTESIAN_POINT('',(-5.399677962,241.370141543,125.977164611));
#9073=CARTESIAN_POINT('',(-5.461993323,241.347378457,125.993219916));
#9074=CARTESIAN_POINT('',(-5.577042072,241.282242888,126.018707678));
#9075=CARTESIAN_POINT('',(-5.629751492,241.239883566,126.028134937));
#9076=CARTESIAN_POINT('',(-5.674722869,241.190052365,126.033724451));
#9077=CARTESIAN_POINT('',(-4.981226237,241.328926109,125.776501181));
#9078=CARTESIAN_POINT('',(-5.034544936,241.359558657,125.795200621));
#9079=CARTESIAN_POINT('',(-5.093009467,241.381214621,125.813896962));
#9080=CARTESIAN_POINT('',(-5.214342964,241.404386023,125.84943751));
#9081=CARTESIAN_POINT('',(-5.277191067,241.405897403,125.866275823));
#9082=CARTESIAN_POINT('',(-5.400921629,241.388602467,125.896425131));
#9083=CARTESIAN_POINT('',(-5.461782797,241.369798991,125.909731119));
#9084=CARTESIAN_POINT('',(-5.57536386,241.313747705,125.931489465));
#9085=CARTESIAN_POINT('',(-5.628064165,241.276509354,125.939938196));
#9086=CARTESIAN_POINT('',(-5.674013972,241.231917677,125.945537082));
#9087=CARTESIAN_POINT('',(-4.996453206,241.337697208,125.697423088));
#9088=CARTESIAN_POINT('',(-5.046992211,241.366849031,125.709058483));
#9089=CARTESIAN_POINT('',(-5.101969864,241.388291139,125.720692412));
#9090=CARTESIAN_POINT('',(-5.216015582,241.413887199,125.742954139));
#9091=CARTESIAN_POINT('',(-5.275068963,241.418037835,125.753579129));
#9092=CARTESIAN_POINT('',(-5.392095091,241.408678445,125.772900805));
#9093=CARTESIAN_POINT('',(-5.450052766,241.395169587,125.781595049));
#9094=CARTESIAN_POINT('',(-5.559809793,241.351662903,125.796299615));
#9095=CARTESIAN_POINT('',(-5.611594996,241.321670632,125.802308074));
#9096=CARTESIAN_POINT('',(-5.658030603,241.284741013,125.806712722));
#9097=CARTESIAN_POINT('',(-5.000457681,241.340009633,125.670727603));
#9098=CARTESIAN_POINT('',(-5.049966867,241.368597071,125.680029251));
#9099=CARTESIAN_POINT('',(-5.103684313,241.389883376,125.689329826));
#9100=CARTESIAN_POINT('',(-5.215101547,241.416095313,125.707170293));
#9101=CARTESIAN_POINT('',(-5.27278845,241.4210179,125.715708169));
#9102=CARTESIAN_POINT('',(-5.387357025,241.41408653,125.731322768));
#9103=CARTESIAN_POINT('',(-5.444225446,241.402233352,125.738397726));
#9104=CARTESIAN_POINT('',(-5.552435282,241.362725036,125.750505648));
#9105=CARTESIAN_POINT('',(-5.603764172,241.335074435,125.755537242));
#9106=CARTESIAN_POINT('',(-5.650197028,241.300665242,125.759341017));
#9107=CARTESIAN_POINT('',(-5.005981658,241.343201641,125.616554873));
#9108=CARTESIAN_POINT('',(-5.053185853,241.370498345,125.621197272));
#9109=CARTESIAN_POINT('',(-5.104147909,241.391286731,125.62583925));
#9110=CARTESIAN_POINT('',(-5.209829305,241.418312357,125.634789707));
#9111=CARTESIAN_POINT('',(-5.264538922,241.424547096,125.639097413));
#9112=CARTESIAN_POINT('',(-5.373661219,241.421996993,125.647068871));
#9113=CARTESIAN_POINT('',(-5.428063856,241.413212361,125.650731932));
#9114=CARTESIAN_POINT('',(-5.532538884,241.381266097,125.657149633));
#9115=CARTESIAN_POINT('',(-5.582601651,241.358107371,125.659903713));
#9116=CARTESIAN_POINT('',(-5.628642031,241.328613465,125.662103806));
#9117=CARTESIAN_POINT('',(-5.007496424,241.344078353,125.588976226));
#9118=CARTESIAN_POINT('',(-5.053420029,241.370645401,125.591285059));
#9119=CARTESIAN_POINT('',(-5.102880728,241.391089619,125.593593725));
#9120=CARTESIAN_POINT('',(-5.205441897,241.418311893,125.598059592));
#9121=CARTESIAN_POINT('',(-5.258534008,241.425087722,125.60021647));
#9122=CARTESIAN_POINT('',(-5.364654714,241.424495726,125.60423692));
#9123=CARTESIAN_POINT('',(-5.417674658,241.417127934,125.6061002));
#9124=CARTESIAN_POINT('',(-5.519951324,241.388756229,125.609410899));
#9125=CARTESIAN_POINT('',(-5.569199703,241.367754608,125.610858077));
#9126=CARTESIAN_POINT('',(-5.61484705,241.340663694,125.612049716));
#9127=CARTESIAN_POINT('',(-5.007496423,241.344078352,125.561425607));
#9128=CARTESIAN_POINT('',(-5.052008621,241.369828894,125.561425585));
#9129=CARTESIAN_POINT('',(-5.099846194,241.389823761,125.561425562));
#9130=CARTESIAN_POINT('',(-5.199040566,241.416993251,125.561425519));
#9131=CARTESIAN_POINT('',(-5.250390164,241.424165901,125.561425498));
#9132=CARTESIAN_POINT('',(-5.353232757,241.425217478,125.561425459));
#9133=CARTESIAN_POINT('',(-5.404718285,241.419096329,125.561425441));
#9134=CARTESIAN_POINT('',(-5.504447482,241.393960856,125.561425409));
#9135=CARTESIAN_POINT('',(-5.552683909,241.374948356,125.561425395));
#9136=CARTESIAN_POINT('',(-5.59771335,241.350113388,125.561425384));
#9137=B_SPLINE_SURFACE_WITH_KNOTS('',3,3,((#9057,#9058,#9059,#9060,#9061,#9062,#9063,#9064,#9065,#9066),(#9067,#9068,#9069,#9070,#9071,#9072,#9073,#9074,#9075,#9076),(#9077,#9078,#9079,#9080,#9081,#9082,#9083,#9084,#9085,#9086),(#9087,#9088,#9089,#9090,#9091,#9092,#9093,#9094,#9095,#9096),(#9097,#9098,#9099,#9100,#9101,#9102,#9103,#9104,#9105,#9106),(#9107,#9108,#9109,#9110,#9111,#9112,#9113,#9114,#9115,#9116),(#9117,#9118,#9119,#9120,#9121,#9122,#9123,#9124,#9125,#9126),(#9127,#9128,#9129,#9130,#9131,#9132,#9133,#9134,#9135,#9136)),.UNSPECIFIED.,.F.,.F.,.U.,(4,2,2,4),(4,2,2,2,4),(0.,0.000162451,0.000243676,0.000324902),(0.,0.25,0.5,0.75,1.),.UNSPECIFIED.);
#9138=ORIENTED_EDGE('',*,*,#9033,.T.);
#9139=ORIENTED_EDGE('',*,*,#7036,.F.);
#9140=CARTESIAN_POINT('',(-5.245497337,240.788878587,125.878076182));
#9141=DIRECTION('',(0.352006802,-0.200458843,0.914279751));
#9142=DIRECTION('',(0.933222179,0.,-0.359299825));
#9143=AXIS2_PLACEMENT_3D('',#9140,#9141,#9142);
#9144=CIRCLE('',#9143,0.6);
#9145=EDGE_CURVE('',#8929,#6511,#9144,.T.);
#9146=ORIENTED_EDGE('',*,*,#9145,.F.);
#9147=ORIENTED_EDGE('',*,*,#8938,.F.);
#9148=EDGE_LOOP('',(#9138,#9139,#9146,#9147));
#9149=FACE_BOUND('',#9148,.T.);
#9150=ADVANCED_FACE('',(#9149),#9137,.T.);
#9151=CARTESIAN_POINT('',(0.39826707,239.525342399,129.12));
#9152=CARTESIAN_POINT('',(0.395636126,239.592616415,129.106522819));
#9153=CARTESIAN_POINT('',(0.393005788,239.657537376,129.081380314));
#9154=CARTESIAN_POINT('',(0.388050947,239.775154594,129.010676445));
#9155=CARTESIAN_POINT('',(0.385727584,239.827823775,128.965131359));
#9156=CARTESIAN_POINT('',(0.381658047,239.914783579,128.858929528));
#9157=CARTESIAN_POINT('',(0.379912809,239.949054184,128.798297233));
#9158=CARTESIAN_POINT('',(0.377203515,239.995207869,128.668991801));
#9159=CARTESIAN_POINT('',(0.376240082,240.007080323,128.600348433));
#9160=CARTESIAN_POINT('',(0.375723651,240.007060906,128.531689257));
#9161=CARTESIAN_POINT('',(0.602629882,239.525342399,129.120000001));
#9162=CARTESIAN_POINT('',(0.598630589,239.593388432,129.107282077));
#9163=CARTESIAN_POINT('',(0.59463224,239.659187684,129.082641849));
#9164=CARTESIAN_POINT('',(0.587106237,239.778530322,129.012425395));
#9165=CARTESIAN_POINT('',(0.58358036,239.832045194,128.966865959));
#9166=CARTESIAN_POINT('',(0.577416274,239.920449211,128.860220593));
#9167=CARTESIAN_POINT('',(0.574779519,239.955317235,128.799160151));
#9168=CARTESIAN_POINT('',(0.57070577,240.002272241,128.668767868));
#9169=CARTESIAN_POINT('',(0.569269738,240.014348006,128.599467185));
#9170=CARTESIAN_POINT('',(0.568518756,240.014309792,128.530149939));
#9171=CARTESIAN_POINT('',(0.807061561,239.525342399,129.12));
#9172=CARTESIAN_POINT('',(0.801653209,239.594750149,129.108637112));
#9173=CARTESIAN_POINT('',(0.796246196,239.662101989,129.084895869));
#9174=CARTESIAN_POINT('',(0.786085048,239.784497662,129.015558701));
#9175=CARTESIAN_POINT('',(0.781333428,239.839510426,128.969980479));
#9176=CARTESIAN_POINT('',(0.773059784,239.930473568,128.862560263));
#9177=CARTESIAN_POINT('',(0.769539811,239.966400871,128.80074561));
#9178=CARTESIAN_POINT('',(0.764157664,240.014777352,128.668435058));
#9179=CARTESIAN_POINT('',(0.762296831,240.027214261,128.597972796));
#9180=CARTESIAN_POINT('',(0.761378831,240.02714359,128.527492622));
#9181=CARTESIAN_POINT('',(1.216065793,239.525342399,129.12));
#9182=CARTESIAN_POINT('',(1.2075922,239.598354591,129.112941793));
#9183=CARTESIAN_POINT('',(1.19912116,239.670009418,129.092186574));
#9184=CARTESIAN_POINT('',(1.18330492,239.801062329,129.02605814));
#9185=CARTESIAN_POINT('',(1.175964488,239.86042043,128.980705196));
#9186=CARTESIAN_POINT('',(1.16339034,239.958897653,128.871469795));
#9187=CARTESIAN_POINT('',(1.158160416,239.997986744,128.807620734));
#9188=CARTESIAN_POINT('',(1.150507319,240.050662866,128.669967598));
#9189=CARTESIAN_POINT('',(1.148086459,240.064233836,128.596205567));
#9190=CARTESIAN_POINT('',(1.14723188,240.064134574,128.522421006));
#9191=CARTESIAN_POINT('',(1.420638339,239.525342399,129.12));
#9192=CARTESIAN_POINT('',(1.410513167,239.600604859,129.115892623));
#9193=CARTESIAN_POINT('',(1.400391351,239.675015298,129.097223097));
#9194=CARTESIAN_POINT('',(1.38156197,239.811677541,129.033420551));
#9195=CARTESIAN_POINT('',(1.372860652,239.873883061,128.988309496));
#9196=CARTESIAN_POINT('',(1.358096176,239.977312045,128.878031007));
#9197=CARTESIAN_POINT('',(1.352037938,240.018500546,128.812901164));
#9198=CARTESIAN_POINT('',(1.343415707,240.074048453,128.671824184));
#9199=CARTESIAN_POINT('',(1.340854627,240.088389105,128.595924979));
#9200=CARTESIAN_POINT('',(1.340224848,240.088291386,128.52));
#9201=CARTESIAN_POINT('',(1.625284021,239.525342399,129.12));
#9202=CARTESIAN_POINT('',(1.613241614,239.602953502,129.12));
#9203=CARTESIAN_POINT('',(1.601203946,239.680534067,129.104383606));
#9204=CARTESIAN_POINT('',(1.57895248,239.823940685,129.044271833));
#9205=CARTESIAN_POINT('',(1.568747438,239.889710313,128.999800105));
#9206=CARTESIAN_POINT('',(1.551716904,239.999468986,128.888728032));
#9207=CARTESIAN_POINT('',(1.544898112,240.043414847,128.822171388));
#9208=CARTESIAN_POINT('',(1.535681253,240.102815813,128.677048731));
#9209=CARTESIAN_POINT('',(1.533286812,240.118247547,128.598539816));
#9210=CARTESIAN_POINT('',(1.533286812,240.118247547,128.52));
#9211=B_SPLINE_SURFACE_WITH_KNOTS('',3,3,((#9151,#9152,#9153,#9154,#9155,#9156,#9157,#9158,#9159,#9160),(#9161,#9162,#9163,#9164,#9165,#9166,#9167,#9168,#9169,#9170),(#9171,#9172,#9173,#9174,#9175,#9176,#9177,#9178,#9179,#9180),(#9181,#9182,#9183,#9184,#9185,#9186,#9187,#9188,#9189,#9190),(#9191,#9192,#9193,#9194,#9195,#9196,#9197,#9198,#9199,#9200),(#9201,#9202,#9203,#9204,#9205,#9206,#9207,#9208,#9209,#9210)),.UNSPECIFIED.,.F.,.F.,.U.,(4,2,4),(4,2,2,2,4),(0.003518981,0.004138159,0.004757338),(0.,0.25,0.5,0.75,1.),.UNSPECIFIED.);
#9212=ORIENTED_EDGE('',*,*,#9051,.T.);
#9213=ORIENTED_EDGE('',*,*,#8995,.F.);
#9214=CARTESIAN_POINT('',(0.39826707,239.40748456,128.531689257));
#9215=DIRECTION('',(-0.999265603,-0.037571301,0.007526758));
#9216=DIRECTION('',(0.037572365,-0.999293909,-0.));
#9217=AXIS2_PLACEMENT_3D('',#9214,#9215,#9216);
#9218=CIRCLE('',#9217,0.6);
#9219=EDGE_CURVE('',#7677,#8977,#9218,.T.);
#9220=ORIENTED_EDGE('',*,*,#9219,.F.);
#9221=ORIENTED_EDGE('',*,*,#7715,.T.);
#9222=EDGE_LOOP('',(#9212,#9213,#9220,#9221));
#9223=FACE_BOUND('',#9222,.T.);
#9224=ADVANCED_FACE('',(#9223),#9211,.T.);
#9225=CARTESIAN_POINT('',(-1.035580463,240.053765883,128.52));
#9226=CARTESIAN_POINT('',(-1.035580463,240.053765883,128.598539816));
#9227=CARTESIAN_POINT('',(-1.037197666,240.038233452,128.677048731));
#9228=CARTESIAN_POINT('',(-1.043422724,239.978444875,128.822171388));
#9229=CARTESIAN_POINT('',(-1.048028129,239.934212254,128.888728032));
#9230=CARTESIAN_POINT('',(-1.059530536,239.823737369,128.999800105));
#9231=CARTESIAN_POINT('',(-1.066423012,239.757538573,129.044271833));
#9232=CARTESIAN_POINT('',(-1.081451631,239.61319618,129.104383606));
#9233=CARTESIAN_POINT('',(-1.08958186,239.535109376,129.12));
#9234=CARTESIAN_POINT('',(-1.09771529,239.456991836,129.12));
#9235=CARTESIAN_POINT('',(-1.463298671,240.098298981,128.52));
#9236=CARTESIAN_POINT('',(-1.468853581,240.098877347,128.596136563));
#9237=CARTESIAN_POINT('',(-1.476591262,240.08495485,128.672246938));
#9238=CARTESIAN_POINT('',(-1.495280474,240.030066587,128.813651281));
#9239=CARTESIAN_POINT('',(-1.506224951,239.989119548,128.878896576));
#9240=CARTESIAN_POINT('',(-1.529705545,239.885992665,128.98923928));
#9241=CARTESIAN_POINT('',(-1.542232976,239.823848097,129.034298602));
#9242=CARTESIAN_POINT('',(-1.56703603,239.687166706,129.097802502));
#9243=CARTESIAN_POINT('',(-1.579302615,239.612676736,129.116224978));
#9244=CARTESIAN_POINT('',(-1.59054646,239.53729929,129.12));
#9245=CARTESIAN_POINT('',(-1.879769236,240.169493466,128.472205136));
#9246=CARTESIAN_POINT('',(-1.890910946,240.17137379,128.545756931));
#9247=CARTESIAN_POINT('',(-1.904682662,240.159606239,128.619285585));
#9248=CARTESIAN_POINT('',(-1.935600871,240.110344315,128.756418349));
#9249=CARTESIAN_POINT('',(-1.952737432,240.072865146,128.819979831));
#9250=CARTESIAN_POINT('',(-1.988026661,239.977234075,128.9285518));
#9251=CARTESIAN_POINT('',(-2.006168043,239.919111804,128.973528512));
#9252=CARTESIAN_POINT('',(-2.040973138,239.790053738,129.038815542));
#9253=CARTESIAN_POINT('',(-2.057625756,239.719158001,129.059105502));
#9254=CARTESIAN_POINT('',(-2.072396026,239.646656356,129.065674277));
#9255=CARTESIAN_POINT('',(-2.385050848,240.2880328,128.338346106));
#9256=CARTESIAN_POINT('',(-2.403152739,240.292460997,128.408131444));
#9257=CARTESIAN_POINT('',(-2.424393485,240.284091732,128.477896877));
#9258=CARTESIAN_POINT('',(-2.470434781,240.242827486,128.608468517));
#9259=CARTESIAN_POINT('',(-2.495222352,240.209944111,128.669237981));
#9260=CARTESIAN_POINT('',(-2.545159875,240.123878193,128.773974772));
#9261=CARTESIAN_POINT('',(-2.570295754,240.070719863,128.817912624));
#9262=CARTESIAN_POINT('',(-2.617685917,239.950948121,128.883309489));
#9263=CARTESIAN_POINT('',(-2.639926848,239.884368408,128.904750095));
#9264=CARTESIAN_POINT('',(-2.659290983,239.815350821,128.913561989));
#9265=CARTESIAN_POINT('',(-2.485735072,240.313329026,128.307657591));
#9266=CARTESIAN_POINT('',(-2.505233507,240.318316808,128.376659366));
#9267=CARTESIAN_POINT('',(-2.527970488,240.310666731,128.44564209));
#9268=CARTESIAN_POINT('',(-2.57704064,240.271058785,128.574834826));
#9269=CARTESIAN_POINT('',(-2.603360254,240.23911184,128.63500919));
#9270=CARTESIAN_POINT('',(-2.65623394,240.154976508,128.738894528));
#9271=CARTESIAN_POINT('',(-2.682773405,240.102811332,128.782576836));
#9272=CARTESIAN_POINT('',(-2.732695258,239.984890722,128.847889432));
#9273=CARTESIAN_POINT('',(-2.756063855,239.919167824,128.869501696));
#9274=CARTESIAN_POINT('',(-2.776359881,239.850843222,128.878701447));
#9275=CARTESIAN_POINT('',(-2.683459799,240.366230389,128.238893442));
#9276=CARTESIAN_POINT('',(-2.705718666,240.372414659,128.306275342));
#9277=CARTESIAN_POINT('',(-2.731410268,240.366256734,128.373639296));
#9278=CARTESIAN_POINT('',(-2.786460955,240.330021787,128.499951317));
#9279=CARTESIAN_POINT('',(-2.815805368,240.299954405,128.558865763));
#9280=CARTESIAN_POINT('',(-2.874479854,240.219659525,128.66088255));
#9281=CARTESIAN_POINT('',(-2.903794291,240.169453395,128.703957736));
#9282=CARTESIAN_POINT('',(-2.958728941,240.055168922,128.768882952));
#9283=CARTESIAN_POINT('',(-2.984334515,239.991120996,128.790715699));
#9284=CARTESIAN_POINT('',(-3.006484896,239.924151085,128.800560393));
#9285=CARTESIAN_POINT('',(-2.780192022,240.39373669,128.200950908));
#9286=CARTESIAN_POINT('',(-2.803810411,240.400557027,128.267500073));
#9287=CARTESIAN_POINT('',(-2.830955856,240.395170581,128.334031807));
#9288=CARTESIAN_POINT('',(-2.888949161,240.360648263,128.45884941));
#9289=CARTESIAN_POINT('',(-2.919781816,240.331521427,128.517102585));
#9290=CARTESIAN_POINT('',(-2.981312305,240.253130596,128.618108326));
#9291=CARTESIAN_POINT('',(-3.011994008,240.20388713,128.660834435));
#9292=CARTESIAN_POINT('',(-3.069402238,240.091381203,128.725459956));
#9293=CARTESIAN_POINT('',(-3.096113716,240.02814821,128.747342439));
#9294=CARTESIAN_POINT('',(-3.119183636,239.961837143,128.757444213));
#9295=CARTESIAN_POINT('',(-3.064094723,240.478951034,128.076318258));
#9296=CARTESIAN_POINT('',(-3.091728222,240.487782924,128.140287949));
#9297=CARTESIAN_POINT('',(-3.123166661,240.484779801,128.204241608));
#9298=CARTESIAN_POINT('',(-3.189850166,240.455463592,128.32439322));
#9299=CARTESIAN_POINT('',(-3.225078465,240.429157833,128.380561061));
#9300=CARTESIAN_POINT('',(-3.29504691,240.356425892,128.478297249));
#9301=CARTESIAN_POINT('',(-3.329769465,240.310017925,128.5198411));
#9302=CARTESIAN_POINT('',(-3.394491508,240.202721538,128.583262519));
#9303=CARTESIAN_POINT('',(-3.424474727,240.141860004,128.605124186));
#9304=CARTESIAN_POINT('',(-3.450267017,240.077460281,128.615816202));
#9305=CARTESIAN_POINT('',(-3.244990879,240.539358419,127.978865881));
#9306=CARTESIAN_POINT('',(-3.275216501,240.549669625,128.041007963));
#9307=CARTESIAN_POINT('',(-3.309425722,240.548347884,128.103134797));
#9308=CARTESIAN_POINT('',(-3.381719663,240.522594961,128.219933133));
#9309=CARTESIAN_POINT('',(-3.419786617,240.498170088,128.274575976));
#9310=CARTESIAN_POINT('',(-3.495207576,240.429141592,128.369818549));
#9311=CARTESIAN_POINT('',(-3.532543049,240.384554901,128.410394908));
#9312=CARTESIAN_POINT('',(-3.601998703,240.280564941,128.472608328));
#9313=CARTESIAN_POINT('',(-3.634101817,240.22118719,128.494230121));
#9314=CARTESIAN_POINT('',(-3.661660533,240.157975039,128.505074865));
#9315=CARTESIAN_POINT('',(-3.503793533,240.633471448,127.809906401));
#9316=CARTESIAN_POINT('',(-3.537770562,240.64616726,127.869080129));
#9317=CARTESIAN_POINT('',(-3.575998415,240.647475908,127.928239657));
#9318=CARTESIAN_POINT('',(-3.65643605,240.627163786,128.039537169));
#9319=CARTESIAN_POINT('',(-3.69862652,240.605547887,128.091648442));
#9320=CARTESIAN_POINT('',(-3.781962589,240.541951341,128.182636031));
#9321=CARTESIAN_POINT('',(-3.82308818,240.499985953,128.221490511));
#9322=CARTESIAN_POINT('',(-3.899392232,240.400681528,128.281327889));
#9323=CARTESIAN_POINT('',(-3.934552375,240.343366321,128.302296426));
#9324=CARTESIAN_POINT('',(-3.964642171,240.281775746,128.313075455));
#9325=CARTESIAN_POINT('',(-3.587967917,240.665426349,127.749785029));
#9326=CARTESIAN_POINT('',(-3.623172864,240.678943939,127.807931682));
#9327=CARTESIAN_POINT('',(-3.662717531,240.681146604,127.866064345));
#9328=CARTESIAN_POINT('',(-3.745824677,240.662662219,127.975449608));
#9329=CARTESIAN_POINT('',(-3.789367323,240.641979578,128.026676109));
#9330=CARTESIAN_POINT('',(-3.875297863,240.580171117,128.116158795));
#9331=CARTESIAN_POINT('',(-3.91766525,240.539060043,128.15439363));
#9332=CARTESIAN_POINT('',(-3.996209923,240.441269941,128.213343541));
#9333=CARTESIAN_POINT('',(-4.032368465,240.384614245,128.234044553));
#9334=CARTESIAN_POINT('',(-4.063282006,240.323536952,128.244751602));
#9335=CARTESIAN_POINT('',(-3.752056502,240.730164455,127.62156017));
#9336=CARTESIAN_POINT('',(-3.789668618,240.745373958,127.677562465));
#9337=CARTESIAN_POINT('',(-3.831798824,240.749395974,127.733551398));
#9338=CARTESIAN_POINT('',(-3.920150251,240.734592739,127.838931365));
#9339=CARTESIAN_POINT('',(-3.966350571,240.715770987,127.888297473));
#9340=CARTESIAN_POINT('',(-4.057377535,240.657496096,127.974588056));
#9341=CARTESIAN_POINT('',(-4.102182646,240.61805674,128.01149212));
#9342=CARTESIAN_POINT('',(-4.185117023,240.52320301,128.068486515));
#9343=CARTESIAN_POINT('',(-4.223226669,240.467811072,128.088563366));
#9344=CARTESIAN_POINT('',(-4.255742178,240.407704668,128.099041695));
#9345=CARTESIAN_POINT('',(-3.832314046,240.763099828,127.553108121));
#9346=CARTESIAN_POINT('',(-3.871111113,240.779183548,127.607988188));
#9347=CARTESIAN_POINT('',(-3.91451623,240.78413486,127.662855279));
#9348=CARTESIAN_POINT('',(-4.005454928,240.771192252,127.766132602));
#9349=CARTESIAN_POINT('',(-4.052967055,240.753301384,127.814518471));
#9350=CARTESIAN_POINT('',(-4.146507845,240.696777445,127.899113371));
#9351=CARTESIAN_POINT('',(-4.19251444,240.658157708,127.935302447));
#9352=CARTESIAN_POINT('',(-4.277607481,240.564729277,127.991222168));
#9353=CARTESIAN_POINT('',(-4.316673854,240.509942621,128.010939623));
#9354=CARTESIAN_POINT('',(-4.349970546,240.45029429,128.021259141));
#9355=CARTESIAN_POINT('',(-4.062608405,240.860906179,127.338918921));
#9356=CARTESIAN_POINT('',(-4.104824182,240.879621279,127.390335033));
#9357=CARTESIAN_POINT('',(-4.151914663,240.887344303,127.441739038));
#9358=CARTESIAN_POINT('',(-4.250336367,240.879902526,127.538510365));
#9359=CARTESIAN_POINT('',(-4.301644467,240.864739472,127.583854956));
#9360=CARTESIAN_POINT('',(-4.402453139,240.813302398,127.663158262));
#9361=CARTESIAN_POINT('',(-4.451930027,240.777040459,127.697098349));
#9362=CARTESIAN_POINT('',(-4.543241119,240.687671165,127.749585583));
#9363=CARTESIAN_POINT('',(-4.58505387,240.634584803,127.768120402));
#9364=CARTESIAN_POINT('',(-4.620578218,240.576201448,127.777862457));
#9365=CARTESIAN_POINT('',(-4.203093376,240.925075187,127.183909666));
#9366=CARTESIAN_POINT('',(-4.247420645,240.945566163,127.232878805));
#9367=CARTESIAN_POINT('',(-4.296797372,240.955126152,127.281836404));
#9368=CARTESIAN_POINT('',(-4.39986693,240.951265028,127.373993072));
#9369=CARTESIAN_POINT('',(-4.453535487,240.937844831,127.417170424));
#9370=CARTESIAN_POINT('',(-4.558854667,240.889597701,127.492664871));
#9371=CARTESIAN_POINT('',(-4.610480485,240.854782139,127.524964175));
#9372=CARTESIAN_POINT('',(-4.705618279,240.767845512,127.574883022));
#9373=CARTESIAN_POINT('',(-4.749107849,240.715744932,127.592490799));
#9374=CARTESIAN_POINT('',(-4.785971364,240.658063557,127.60171553));
#9375=CARTESIAN_POINT('',(-4.459643061,241.048361152,126.849702737));
#9376=CARTESIAN_POINT('',(-4.50786666,241.072345862,126.893432907));
#9377=CARTESIAN_POINT('',(-4.561482027,241.085477879,126.93715264));
#9378=CARTESIAN_POINT('',(-4.673177753,241.088489393,127.019417294));
#9379=CARTESIAN_POINT('',(-4.731231471,241.078368177,127.057942581));
#9380=CARTESIAN_POINT('',(-4.84490898,241.036065326,127.125237481));
#9381=CARTESIAN_POINT('',(-4.900505657,241.003893789,127.153991034));
#9382=CARTESIAN_POINT('',(-5.002662738,240.92130284,127.198320687));
#9383=CARTESIAN_POINT('',(-5.049198776,240.870903135,127.213886208));
#9384=CARTESIAN_POINT('',(-5.088450129,240.814369509,127.221934929));
#9385=CARTESIAN_POINT('',(-4.575918901,241.107602739,126.670121298));
#9386=CARTESIAN_POINT('',(-4.625930142,241.133309102,126.711052884));
#9387=CARTESIAN_POINT('',(-4.68150092,241.148180204,126.751974599));
#9388=CARTESIAN_POINT('',(-4.797181151,241.154491698,126.8289497));
#9389=CARTESIAN_POINT('',(-4.857262744,241.145930578,126.864984526));
#9390=CARTESIAN_POINT('',(-4.974794293,241.106389501,126.927879144));
#9391=CARTESIAN_POINT('',(-5.032215942,241.075419077,126.95472377));
#9392=CARTESIAN_POINT('',(-5.137571299,240.994747177,126.996026943));
#9393=CARTESIAN_POINT('',(-5.185479634,240.945065142,127.010475529));
#9394=CARTESIAN_POINT('',(-5.225781994,240.888979286,127.017865111));
#9395=CARTESIAN_POINT('',(-4.783273399,241.217400246,126.287151598));
#9396=CARTESIAN_POINT('',(-4.836502196,241.246361112,126.322085513));
#9397=CARTESIAN_POINT('',(-4.895609136,241.264496145,126.35701081));
#9398=CARTESIAN_POINT('',(-5.018501593,241.276943702,126.422659381));
#9399=CARTESIAN_POINT('',(-5.082256834,241.271253167,126.453366462));
#9400=CARTESIAN_POINT('',(-5.206750974,241.236725947,126.50686684));
#9401=CARTESIAN_POINT('',(-5.267459202,241.207897776,126.52964694));
#9402=CARTESIAN_POINT('',(-5.378528403,241.130565606,126.564537373));
#9403=CARTESIAN_POINT('',(-5.428862012,241.082080668,126.5766391));
#9404=CARTESIAN_POINT('',(-5.470980954,241.026680452,126.582672271));
#9405=CARTESIAN_POINT('',(-4.87271121,241.267056125,126.086962872));
#9406=CARTESIAN_POINT('',(-4.92734426,241.297522669,126.118747343));
#9407=CARTESIAN_POINT('',(-4.988003579,241.317155462,126.150523872));
#9408=CARTESIAN_POINT('',(-5.114065807,241.332388586,126.210229367));
#9409=CARTESIAN_POINT('',(-5.179437264,241.327985124,126.238143414));
#9410=CARTESIAN_POINT('',(-5.306984102,241.295669597,126.286728161));
#9411=CARTESIAN_POINT('',(-5.369127661,241.267765604,126.307386721));
#9412=CARTESIAN_POINT('',(-5.482667172,241.191828355,126.338945127));
#9413=CARTESIAN_POINT('',(-5.534034794,241.143814055,126.349837086));
#9414=CARTESIAN_POINT('',(-5.576905503,241.088647254,126.355185082));
#9415=CARTESIAN_POINT('',(-4.948582394,241.310262818,125.878076182));
#9416=CARTESIAN_POINT('',(-5.004415328,241.342058242,125.906543668));
#9417=CARTESIAN_POINT('',(-5.066406096,241.363007682,125.935003964));
#9418=CARTESIAN_POINT('',(-5.195188667,241.380675069,125.988460169));
#9419=CARTESIAN_POINT('',(-5.261947944,241.377388553,126.013442575));
#9420=CARTESIAN_POINT('',(-5.3921098,241.346973499,126.056887584));
#9421=CARTESIAN_POINT('',(-5.455479504,241.319852644,126.075339214));
#9422=CARTESIAN_POINT('',(-5.571114675,241.245071913,126.103463984));
#9423=CARTESIAN_POINT('',(-5.623350936,241.197430926,126.113130021));
#9424=CARTESIAN_POINT('',(-5.666839785,241.14242688,126.117813843));
#9425=B_SPLINE_SURFACE_WITH_KNOTS('',3,3,((#9225,#9226,#9227,#9228,#9229,#9230,#9231,#9232,#9233,#9234),(#9235,#9236,#9237,#9238,#9239,#9240,#9241,#9242,#9243,#9244),(#9245,#9246,#9247,#9248,#9249,#9250,#9251,#9252,#9253,#9254),(#9255,#9256,#9257,#9258,#9259,#9260,#9261,#9262,#9263,#9264),(#9265,#9266,#9267,#9268,#9269,#9270,#9271,#9272,#9273,#9274),(#9275,#9276,#9277,#9278,#9279,#9280,#9281,#9282,#9283,#9284),(#9285,#9286,#9287,#9288,#9289,#9290,#9291,#9292,#9293,#9294),(#9295,#9296,#9297,#9298,#9299,#9300,#9301,#9302,#9303,#9304),(#9305,#9306,#9307,#9308,#9309,#9310,#9311,#9312,#9313,#9314),(#9315,#9316,#9317,#9318,#9319,#9320,#9321,#9322,#9323,#9324),(#9325,#9326,#9327,#9328,#9329,#9330,#9331,#9332,#9333,#9334),(#9335,#9336,#9337,#9338,#9339,#9340,#9341,#9342,#9343,#9344),(#9345,#9346,#9347,#9348,#9349,#9350,#9351,#9352,#9353,#9354),(#9355,#9356,#9357,#9358,#9359,#9360,#9361,#9362,#9363,#9364),(#9365,#9366,#9367,#9368,#9369,#9370,#9371,#9372,#9373,#9374),(#9375,#9376,#9377,#9378,#9379,#9380,#9381,#9382,#9383,#9384),(#9385,#9386,#9387,#9388,#9389,#9390,#9391,#9392,#9393,#9394),(#9395,#9396,#9397,#9398,#9399,#9400,#9401,#9402,#9403,#9404),(#9405,#9406,#9407,#9408,#9409,#9410,#9411,#9412,#9413,#9414),(#9415,#9416,#9417,#9418,#9419,#9420,#9421,#9422,#9423,#9424)),.UNSPECIFIED.,.F.,.F.,.U.,(4,2,2,2,2,2,2,2,2,4),(4,2,2,2,4),(0.,0.001350421,0.001688027,0.002025632,0.002700843,0.003038448,0.003376053,0.004051264,0.004726475,0.005401686),(0.,0.25,0.5,0.75,1.),.UNSPECIFIED.);
#9426=ORIENTED_EDGE('',*,*,#9145,.T.);
#9427=ORIENTED_EDGE('',*,*,#6535,.F.);
#9428=CARTESIAN_POINT('',(-1.09771529,239.456991836,128.52));
#9429=DIRECTION('',(0.994623412,-0.103558046,0.));
#9430=DIRECTION('',(0.103558046,0.994623412,0.));
#9431=AXIS2_PLACEMENT_3D('',#9428,#9429,#9430);
#9432=CIRCLE('',#9431,0.6);
#9433=EDGE_CURVE('',#8941,#1518,#9432,.T.);
#9434=ORIENTED_EDGE('',*,*,#9433,.F.);
#9435=ORIENTED_EDGE('',*,*,#8965,.F.);
#9436=EDGE_LOOP('',(#9426,#9427,#9434,#9435));
#9437=FACE_BOUND('',#9436,.T.);
#9438=ADVANCED_FACE('',(#9437),#9425,.T.);
#9439=CARTESIAN_POINT('',(-0.689411469,239.422443012,129.12));
#9440=CARTESIAN_POINT('',(-0.684303332,239.500816539,129.12));
#9441=CARTESIAN_POINT('',(-0.679197205,239.579159229,129.104383606));
#9442=CARTESIAN_POINT('',(-0.669758599,239.723974624,129.044271833));
#9443=CARTESIAN_POINT('',(-0.665429834,239.790390349,128.999800105));
#9444=CARTESIAN_POINT('',(-0.658205837,239.901227254,128.888728032));
#9445=CARTESIAN_POINT('',(-0.655313449,239.945604823,128.822171388));
#9446=CARTESIAN_POINT('',(-0.65140385,240.005589323,128.677048731));
#9447=CARTESIAN_POINT('',(-0.650388178,240.021172653,128.598539816));
#9448=CARTESIAN_POINT('',(-0.650388178,240.021172653,128.52));
#9449=CARTESIAN_POINT('',(-0.516698483,239.455417015,129.12));
#9450=CARTESIAN_POINT('',(-0.513172625,239.530207762,129.114222449));
#9451=CARTESIAN_POINT('',(-0.509425223,239.603809121,129.094311436));
#9452=CARTESIAN_POINT('',(-0.501981708,239.738620385,129.02900812));
#9453=CARTESIAN_POINT('',(-0.49828783,239.799787882,128.983637097));
#9454=CARTESIAN_POINT('',(-0.49145287,239.901343469,128.873681302));
#9455=CARTESIAN_POINT('',(-0.488313946,239.941699741,128.809131635));
#9456=CARTESIAN_POINT('',(-0.483026421,239.996098818,128.669699739));
#9457=CARTESIAN_POINT('',(-0.480879612,240.010124625,128.594861713));
#9458=CARTESIAN_POINT('',(-0.479384541,240.010027181,128.52));
#9459=CARTESIAN_POINT('',(-0.336786343,239.481497095,129.120000001));
#9460=CARTESIAN_POINT('',(-0.334402765,239.552945242,129.110615463));
#9461=CARTESIAN_POINT('',(-0.331789612,239.622648421,129.088233327));
#9462=CARTESIAN_POINT('',(-0.326429385,239.749709218,129.020329992));
#9463=CARTESIAN_POINT('',(-0.323683742,239.807031615,128.974827712));
#9464=CARTESIAN_POINT('',(-0.318404016,239.90197985,128.866512004));
#9465=CARTESIAN_POINT('',(-0.31587135,239.939579379,128.803728675));
#9466=CARTESIAN_POINT('',(-0.311337347,239.990254511,128.668893615));
#9467=CARTESIAN_POINT('',(-0.309337234,240.003316075,128.596879317));
#9468=CARTESIAN_POINT('',(-0.307729655,240.003272317,128.524845026));
#9469=CARTESIAN_POINT('',(0.028263175,239.516431892,129.119999999));
#9470=CARTESIAN_POINT('',(0.028192226,239.583782286,129.106445474));
#9471=CARTESIAN_POINT('',(0.028281747,239.648760552,129.081235247));
#9472=CARTESIAN_POINT('',(0.028778653,239.766468104,129.01042851));
#9473=CARTESIAN_POINT('',(0.029185983,239.819170528,128.964848263));
#9474=CARTESIAN_POINT('',(0.030278012,239.906188027,128.858608133));
#9475=CARTESIAN_POINT('',(0.030962512,239.940483256,128.797972572));
#9476=CARTESIAN_POINT('',(0.032534612,239.986688053,128.668680143));
#9477=CARTESIAN_POINT('',(0.033421888,239.998587085,128.600052839));
#9478=CARTESIAN_POINT('',(0.034360664,239.998596036,128.531409844));
#9479=CARTESIAN_POINT('',(0.213715439,239.525342399,129.12));
#9480=CARTESIAN_POINT('',(0.212381327,239.591921667,129.10583668));
#9481=CARTESIAN_POINT('',(0.211121881,239.656054695,129.080239497));
#9482=CARTESIAN_POINT('',(0.208892985,239.772129132,129.009092204));
#9483=CARTESIAN_POINT('',(0.207924008,239.824044756,128.963557911));
#9484=CARTESIAN_POINT('',(0.206384628,239.909724393,128.857751486));
#9485=CARTESIAN_POINT('',(0.205814547,239.943469374,128.797502867));
#9486=CARTESIAN_POINT('',(0.205136178,239.988929281,128.669172566));
#9487=CARTESIAN_POINT('',(0.205028025,240.000634109,128.601119398));
#9488=CARTESIAN_POINT('',(0.205156214,240.000647756,128.533051107));
#9489=CARTESIAN_POINT('',(0.39826707,239.525342399,129.12));
#9490=CARTESIAN_POINT('',(0.395636126,239.592616415,129.106522819));
#9491=CARTESIAN_POINT('',(0.393005788,239.657537376,129.081380314));
#9492=CARTESIAN_POINT('',(0.388050947,239.775154594,129.010676445));
#9493=CARTESIAN_POINT('',(0.385727584,239.827823775,128.965131359));
#9494=CARTESIAN_POINT('',(0.381658047,239.914783579,128.858929528));
#9495=CARTESIAN_POINT('',(0.379912809,239.949054184,128.798297233));
#9496=CARTESIAN_POINT('',(0.377203515,239.995207869,128.668991801));
#9497=CARTESIAN_POINT('',(0.376240082,240.007080323,128.600348433));
#9498=CARTESIAN_POINT('',(0.375723651,240.007060906,128.531689257));
#9499=B_SPLINE_SURFACE_WITH_KNOTS('',3,3,((#9439,#9440,#9441,#9442,#9443,#9444,#9445,#9446,#9447,#9448),(#9449,#9450,#9451,#9452,#9453,#9454,#9455,#9456,#9457,#9458),(#9459,#9460,#9461,#9462,#9463,#9464,#9465,#9466,#9467,#9468),(#9469,#9470,#9471,#9472,#9473,#9474,#9475,#9476,#9477,#9478),(#9479,#9480,#9481,#9482,#9483,#9484,#9485,#9486,#9487,#9488),(#9489,#9490,#9491,#9492,#9493,#9494,#9495,#9496,#9497,#9498)),.UNSPECIFIED.,.F.,.F.,.U.,(4,2,4),(4,2,2,2,4),(0.001698594,0.002247017,0.002795441),(0.,0.25,0.5,0.75,1.),.UNSPECIFIED.);
#9500=ORIENTED_EDGE('',*,*,#9219,.T.);
#9501=ORIENTED_EDGE('',*,*,#8986,.F.);
#9502=CARTESIAN_POINT('',(-0.689411469,239.422443012,128.52));
#9503=DIRECTION('',(-0.997882735,0.065038818,0.));
#9504=DIRECTION('',(-0.065038818,-0.997882735,-0.));
#9505=AXIS2_PLACEMENT_3D('',#9502,#9503,#9504);
#9506=CIRCLE('',#9505,0.6);
#9507=EDGE_CURVE('',#1509,#8968,#9506,.T.);
#9508=ORIENTED_EDGE('',*,*,#9507,.F.);
#9509=ORIENTED_EDGE('',*,*,#7690,.T.);
#9510=EDGE_LOOP('',(#9500,#9501,#9508,#9509));
#9511=FACE_BOUND('',#9510,.T.);
#9512=ADVANCED_FACE('',(#9511),#9499,.T.);
#9513=CARTESIAN_POINT('',(0.,250.,128.52));
#9514=DIRECTION('',(0.,0.,1.));
#9515=DIRECTION('',(1.,0.,-0.));
#9516=AXIS2_PLACEMENT_3D('',#9513,#9514,#9515);
#9517=TOROIDAL_SURFACE('',#9516,10.6,0.6);
#9518=ORIENTED_EDGE('',*,*,#9433,.T.);
#9519=ORIENTED_EDGE('',*,*,#1524,.F.);
#9520=ORIENTED_EDGE('',*,*,#9507,.T.);
#9521=ORIENTED_EDGE('',*,*,#8974,.F.);
#9522=EDGE_LOOP('',(#9518,#9519,#9520,#9521));
#9523=FACE_BOUND('',#9522,.T.);
#9524=ADVANCED_FACE('',(#9523),#9517,.T.);
#9525=CARTESIAN_POINT('',(0.,250.,128.52));
#9526=DIRECTION('',(0.,0.,1.));
#9527=DIRECTION('',(1.,0.,-0.));
#9528=AXIS2_PLACEMENT_3D('',#9525,#9526,#9527);
#9529=TOROIDAL_SURFACE('',#9528,10.6,0.6);
#9530=ORIENTED_EDGE('',*,*,#6734,.F.);
#9531=ORIENTED_EDGE('',*,*,#1843,.F.);
#9532=CARTESIAN_POINT('',(-9.657066141,247.403642252,128.52));
#9533=VERTEX_POINT('',#9532);
#9534=CARTESIAN_POINT('',(-10.236490109,247.247860787,128.52));
#9535=DIRECTION('',(0.259635775,-0.965706614,-0.));
#9536=DIRECTION('',(0.965706614,0.259635775,0.));
#9537=AXIS2_PLACEMENT_3D('',#9534,#9535,#9536);
#9538=CIRCLE('',#9537,0.6);
#9539=EDGE_CURVE('',#9533,#1829,#9538,.T.);
#9540=ORIENTED_EDGE('',*,*,#9539,.F.);
#9541=CARTESIAN_POINT('',(0.,250.,128.52));
#9542=DIRECTION('',(0.,0.,1.));
#9543=DIRECTION('',(1.,0.,-0.));
#9544=AXIS2_PLACEMENT_3D('',#9541,#9542,#9543);
#9545=CIRCLE('',#9544,10.);
#9546=EDGE_CURVE('',#8895,#9533,#9545,.T.);
#9547=ORIENTED_EDGE('',*,*,#9546,.F.);
#9548=ORIENTED_EDGE('',*,*,#9016,.F.);
#9549=EDGE_LOOP('',(#9530,#9531,#9540,#9547,#9548));
#9550=FACE_BOUND('',#9549,.T.);
#9551=ADVANCED_FACE('',(#9550),#9529,.T.);
#9552=CARTESIAN_POINT('',(-7.791167832,243.731211935,125.914684166));
#9553=CARTESIAN_POINT('',(-7.751436528,243.681831854,125.943545607));
#9554=CARTESIAN_POINT('',(-7.721255897,243.624787102,125.972400018));
#9555=CARTESIAN_POINT('',(-7.683589985,243.502161326,126.026658701));
#9556=CARTESIAN_POINT('',(-7.676113881,243.436610175,126.052049756));
#9557=CARTESIAN_POINT('',(-7.684765654,243.304837387,126.096331645));
#9558=CARTESIAN_POINT('',(-7.700891423,243.238647852,126.115211692));
#9559=CARTESIAN_POINT('',(-7.75482242,243.113544558,126.144201692));
#9560=CARTESIAN_POINT('',(-7.792614508,243.054661277,126.154304584));
#9561=CARTESIAN_POINT('',(-7.838982987,243.002952366,126.159413825));
#9562=CARTESIAN_POINT('',(-7.846923132,243.80050745,126.121717202));
#9563=CARTESIAN_POINT('',(-7.808700086,243.752102685,126.153846674));
#9564=CARTESIAN_POINT('',(-7.780040822,243.696161737,126.185968399));
#9565=CARTESIAN_POINT('',(-7.745242657,243.57583123,126.246390353));
#9566=CARTESIAN_POINT('',(-7.739112129,243.511470646,126.274676013));
#9567=CARTESIAN_POINT('',(-7.750113261,243.38197956,126.32404521));
#9568=CARTESIAN_POINT('',(-7.767242265,243.316880239,126.345116842));
#9569=CARTESIAN_POINT('',(-7.822728079,243.193682332,126.377537431));
#9570=CARTESIAN_POINT('',(-7.861071521,243.135613413,126.388878571));
#9571=CARTESIAN_POINT('',(-7.907745014,243.084512496,126.394678639));
#9572=CARTESIAN_POINT('',(-7.910677421,243.881599166,126.318551509));
#9573=CARTESIAN_POINT('',(-7.874151538,243.834332795,126.353762195));
#9574=CARTESIAN_POINT('',(-7.847210265,243.779672222,126.388964491));
#9575=CARTESIAN_POINT('',(-7.81566807,243.661997862,126.455205701));
#9576=CARTESIAN_POINT('',(-7.81107465,243.599012084,126.486228831));
#9577=CARTESIAN_POINT('',(-7.824783031,243.472158721,126.5404258));
#9578=CARTESIAN_POINT('',(-7.843081562,243.408321331,126.563586726));
#9579=CARTESIAN_POINT('',(-7.900411961,243.287340867,126.599305213));
#9580=CARTESIAN_POINT('',(-7.939430175,243.230226592,126.611854263));
#9581=CARTESIAN_POINT('',(-7.986504056,243.179850427,126.618353987));
#9582=CARTESIAN_POINT('',(-8.051444923,244.068062654,126.692598942));
#9583=CARTESIAN_POINT('',(-8.018573052,244.023403351,126.733646804));
#9584=CARTESIAN_POINT('',(-7.995356444,243.971647446,126.77468508));
#9585=CARTESIAN_POINT('',(-7.970939376,243.859975539,126.851956331));
#9586=CARTESIAN_POINT('',(-7.969744605,243.800085588,126.888171262));
#9587=CARTESIAN_POINT('',(-7.989520897,243.679179048,126.951536118));
#9588=CARTESIAN_POINT('',(-8.010487338,243.618190665,126.978671247));
#9589=CARTESIAN_POINT('',(-8.072131666,243.502253162,127.020682211));
#9590=CARTESIAN_POINT('',(-8.112795165,243.44733109,127.035548235));
#9591=CARTESIAN_POINT('',(-8.160929387,243.398656918,127.043407889));
#9592=CARTESIAN_POINT('',(-8.128470551,244.173431913,126.869808084));
#9593=CARTESIAN_POINT('',(-8.097555821,244.130241006,126.913612044));
#9594=CARTESIAN_POINT('',(-8.076346213,244.080109032,126.957405855));
#9595=CARTESIAN_POINT('',(-8.055799064,243.971782691,127.039888063));
#9596=CARTESIAN_POINT('',(-8.056466271,243.913613386,127.078557369));
#9597=CARTESIAN_POINT('',(-8.079604233,243.796015344,127.146262297));
#9598=CARTESIAN_POINT('',(-8.10206963,243.736613814,127.175282249));
#9599=CARTESIAN_POINT('',(-8.166184596,243.623501673,127.220287467));
#9600=CARTESIAN_POINT('',(-8.207819327,243.569817231,127.236262317));
#9601=CARTESIAN_POINT('',(-8.256614284,243.522120565,127.244781939));
#9602=CARTESIAN_POINT('',(-8.252331519,244.351614674,127.120497102));
#9603=CARTESIAN_POINT('',(-8.224472607,244.310896273,127.168229385));
#9604=CARTESIAN_POINT('',(-8.20642951,244.263473228,127.215950694));
#9605=CARTESIAN_POINT('',(-8.192062091,244.160703793,127.30585061));
#9606=CARTESIAN_POINT('',(-8.195741068,244.105381007,127.348008567));
#9607=CARTESIAN_POINT('',(-8.224398659,243.993259101,127.421863335));
#9608=CARTESIAN_POINT('',(-8.249370689,243.936485734,127.453543182));
#9609=CARTESIAN_POINT('',(-8.317712251,243.828081794,127.502742841));
#9610=CARTESIAN_POINT('',(-8.361066084,243.776476121,127.520251351));
#9611=CARTESIAN_POINT('',(-8.411095267,243.730451658,127.529655784));
#9612=CARTESIAN_POINT('',(-8.294898941,244.414239356,127.201256438));
#9613=CARTESIAN_POINT('',(-8.268075908,244.37438856,127.250259542));
#9614=CARTESIAN_POINT('',(-8.251111503,244.32791229,127.299251406));
#9615=CARTESIAN_POINT('',(-8.238860989,244.227081357,127.391549268));
#9616=CARTESIAN_POINT('',(-8.243577688,244.172749821,127.434834098));
#9617=CARTESIAN_POINT('',(-8.274149741,244.062535217,127.510671889));
#9618=CARTESIAN_POINT('',(-8.299998084,244.006677427,127.543207458));
#9619=CARTESIAN_POINT('',(-8.369831365,243.899917913,127.593750877));
#9620=CARTESIAN_POINT('',(-8.413800287,243.849040675,127.611747135));
#9621=CARTESIAN_POINT('',(-8.464280123,243.803606607,127.621427771));
#9622=CARTESIAN_POINT('',(-8.380927114,244.544165406,127.354906498));
#9623=CARTESIAN_POINT('',(-8.356165964,244.50610999,127.406348028));
#9624=CARTESIAN_POINT('',(-8.341362362,244.461584821,127.457777766));
#9625=CARTESIAN_POINT('',(-8.333381039,244.364740585,127.554670077));
#9626=CARTESIAN_POINT('',(-8.340205147,244.312443718,127.60011044));
#9627=CARTESIAN_POINT('',(-8.374694248,244.206144241,127.679728172));
#9628=CARTESIAN_POINT('',(-8.402351335,244.152165999,127.713887291));
#9629=CARTESIAN_POINT('',(-8.47529433,244.048790574,127.766958369));
#9630=CARTESIAN_POINT('',(-8.520563517,243.999417088,127.785858161));
#9631=CARTESIAN_POINT('',(-8.572014586,243.955210787,127.796030111));
#9632=CARTESIAN_POINT('',(-8.424563297,244.611716461,127.42815754));
#9633=CARTESIAN_POINT('',(-8.400832557,244.57459258,127.480772077));
#9634=CARTESIAN_POINT('',(-8.387115499,244.531075892,127.533374542));
#9635=CARTESIAN_POINT('',(-8.381294838,244.436288376,127.632473658));
#9636=CARTESIAN_POINT('',(-8.389192571,244.385039297,127.678947572));
#9637=CARTESIAN_POINT('',(-8.425691183,244.280755983,127.760370996));
#9638=CARTESIAN_POINT('',(-8.45428369,244.227745676,127.795301826));
#9639=CARTESIAN_POINT('',(-8.528849405,244.126116868,127.849563163));
#9640=CARTESIAN_POINT('',(-8.574805507,244.077521686,127.868881221));
#9641=CARTESIAN_POINT('',(-8.626778211,244.03395503,127.879269932));
#9642=CARTESIAN_POINT('',(-8.556765407,244.822236895,127.637485684));
#9643=CARTESIAN_POINT('',(-8.536106752,244.788009228,127.693498357));
#9644=CARTESIAN_POINT('',(-8.525653569,244.747616414,127.749498092));
#9645=CARTESIAN_POINT('',(-8.52637142,244.659187115,127.854975608));
#9646=CARTESIAN_POINT('',(-8.537542293,244.611171064,127.904429025));
#9647=CARTESIAN_POINT('',(-8.580212544,244.513107189,127.991028483));
#9648=CARTESIAN_POINT('',(-8.611702069,244.463082025,128.02815452));
#9649=CARTESIAN_POINT('',(-8.691337244,244.366849316,128.085752507));
#9650=CARTESIAN_POINT('',(-8.7394645,244.320664006,128.106211154));
#9651=CARTESIAN_POINT('',(-8.793109932,244.279088991,128.117142823));
#9652=CARTESIAN_POINT('',(-8.646619673,244.973040932,127.763180392));
#9653=CARTESIAN_POINT('',(-8.627983318,244.940878833,127.821298286));
#9654=CARTESIAN_POINT('',(-8.619711549,244.902698823,127.879402592));
#9655=CARTESIAN_POINT('',(-8.624863766,244.818756885,127.988811365));
#9656=CARTESIAN_POINT('',(-8.638286569,244.773014567,128.040090315));
#9657=CARTESIAN_POINT('',(-8.685262832,244.679322912,128.12982018));
#9658=CARTESIAN_POINT('',(-8.718805349,244.631395457,128.168250167));
#9659=CARTESIAN_POINT('',(-8.80209044,244.538967556,128.227760664));
#9660=CARTESIAN_POINT('',(-8.851813595,244.494488695,128.248827292));
#9661=CARTESIAN_POINT('',(-8.906719504,244.454338808,128.25997738));
#9662=CARTESIAN_POINT('',(-8.781869232,245.215926412,127.931293901));
#9663=CARTESIAN_POINT('',(-8.766166,245.187072402,127.992388753));
#9664=CARTESIAN_POINT('',(-8.761127858,245.152416847,128.053468942));
#9665=CARTESIAN_POINT('',(-8.772977221,245.075595539,128.168387823));
#9666=CARTESIAN_POINT('',(-8.789861892,245.033448187,128.222198999));
#9667=CARTESIAN_POINT('',(-8.843557959,244.946657662,128.316170937));
#9668=CARTESIAN_POINT('',(-8.8803565,244.902035277,128.356309199));
#9669=CARTESIAN_POINT('',(-8.969509775,244.815606053,128.418150858));
#9670=CARTESIAN_POINT('',(-9.021843162,244.773819915,128.439839447));
#9671=CARTESIAN_POINT('',(-9.078843618,244.735929635,128.451015297));
#9672=CARTESIAN_POINT('',(-8.827165883,245.299954444,127.984042458));
#9673=CARTESIAN_POINT('',(-8.812426807,245.272242082,128.04610154));
#9674=CARTESIAN_POINT('',(-8.808463599,245.238799906,128.108145526));
#9675=CARTESIAN_POINT('',(-8.822560038,245.164425923,128.224840188));
#9676=CARTESIAN_POINT('',(-8.840616281,245.123512117,128.279462634));
#9677=CARTESIAN_POINT('',(-8.896602609,245.039087667,128.374775363));
#9678=CARTESIAN_POINT('',(-8.934519155,244.995597457,128.415442588));
#9679=CARTESIAN_POINT('',(-9.025699635,244.911223562,128.477972456));
#9680=CARTESIAN_POINT('',(-9.078941513,244.870360299,128.499819971));
#9681=CARTESIAN_POINT('',(-9.136675817,244.833246004,128.510953603));
#9682=CARTESIAN_POINT('',(-8.91610001,245.470933169,128.081128225));
#9683=CARTESIAN_POINT('',(-8.903215388,245.445535941,128.145035739));
#9684=CARTESIAN_POINT('',(-8.901348146,245.414549412,128.208927333));
#9685=CARTESIAN_POINT('',(-8.919873424,245.345120124,128.329005906));
#9686=CARTESIAN_POINT('',(-8.940261358,245.306694581,128.38516313));
#9687=CARTESIAN_POINT('',(-9.000840036,245.227037509,128.482969472));
#9688=CARTESIAN_POINT('',(-9.041015773,245.185825731,128.524594353));
#9689=CARTESIAN_POINT('',(-9.136315705,245.105586058,128.588288696));
#9690=CARTESIAN_POINT('',(-9.191416288,245.066578056,128.610342374));
#9691=CARTESIAN_POINT('',(-9.250659005,245.031024662,128.621278263));
#9692=CARTESIAN_POINT('',(-8.95989902,245.558157041,128.125684392));
#9693=CARTESIAN_POINT('',(-8.947908223,245.533937433,128.190479289));
#9694=CARTESIAN_POINT('',(-8.947065622,245.504197651,128.255257908));
#9695=CARTESIAN_POINT('',(-8.967779618,245.437274825,128.376950809));
#9696=CARTESIAN_POINT('',(-8.989331018,245.400108607,128.433834521));
#9697=CARTESIAN_POINT('',(-9.05221785,245.322861613,128.532799123));
#9698=CARTESIAN_POINT('',(-9.09353749,245.282800255,128.574855154));
#9699=CARTESIAN_POINT('',(-9.190934206,245.204646824,128.639029907));
#9700=CARTESIAN_POINT('',(-9.246986819,245.166574396,128.661132507));
#9701=CARTESIAN_POINT('',(-9.307005391,245.131808414,128.671914082));
#9702=CARTESIAN_POINT('',(-9.088905095,245.824974075,128.248053929));
#9703=CARTESIAN_POINT('',(-9.079491691,245.80434403,128.315418657));
#9704=CARTESIAN_POINT('',(-9.081651229,245.778400253,128.382765681));
#9705=CARTESIAN_POINT('',(-9.108852788,245.719098576,128.509098126));
#9706=CARTESIAN_POINT('',(-9.133887689,245.685756313,128.568050344));
#9707=CARTESIAN_POINT('',(-9.203733746,245.615817346,128.670238218));
#9708=CARTESIAN_POINT('',(-9.248526568,245.579239074,128.713447013));
#9709=CARTESIAN_POINT('',(-9.352316177,245.507393165,128.778751756));
#9710=CARTESIAN_POINT('',(-9.4112857,245.472144458,128.800830534));
#9711=CARTESIAN_POINT('',(-9.473685115,245.439751478,128.810970373));
#9712=CARTESIAN_POINT('',(-9.171719477,246.009703259,128.314594865));
#9713=CARTESIAN_POINT('',(-9.163883988,245.991542095,128.383550583));
#9714=CARTESIAN_POINT('',(-9.167947727,245.968203329,128.452487414));
#9715=CARTESIAN_POINT('',(-9.199366747,245.914117756,128.581644162));
#9716=CARTESIAN_POINT('',(-9.226713507,245.883385774,128.641828866));
#9717=CARTESIAN_POINT('',(-9.301243266,245.818421819,128.745833132));
#9718=CARTESIAN_POINT('',(-9.348405986,245.784207638,128.789624329));
#9719=CARTESIAN_POINT('',(-9.45659316,245.716631127,128.855270018));
#9720=CARTESIAN_POINT('',(-9.517588145,245.683287293,128.877106594));
#9721=CARTESIAN_POINT('',(-9.581645939,245.652490513,128.886580965));
#9722=CARTESIAN_POINT('',(-9.289747424,246.297120126,128.393529974));
#9723=CARTESIAN_POINT('',(-9.284043136,246.282767446,128.464746512));
#9724=CARTESIAN_POINT('',(-9.290801119,246.263450584,128.535942199));
#9725=CARTESIAN_POINT('',(-9.328363639,246.217403513,128.669030187));
#9726=CARTESIAN_POINT('',(-9.359157237,246.190686747,128.730883693));
#9727=CARTESIAN_POINT('',(-9.440764377,246.133344515,128.837163213));
#9728=CARTESIAN_POINT('',(-9.49155414,246.102735783,128.881558245));
#9729=CARTESIAN_POINT('',(-9.606499856,246.041627014,128.947083233));
#9730=CARTESIAN_POINT('',(-9.670622309,246.011144808,128.968194085));
#9731=CARTESIAN_POINT('',(-9.737223838,245.98271834,128.976279843));
#9732=CARTESIAN_POINT('',(-9.328171655,246.394958261,128.416404014));
#9733=CARTESIAN_POINT('',(-9.323140162,246.381896815,128.488355102));
#9734=CARTESIAN_POINT('',(-9.330771525,246.363944125,128.560284697));
#9735=CARTESIAN_POINT('',(-9.370356971,246.320621189,128.694635564));
#9736=CARTESIAN_POINT('',(-9.402299255,246.295263893,128.757016746));
#9737=CARTESIAN_POINT('',(-9.486280932,246.24049707,128.863981564));
#9738=CARTESIAN_POINT('',(-9.538295277,246.211103907,128.908533281));
#9739=CARTESIAN_POINT('',(-9.655527475,246.152168411,128.973912159));
#9740=CARTESIAN_POINT('',(-9.720710357,246.122643684,128.994719805));
#9741=CARTESIAN_POINT('',(-9.788171596,246.095005583,129.002276142));
#9742=CARTESIAN_POINT('',(-9.402095513,246.592403733,128.455041046));
#9743=CARTESIAN_POINT('',(-9.398317658,246.581935295,128.528414776));
#9744=CARTESIAN_POINT('',(-9.4076263,246.566725722,128.60176548));
#9745=CARTESIAN_POINT('',(-9.451162741,246.528877406,128.738531249));
#9746=CARTESIAN_POINT('',(-9.485376905,246.506250552,128.80190344));
#9747=CARTESIAN_POINT('',(-9.574085457,246.456644703,128.910082018));
#9748=CARTESIAN_POINT('',(-9.628552047,246.429681283,128.95485449));
#9749=CARTESIAN_POINT('',(-9.750367472,246.375071208,129.01972878));
#9750=CARTESIAN_POINT('',(-9.817678127,246.347441693,129.039810255));
#9751=CARTESIAN_POINT('',(-9.886854442,246.321351273,129.046181855));
#9752=CARTESIAN_POINT('',(-9.437579166,246.691931347,128.470822642));
#9753=CARTESIAN_POINT('',(-9.434382531,246.68276369,128.544883542));
#9754=CARTESIAN_POINT('',(-9.444494977,246.668932066,128.618920436));
#9755=CARTESIAN_POINT('',(-9.489958428,246.633832354,128.756836514));
#9756=CARTESIAN_POINT('',(-9.525294821,246.612575585,128.820671331));
#9757=CARTESIAN_POINT('',(-9.616353225,246.565553698,128.929377654));
#9758=CARTESIAN_POINT('',(-9.672045959,246.539803732,128.974214186));
#9759=CARTESIAN_POINT('',(-9.796155005,246.487344551,129.038730885));
#9760=CARTESIAN_POINT('',(-9.864531404,246.460652234,129.058390289));
#9761=CARTESIAN_POINT('',(-9.934561713,246.435320671,129.064107904));
#9762=CARTESIAN_POINT('',(-9.539507105,246.992895228,128.508239217));
#9763=CARTESIAN_POINT('',(-9.537914436,246.987641221,128.584305611));
#9764=CARTESIAN_POINT('',(-9.550332452,246.977964056,128.660345327));
#9765=CARTESIAN_POINT('',(-9.601431253,246.951148427,128.801573231));
#9766=CARTESIAN_POINT('',(-9.640094295,246.934019407,128.866712235));
#9767=CARTESIAN_POINT('',(-9.738162887,246.894762602,128.976789145));
#9768=CARTESIAN_POINT('',(-9.79753434,246.872648591,129.021688702));
#9769=CARTESIAN_POINT('',(-9.928525573,246.826600021,129.084831228));
#9770=CARTESIAN_POINT('',(-10.000099779,246.802681586,129.103052174));
#9771=CARTESIAN_POINT('',(-10.072672162,246.77957146,129.106626704));
#9772=CARTESIAN_POINT('',(-9.601430394,247.196706947,128.52));
#9773=CARTESIAN_POINT('',(-9.600723198,247.194076555,128.597327823));
#9774=CARTESIAN_POINT('',(-9.614539084,247.187196141,128.674627121));
#9775=CARTESIAN_POINT('',(-9.669203168,247.165953895,128.817874581));
#9776=CARTESIAN_POINT('',(-9.710031263,247.151600043,128.883769894));
#9777=CARTESIAN_POINT('',(-9.812720955,247.117537888,128.994474136));
#9778=CARTESIAN_POINT('',(-9.874544744,247.097842289,129.039242196));
#9779=CARTESIAN_POINT('',(-10.010123966,247.056012123,129.101064665));
#9780=CARTESIAN_POINT('',(-10.083829446,247.033893104,129.118096205));
#9781=CARTESIAN_POINT('',(-10.158068474,247.012190769,129.12));
#9782=CARTESIAN_POINT('',(-9.657066141,247.403642252,128.52));
#9783=CARTESIAN_POINT('',(-9.657066141,247.403642252,128.598539816));
#9784=CARTESIAN_POINT('',(-9.672146996,247.399587678,128.677048731));
#9785=CARTESIAN_POINT('',(-9.730197332,247.383980511,128.822171388));
#9786=CARTESIAN_POINT('',(-9.773143974,247.37243406,128.888728032));
#9787=CARTESIAN_POINT('',(-9.88040701,247.343595776,128.999800105));
#9788=CARTESIAN_POINT('',(-9.944681201,247.32631529,129.044271833));
#9789=CARTESIAN_POINT('',(-10.084827111,247.288636256,129.104383606));
#9790=CARTESIAN_POINT('',(-10.160643689,247.268252534,129.12));
#9791=CARTESIAN_POINT('',(-10.236490109,247.247860787,129.12));
#9792=B_SPLINE_SURFACE_WITH_KNOTS('',3,3,((#9552,#9553,#9554,#9555,#9556,#9557,#9558,#9559,#9560,#9561),(#9562,#9563,#9564,#9565,#9566,#9567,#9568,#9569,#9570,#9571),(#9572,#9573,#9574,#9575,#9576,#9577,#9578,#9579,#9580,#9581),(#9582,#9583,#9584,#9585,#9586,#9587,#9588,#9589,#9590,#9591),(#9592,#9593,#9594,#9595,#9596,#9597,#9598,#9599,#9600,#9601),(#9602,#9603,#9604,#9605,#9606,#9607,#9608,#9609,#9610,#9611),(#9612,#9613,#9614,#9615,#9616,#9617,#9618,#9619,#9620,#9621),(#9622,#9623,#9624,#9625,#9626,#9627,#9628,#9629,#9630,#9631),(#9632,#9633,#9634,#9635,#9636,#9637,#9638,#9639,#9640,#9641),(#9642,#9643,#9644,#9645,#9646,#9647,#9648,#9649,#9650,#9651),(#9652,#9653,#9654,#9655,#9656,#9657,#9658,#9659,#9660,#9661),(#9662,#9663,#9664,#9665,#9666,#9667,#9668,#9669,#9670,#9671),(#9672,#9673,#9674,#9675,#9676,#9677,#9678,#9679,#9680,#9681),(#9682,#9683,#9684,#9685,#9686,#9687,#9688,#9689,#9690,#9691),(#9692,#9693,#9694,#9695,#9696,#9697,#9698,#9699,#9700,#9701),(#9702,#9703,#9704,#9705,#9706,#9707,#9708,#9709,#9710,#9711),(#9712,#9713,#9714,#9715,#9716,#9717,#9718,#9719,#9720,#9721),(#9722,#9723,#9724,#9725,#9726,#9727,#9728,#9729,#9730,#9731),(#9732,#9733,#9734,#9735,#9736,#9737,#9738,#9739,#9740,#9741),(#9742,#9743,#9744,#9745,#9746,#9747,#9748,#9749,#9750,#9751),(#9752,#9753,#9754,#9755,#9756,#9757,#9758,#9759,#9760,#9761),(#9762,#9763,#9764,#9765,#9766,#9767,#9768,#9769,#9770,#9771),(#9772,#9773,#9774,#9775,#9776,#9777,#9778,#9779,#9780,#9781),(#9782,#9783,#9784,#9785,#9786,#9787,#9788,#9789,#9790,#9791)),.UNSPECIFIED.,.F.,.F.,.U.,(4,2,2,2,2,2,2,2,2,2,2,4),(4,2,2,2,4),(0.,0.000672866,0.001345731,0.001682164,0.002018597,0.002691463,0.003027896,0.003364329,0.004037194,0.004373627,0.00471006,0.005382926),(0.,0.25,0.5,0.75,1.),.UNSPECIFIED.);
#9793=ORIENTED_EDGE('',*,*,#9539,.T.);
#9794=ORIENTED_EDGE('',*,*,#6462,.F.);
#9795=CARTESIAN_POINT('',(-7.791167832,243.731211935,125.914684166));
#9796=VERTEX_POINT('',#9795);
#9797=CARTESIAN_POINT('',(-8.258637902,243.355084651,125.914684166));
#9798=DIRECTION('',(0.259796263,-0.322887975,-0.910082006));
#9799=DIRECTION('',(0.,0.942442219,-0.334369054));
#9800=AXIS2_PLACEMENT_3D('',#9797,#9798,#9799);
#9801=CIRCLE('',#9800,0.6);
#9802=EDGE_CURVE('',#9796,#6428,#9801,.T.);
#9803=ORIENTED_EDGE('',*,*,#9802,.F.);
#9804=CARTESIAN_POINT('',(-9.657066141,247.403642252,128.52));
#9805=CARTESIAN_POINT('',(-9.601430394,247.196706947,128.52));
#9806=CARTESIAN_POINT('',(-9.539507105,246.992895228,128.508239217));
#9807=CARTESIAN_POINT('',(-9.471555146,246.792252641,128.483294833));
#9808=CARTESIAN_POINT('',(-9.403603186,246.591610053,128.45835045));
#9809=CARTESIAN_POINT('',(-9.329090073,246.392925748,128.419841677));
#9810=CARTESIAN_POINT('',(-9.250404775,246.201314504,128.367218271));
#9811=CARTESIAN_POINT('',(-9.171719477,246.009703259,128.314594865));
#9812=CARTESIAN_POINT('',(-9.088903061,245.824969644,128.248069533));
#9813=CARTESIAN_POINT('',(-9.002898885,245.647091585,128.166490107));
#9814=CARTESIAN_POINT('',(-8.959896797,245.558152555,128.125700394));
#9815=CARTESIAN_POINT('',(-8.91610001,245.470933169,128.081128225));
#9816=CARTESIAN_POINT('',(-8.871632946,245.385443806,128.032585342));
#9817=CARTESIAN_POINT('',(-8.827165883,245.299954444,127.984042458));
#9818=CARTESIAN_POINT('',(-8.781869232,245.215926412,127.931293901));
#9819=CARTESIAN_POINT('',(-8.736786046,245.134964585,127.875256065));
#9820=CARTESIAN_POINT('',(-8.646619673,244.973040932,127.763180392));
#9821=CARTESIAN_POINT('',(-8.556760853,244.822229355,127.637498871));
#9822=CARTESIAN_POINT('',(-8.468625767,244.681882136,127.497947345));
#9823=CARTESIAN_POINT('',(-8.380490682,244.541534917,127.35839582));
#9824=CARTESIAN_POINT('',(-8.293618508,244.411008927,127.204060107));
#9825=CARTESIAN_POINT('',(-8.21104453,244.29222042,127.036934096));
#9826=CARTESIAN_POINT('',(-8.045896573,244.054643406,126.702682072));
#9827=CARTESIAN_POINT('',(-7.902678432,243.869802965,126.328750239));
#9828=CARTESIAN_POINT('',(-7.791167832,243.731211935,125.914684166));
#9829=B_SPLINE_CURVE_WITH_KNOTS('',3,(#9804,#9805,#9806,#9807,#9808,#9809,#9810,#9811,#9812,#9813,#9814,#9815,#9816,#9817,#9818,#9819,#9820,#9821,#9822,#9823,#9824,#9825,#9826,#9827,#9828),.UNSPECIFIED.,.F.,.F.,(4,3,3,3,3,3,3,3,4),(0.,0.000672866,0.001345731,0.002018597,0.00235503,0.002691463,0.003364329,0.004037194,0.005382926),.UNSPECIFIED.);
#9830=EDGE_CURVE('',#9533,#9796,#9829,.T.);
#9831=ORIENTED_EDGE('',*,*,#9830,.F.);
#9832=EDGE_LOOP('',(#9793,#9794,#9803,#9831));
#9833=FACE_BOUND('',#9832,.T.);
#9834=ADVANCED_FACE('',(#9833),#9792,.T.);
#9835=CARTESIAN_POINT('',(-7.745944661,243.675417697,125.590035245));
#9836=CARTESIAN_POINT('',(-7.714115286,243.63643511,125.590035052));
#9837=CARTESIAN_POINT('',(-7.687218385,243.593429475,125.590034858));
#9838=CARTESIAN_POINT('',(-7.644976588,243.502069553,125.590034484));
#9839=CARTESIAN_POINT('',(-7.629634506,243.453721353,125.590034302));
#9840=CARTESIAN_POINT('',(-7.611470278,243.354721022,125.590033963));
#9841=CARTESIAN_POINT('',(-7.608649341,243.304075487,125.590033806));
#9842=CARTESIAN_POINT('',(-7.615706762,243.20367032,125.590033524));
#9843=CARTESIAN_POINT('',(-7.62558465,243.153917378,125.590033399));
#9844=CARTESIAN_POINT('',(-7.641501928,243.106174405,125.590033296));
#9845=CARTESIAN_POINT('',(-7.745944652,243.675417686,125.646408957));
#9846=CARTESIAN_POINT('',(-7.712005854,243.633851613,125.65110781));
#9847=CARTESIAN_POINT('',(-7.683657113,243.587727007,125.655806349));
#9848=CARTESIAN_POINT('',(-7.64013937,243.489607975,125.664908097));
#9849=CARTESIAN_POINT('',(-7.624974012,243.437621696,125.669310699));
#9850=CARTESIAN_POINT('',(-7.608907892,243.331454521,125.677543215));
#9851=CARTESIAN_POINT('',(-7.608008519,243.277282443,125.681372581));
#9852=CARTESIAN_POINT('',(-7.620556792,243.170576233,125.688217341));
#9853=CARTESIAN_POINT('',(-7.634003478,243.11805098,125.691232279));
#9854=CARTESIAN_POINT('',(-7.654160329,243.06820572,125.693745222));
#9855=CARTESIAN_POINT('',(-7.750498854,243.68098726,125.701602671));
#9856=CARTESIAN_POINT('',(-7.714928671,243.637362896,125.710974823));
#9857=CARTESIAN_POINT('',(-7.685658353,243.588608371,125.720346107));
#9858=CARTESIAN_POINT('',(-7.642047123,243.484705908,125.738384605));
#9859=CARTESIAN_POINT('',(-7.627710885,243.429568899,125.747050156));
#9860=CARTESIAN_POINT('',(-7.615133252,243.317294362,125.763022499));
#9861=CARTESIAN_POINT('',(-7.61689333,243.260168648,125.770327802));
#9862=CARTESIAN_POINT('',(-7.636401109,243.148472635,125.783023755));
#9863=CARTESIAN_POINT('',(-7.654146961,243.093914128,125.788413193));
#9864=CARTESIAN_POINT('',(-7.679199394,243.042813973,125.792637214));
#9865=CARTESIAN_POINT('',(-7.76618303,243.700273368,125.810272946));
#9866=CARTESIAN_POINT('',(-7.728017705,243.653227606,125.829238439));
#9867=CARTESIAN_POINT('',(-7.697691434,243.599834253,125.848200943));
#9868=CARTESIAN_POINT('',(-7.655701702,243.48559424,125.884295715));
#9869=CARTESIAN_POINT('',(-7.64404517,243.424766224,125.901422307));
#9870=CARTESIAN_POINT('',(-7.640570528,243.301664028,125.932185316));
#9871=CARTESIAN_POINT('',(-7.64875312,243.239409942,125.945816887));
#9872=CARTESIAN_POINT('',(-7.684181685,243.119608887,125.968266081));
#9873=CARTESIAN_POINT('',(-7.711422059,243.062081509,125.977080153));
#9874=CARTESIAN_POINT('',(-7.746868139,243.009755918,125.983057297));
#9875=CARTESIAN_POINT('',(-7.777387684,243.714085267,125.86351511));
#9876=CARTESIAN_POINT('',(-7.738275373,243.66569675,125.887379246));
#9877=CARTESIAN_POINT('',(-7.707829736,243.610316365,125.911238828));
#9878=CARTESIAN_POINT('',(-7.667580363,243.491567543,125.956410688));
#9879=CARTESIAN_POINT('',(-7.657784788,243.428222685,125.977714331));
#9880=CARTESIAN_POINT('',(-7.659939823,243.300446844,126.015486837));
#9881=CARTESIAN_POINT('',(-7.671890286,243.23604124,126.031948431));
#9882=CARTESIAN_POINT('',(-7.716283383,243.113169045,126.058260314));
#9883=CARTESIAN_POINT('',(-7.748717557,243.054726929,126.068105458));
#9884=CARTESIAN_POINT('',(-7.789656653,243.002449282,126.074106668));
#9885=CARTESIAN_POINT('',(-7.791167832,243.731211935,125.914684166));
#9886=CARTESIAN_POINT('',(-7.75143652,243.681831844,125.943545597));
#9887=CARTESIAN_POINT('',(-7.721255882,243.624787079,125.972399997));
#9888=CARTESIAN_POINT('',(-7.683589964,243.502161277,126.02665866));
#9889=CARTESIAN_POINT('',(-7.676113859,243.436610113,126.052049705));
#9890=CARTESIAN_POINT('',(-7.684765638,243.304837301,126.096331575));
#9891=CARTESIAN_POINT('',(-7.700891414,243.238647755,126.115211612));
#9892=CARTESIAN_POINT('',(-7.754822428,243.113544447,126.144201596));
#9893=CARTESIAN_POINT('',(-7.792614529,243.054661161,126.15430448));
#9894=CARTESIAN_POINT('',(-7.83898302,243.002952249,126.159413714));
#9895=B_SPLINE_SURFACE_WITH_KNOTS('',3,3,((#9835,#9836,#9837,#9838,#9839,#9840,#9841,#9842,#9843,#9844),(#9845,#9846,#9847,#9848,#9849,#9850,#9851,#9852,#9853,#9854),(#9855,#9856,#9857,#9858,#9859,#9860,#9861,#9862,#9863,#9864),(#9865,#9866,#9867,#9868,#9869,#9870,#9871,#9872,#9873,#9874),(#9875,#9876,#9877,#9878,#9879,#9880,#9881,#9882,#9883,#9884),(#9885,#9886,#9887,#9888,#9889,#9890,#9891,#9892,#9893,#9894)),.UNSPECIFIED.,.F.,.F.,.U.,(4,2,4),(4,2,2,2,4),(0.,0.000167132,0.000334265),(0.,0.25,0.5,0.75,1.),.UNSPECIFIED.);
#9896=ORIENTED_EDGE('',*,*,#9802,.T.);
#9897=ORIENTED_EDGE('',*,*,#6920,.F.);
#9898=CARTESIAN_POINT('',(-7.610701341,243.295942759,125.590035246));
#9899=VERTEX_POINT('',#9898);
#9900=CARTESIAN_POINT('',(-8.210701341,243.295942759,125.590035245));
#9901=DIRECTION('',(0.,-0.,-1.));
#9902=DIRECTION('',(0.,1.,-0.));
#9903=AXIS2_PLACEMENT_3D('',#9900,#9901,#9902);
#9904=CIRCLE('',#9903,0.6);
#9905=EDGE_CURVE('',#9899,#6640,#9904,.T.);
#9906=ORIENTED_EDGE('',*,*,#9905,.F.);
#9907=CARTESIAN_POINT('',(-7.745944661,243.675417697,125.590035245));
#9908=VERTEX_POINT('',#9907);
#9909=CARTESIAN_POINT('',(-8.210701341,243.295942759,125.590035245));
#9910=DIRECTION('',(0.,-0.,-1.));
#9911=DIRECTION('',(0.,1.,-0.));
#9912=AXIS2_PLACEMENT_3D('',#9909,#9910,#9911);
#9913=CIRCLE('',#9912,0.6);
#9914=EDGE_CURVE('',#9908,#9899,#9913,.T.);
#9915=ORIENTED_EDGE('',*,*,#9914,.F.);
#9916=CARTESIAN_POINT('',(-7.791167832,243.731211935,125.914684166));
#9917=CARTESIAN_POINT('',(-7.763607536,243.6969586,125.812346054));
#9918=CARTESIAN_POINT('',(-7.745944643,243.675417675,125.702782669));
#9919=CARTESIAN_POINT('',(-7.745944661,243.675417697,125.590035245));
#9920=B_SPLINE_CURVE_WITH_KNOTS('',3,(#9916,#9917,#9918,#9919),.UNSPECIFIED.,.F.,.F.,(4,4),(0.,0.000334265),.UNSPECIFIED.);
#9921=EDGE_CURVE('',#9796,#9908,#9920,.T.);
#9922=ORIENTED_EDGE('',*,*,#9921,.F.);
#9923=EDGE_LOOP('',(#9896,#9897,#9906,#9915,#9922));
#9924=FACE_BOUND('',#9923,.T.);
#9925=ADVANCED_FACE('',(#9924),#9895,.T.);
#9926=CARTESIAN_POINT('',(-8.210701341,243.295942759,129.17));
#9927=DIRECTION('',(0.,0.,1.));
#9928=DIRECTION('',(1.,0.,-0.));
#9929=AXIS2_PLACEMENT_3D('',#9926,#9927,#9928);
#9930=CYLINDRICAL_SURFACE('',#9929,0.6);
#9931=CARTESIAN_POINT('',(-7.610701341,243.295942759,125.590035246));
#9932=DIRECTION('',(-0.,-0.,-1.));
#9933=VECTOR('',#9932,26.097421586);
#9934=LINE('',#9931,#9933);
#9935=EDGE_CURVE('',#9899,#8643,#9934,.T.);
#9936=ORIENTED_EDGE('',*,*,#9935,.T.);
#9937=ORIENTED_EDGE('',*,*,#8655,.F.);
#9938=CARTESIAN_POINT('',(-7.745944661,243.675417697,125.590035245));
#9939=DIRECTION('',(0.,0.,-1.));
#9940=VECTOR('',#9939,26.322010037);
#9941=LINE('',#9938,#9940);
#9942=EDGE_CURVE('',#9908,#8634,#9941,.T.);
#9943=ORIENTED_EDGE('',*,*,#9942,.F.);
#9944=ORIENTED_EDGE('',*,*,#9914,.T.);
#9945=EDGE_LOOP('',(#9936,#9937,#9943,#9944));
#9946=FACE_BOUND('',#9945,.T.);
#9947=ADVANCED_FACE('',(#9946),#9930,.T.);
#9948=CARTESIAN_POINT('',(11.448171876,253.859923357,99.92));
#9949=CARTESIAN_POINT('',(11.448171876,253.859923357,99.12));
#9950=CARTESIAN_POINT('',(11.084471311,253.62687251,99.92));
#9951=CARTESIAN_POINT('',(11.084471311,253.62687251,99.12));
#9952=CARTESIAN_POINT('',(10.869075831,253.256109798,99.92));
#9953=CARTESIAN_POINT('',(10.869075831,253.256109798,99.12));
#9954=CARTESIAN_POINT('',(10.653680351,252.885347086,99.92));
#9955=CARTESIAN_POINT('',(10.653680351,252.885347086,99.12));
#9956=CARTESIAN_POINT('',(10.653680351,252.355686069,99.92));
#9957=CARTESIAN_POINT('',(10.653680351,252.355686069,99.12));
#9958=CARTESIAN_POINT('',(10.653680351,251.826025052,99.92));
#9959=CARTESIAN_POINT('',(10.653680351,251.826025052,99.12));
#9960=CARTESIAN_POINT('',(10.869075831,251.451731267,99.92));
#9961=CARTESIAN_POINT('',(10.869075831,251.451731267,99.12));
#9962=CARTESIAN_POINT('',(11.084471311,251.077437482,99.92));
#9963=CARTESIAN_POINT('',(11.084471311,251.077437482,99.12));
#9964=CARTESIAN_POINT('',(11.448171876,250.840855561,99.92));
#9965=CARTESIAN_POINT('',(11.448171876,250.840855561,99.12));
#9966=CARTESIAN_POINT('',(11.811872441,250.60427364,99.92));
#9967=CARTESIAN_POINT('',(11.811872441,250.60427364,99.12));
#9968=CARTESIAN_POINT('',(12.29209843,250.498341436,99.92));
#9969=CARTESIAN_POINT('',(12.29209843,250.498341436,99.12));
#9970=CARTESIAN_POINT('',(12.772324418,250.392409233,99.92));
#9971=CARTESIAN_POINT('',(12.772324418,250.392409233,99.12));
#9972=CARTESIAN_POINT('',(13.301985435,250.392409233,99.92));
#9973=CARTESIAN_POINT('',(13.301985435,250.392409233,99.12));
#9974=CARTESIAN_POINT('',(13.831646452,250.392409233,99.92));
#9975=CARTESIAN_POINT('',(13.831646452,250.392409233,99.12));
#9976=CARTESIAN_POINT('',(14.308341368,250.498341436,99.92));
#9977=CARTESIAN_POINT('',(14.308341368,250.498341436,99.12));
#9978=CARTESIAN_POINT('',(14.785036283,250.60427364,99.92));
#9979=CARTESIAN_POINT('',(14.785036283,250.60427364,99.12));
#9980=CARTESIAN_POINT('',(15.141674701,250.840855561,99.92));
#9981=CARTESIAN_POINT('',(15.141674701,250.840855561,99.12));
#9982=B_SPLINE_SURFACE_WITH_KNOTS('',2,1,((#9948,#9949),(#9950,#9951),(#9952,#9953),(#9954,#9955),(#9956,#9957),(#9958,#9959),(#9960,#9961),(#9962,#9963),(#9964,#9965),(#9966,#9967),(#9968,#9969),(#9970,#9971),(#9972,#9973),(#9974,#9975),(#9976,#9977),(#9978,#9979),(#9980,#9981)),.UNSPECIFIED.,.F.,.F.,.U.,(3,2,2,2,2,2,2,2,3),(2,2),(0.,0.0625,0.125,0.1875,0.25,0.3125,0.375,0.4375,0.5),(0.,1.),.UNSPECIFIED.);
#9983=ORIENTED_EDGE('',*,*,#110,.F.);
#9984=CARTESIAN_POINT('',(11.448171876,253.859923357,99.92));
#9985=VERTEX_POINT('',#9984);
#9986=CARTESIAN_POINT('',(11.448171876,253.859923357,99.92));
#9987=DIRECTION('',(0.,0.,-1.));
#9988=VECTOR('',#9987,0.8);
#9989=LINE('',#9986,#9988);
#9990=EDGE_CURVE('',#9985,#89,#9989,.T.);
#9991=ORIENTED_EDGE('',*,*,#9990,.F.);
#9992=CARTESIAN_POINT('',(15.141674701,250.840855561,99.92));
#9993=VERTEX_POINT('',#9992);
#9994=CARTESIAN_POINT('',(11.448171876,253.859923357,99.92));
#9995=CARTESIAN_POINT('',(11.084471311,253.62687251,99.92));
#9996=CARTESIAN_POINT('',(10.869075831,253.256109798,99.92));
#9997=CARTESIAN_POINT('',(10.653680351,252.885347086,99.92));
#9998=CARTESIAN_POINT('',(10.653680351,252.355686069,99.92));
#9999=CARTESIAN_POINT('',(10.653680351,251.826025052,99.92));
#10000=CARTESIAN_POINT('',(10.869075831,251.451731267,99.92));
#10001=CARTESIAN_POINT('',(11.084471311,251.077437482,99.92));
#10002=CARTESIAN_POINT('',(11.448171876,250.840855561,99.92));
#10003=CARTESIAN_POINT('',(11.811872441,250.60427364,99.92));
#10004=CARTESIAN_POINT('',(12.29209843,250.498341436,99.92));
#10005=CARTESIAN_POINT('',(12.772324418,250.392409233,99.92));
#10006=CARTESIAN_POINT('',(13.301985435,250.392409233,99.92));
#10007=CARTESIAN_POINT('',(13.831646452,250.392409233,99.92));
#10008=CARTESIAN_POINT('',(14.308341368,250.498341436,99.92));
#10009=CARTESIAN_POINT('',(14.785036283,250.60427364,99.92));
#10010=CARTESIAN_POINT('',(15.141674701,250.840855561,99.92));
#10011=B_SPLINE_CURVE_WITH_KNOTS('',2,(#9994,#9995,#9996,#9997,#9998,#9999,#10000,#10001,#10002,#10003,#10004,#10005,#10006,#10007,#10008,#10009,#10010),.UNSPECIFIED.,.F.,.F.,(3,2,2,2,2,2,2,2,3),(0.,0.0625,0.125,0.1875,0.25,0.3125,0.375,0.4375,0.5),.UNSPECIFIED.);
#10012=EDGE_CURVE('',#9985,#9993,#10011,.T.);
#10013=ORIENTED_EDGE('',*,*,#10012,.T.);
#10014=CARTESIAN_POINT('',(15.141674701,250.840855561,99.92));
#10015=DIRECTION('',(0.,0.,-1.));
#10016=VECTOR('',#10015,0.8);
#10017=LINE('',#10014,#10016);
#10018=EDGE_CURVE('',#9993,#91,#10017,.T.);
#10019=ORIENTED_EDGE('',*,*,#10018,.T.);
#10020=EDGE_LOOP('',(#9983,#9991,#10013,#10019));
#10021=FACE_BOUND('',#10020,.T.);
#10022=ADVANCED_FACE('',(#10021),#9982,.T.);
#10023=CARTESIAN_POINT('',(14.343652102,252.955968555,99.92));
#10024=CARTESIAN_POINT('',(14.343652102,252.955968555,99.12));
#10025=CARTESIAN_POINT('',(14.58729617,252.878284939,99.92));
#10026=CARTESIAN_POINT('',(14.58729617,252.878284939,99.12));
#10027=CARTESIAN_POINT('',(14.753256622,252.733510928,99.92));
#10028=CARTESIAN_POINT('',(14.753256622,252.733510928,99.12));
#10029=CARTESIAN_POINT('',(14.919217074,252.588736917,99.92));
#10030=CARTESIAN_POINT('',(14.919217074,252.588736917,99.12));
#10031=CARTESIAN_POINT('',(14.919217074,252.355686069,99.92));
#10032=CARTESIAN_POINT('',(14.919217074,252.355686069,99.12));
#10033=CARTESIAN_POINT('',(14.919217074,252.122635222,99.92));
#10034=CARTESIAN_POINT('',(14.919217074,252.122635222,99.12));
#10035=CARTESIAN_POINT('',(14.753256622,251.974330137,99.92));
#10036=CARTESIAN_POINT('',(14.753256622,251.974330137,99.12));
#10037=CARTESIAN_POINT('',(14.58729617,251.826025052,99.92));
#10038=CARTESIAN_POINT('',(14.58729617,251.826025052,99.12));
#10039=CARTESIAN_POINT('',(14.343652102,251.744810363,99.92));
#10040=CARTESIAN_POINT('',(14.343652102,251.744810363,99.12));
#10041=CARTESIAN_POINT('',(14.100008034,251.663595674,99.92));
#10042=CARTESIAN_POINT('',(14.100008034,251.663595674,99.12));
#10043=CARTESIAN_POINT('',(13.817522159,251.635347086,99.92));
#10044=CARTESIAN_POINT('',(13.817522159,251.635347086,99.12));
#10045=CARTESIAN_POINT('',(13.535036283,251.607098499,99.92));
#10046=CARTESIAN_POINT('',(13.535036283,251.607098499,99.12));
#10047=CARTESIAN_POINT('',(13.301985435,251.607098499,99.92));
#10048=CARTESIAN_POINT('',(13.301985435,251.607098499,99.12));
#10049=CARTESIAN_POINT('',(13.061872441,251.607098499,99.92));
#10050=CARTESIAN_POINT('',(13.061872441,251.607098499,99.12));
#10051=CARTESIAN_POINT('',(12.775855492,251.635347086,99.92));
#10052=CARTESIAN_POINT('',(12.775855492,251.635347086,99.12));
#10053=CARTESIAN_POINT('',(12.489838543,251.663595674,99.92));
#10054=CARTESIAN_POINT('',(12.489838543,251.663595674,99.12));
#10055=CARTESIAN_POINT('',(12.246194475,251.744810363,99.92));
#10056=CARTESIAN_POINT('',(12.246194475,251.744810363,99.12));
#10057=B_SPLINE_SURFACE_WITH_KNOTS('',2,1,((#10023,#10024),(#10025,#10026),(#10027,#10028),(#10029,#10030),(#10031,#10032),(#10033,#10034),(#10035,#10036),(#10037,#10038),(#10039,#10040),(#10041,#10042),(#10043,#10044),(#10045,#10046),(#10047,#10048),(#10049,#10050),(#10051,#10052),(#10053,#10054),(#10055,#10056)),.UNSPECIFIED.,.F.,.F.,.U.,(3,2,2,2,2,2,2,2,3),(2,2),(0.,0.061567164,0.123134328,0.184701493,0.246268657,0.307835821,0.369402985,0.432835821,0.496268657),(0.,1.),.UNSPECIFIED.);
#10058=CARTESIAN_POINT('',(14.343652102,252.955968555,99.12));
#10059=VERTEX_POINT('',#10058);
#10060=CARTESIAN_POINT('',(12.246194475,251.744810363,99.12));
#10061=VERTEX_POINT('',#10060);
#10062=CARTESIAN_POINT('',(14.343652102,252.955968555,99.12));
#10063=CARTESIAN_POINT('',(14.58729617,252.878284939,99.12));
#10064=CARTESIAN_POINT('',(14.753256622,252.733510928,99.12));
#10065=CARTESIAN_POINT('',(14.919217074,252.588736917,99.12));
#10066=CARTESIAN_POINT('',(14.919217074,252.355686069,99.12));
#10067=CARTESIAN_POINT('',(14.919217074,252.122635222,99.12));
#10068=CARTESIAN_POINT('',(14.753256622,251.974330137,99.12));
#10069=CARTESIAN_POINT('',(14.58729617,251.826025052,99.12));
#10070=CARTESIAN_POINT('',(14.343652102,251.744810363,99.12));
#10071=CARTESIAN_POINT('',(14.100008034,251.663595674,99.12));
#10072=CARTESIAN_POINT('',(13.817522159,251.635347086,99.12));
#10073=CARTESIAN_POINT('',(13.535036283,251.607098499,99.12));
#10074=CARTESIAN_POINT('',(13.301985435,251.607098499,99.12));
#10075=CARTESIAN_POINT('',(13.061872441,251.607098499,99.12));
#10076=CARTESIAN_POINT('',(12.775855492,251.635347086,99.12));
#10077=CARTESIAN_POINT('',(12.489838543,251.663595674,99.12));
#10078=CARTESIAN_POINT('',(12.246194475,251.744810363,99.12));
#10079=B_SPLINE_CURVE_WITH_KNOTS('',2,(#10062,#10063,#10064,#10065,#10066,#10067,#10068,#10069,#10070,#10071,#10072,#10073,#10074,#10075,#10076,#10077,#10078),.UNSPECIFIED.,.F.,.F.,(3,2,2,2,2,2,2,2,3),(0.,0.061567164,0.123134328,0.184701493,0.246268657,0.307835821,0.369402985,0.432835821,0.496268657),.UNSPECIFIED.);
#10080=EDGE_CURVE('',#10059,#10061,#10079,.T.);
#10081=ORIENTED_EDGE('',*,*,#10080,.F.);
#10082=CARTESIAN_POINT('',(14.343652102,252.955968555,99.92));
#10083=VERTEX_POINT('',#10082);
#10084=CARTESIAN_POINT('',(14.343652102,252.955968555,99.92));
#10085=DIRECTION('',(0.,0.,-1.));
#10086=VECTOR('',#10085,0.8);
#10087=LINE('',#10084,#10086);
#10088=EDGE_CURVE('',#10083,#10059,#10087,.T.);
#10089=ORIENTED_EDGE('',*,*,#10088,.F.);
#10090=CARTESIAN_POINT('',(12.246194475,251.744810363,99.92));
#10091=VERTEX_POINT('',#10090);
#10092=CARTESIAN_POINT('',(14.343652102,252.955968555,99.92));
#10093=CARTESIAN_POINT('',(14.58729617,252.878284939,99.92));
#10094=CARTESIAN_POINT('',(14.753256622,252.733510928,99.92));
#10095=CARTESIAN_POINT('',(14.919217074,252.588736917,99.92));
#10096=CARTESIAN_POINT('',(14.919217074,252.355686069,99.92));
#10097=CARTESIAN_POINT('',(14.919217074,252.122635222,99.92));
#10098=CARTESIAN_POINT('',(14.753256622,251.974330137,99.92));
#10099=CARTESIAN_POINT('',(14.58729617,251.826025052,99.92));
#10100=CARTESIAN_POINT('',(14.343652102,251.744810363,99.92));
#10101=CARTESIAN_POINT('',(14.100008034,251.663595674,99.92));
#10102=CARTESIAN_POINT('',(13.817522159,251.635347086,99.92));
#10103=CARTESIAN_POINT('',(13.535036283,251.607098499,99.92));
#10104=CARTESIAN_POINT('',(13.301985435,251.607098499,99.92));
#10105=CARTESIAN_POINT('',(13.061872441,251.607098499,99.92));
#10106=CARTESIAN_POINT('',(12.775855492,251.635347086,99.92));
#10107=CARTESIAN_POINT('',(12.489838543,251.663595674,99.92));
#10108=CARTESIAN_POINT('',(12.246194475,251.744810363,99.92));
#10109=B_SPLINE_CURVE_WITH_KNOTS('',2,(#10092,#10093,#10094,#10095,#10096,#10097,#10098,#10099,#10100,#10101,#10102,#10103,#10104,#10105,#10106,#10107,#10108),.UNSPECIFIED.,.F.,.F.,(3,2,2,2,2,2,2,2,3),(0.,0.061567164,0.123134328,0.184701493,0.246268657,0.307835821,0.369402985,0.432835821,0.496268657),.UNSPECIFIED.);
#10110=EDGE_CURVE('',#10083,#10091,#10109,.T.);
#10111=ORIENTED_EDGE('',*,*,#10110,.T.);
#10112=CARTESIAN_POINT('',(12.246194475,251.744810363,99.92));
#10113=DIRECTION('',(0.,0.,-1.));
#10114=VECTOR('',#10113,0.8);
#10115=LINE('',#10112,#10114);
#10116=EDGE_CURVE('',#10091,#10061,#10115,.T.);
#10117=ORIENTED_EDGE('',*,*,#10116,.T.);
#10118=EDGE_LOOP('',(#10081,#10089,#10111,#10117));
#10119=FACE_BOUND('',#10118,.T.);
#10120=ADVANCED_FACE('',(#10119),#10057,.T.);
#10121=CARTESIAN_POINT('',(12.246194475,251.744810363,99.92));
#10122=CARTESIAN_POINT('',(12.246194475,251.744810363,99.12));
#10123=CARTESIAN_POINT('',(12.002550407,251.826025052,99.92));
#10124=CARTESIAN_POINT('',(12.002550407,251.826025052,99.12));
#10125=CARTESIAN_POINT('',(11.836589955,251.974330137,99.92));
#10126=CARTESIAN_POINT('',(11.836589955,251.974330137,99.12));
#10127=CARTESIAN_POINT('',(11.670629503,252.122635222,99.92));
#10128=CARTESIAN_POINT('',(11.670629503,252.122635222,99.12));
#10129=CARTESIAN_POINT('',(11.670629503,252.355686069,99.92));
#10130=CARTESIAN_POINT('',(11.670629503,252.355686069,99.12));
#10131=CARTESIAN_POINT('',(11.670629503,252.588736917,99.92));
#10132=CARTESIAN_POINT('',(11.670629503,252.588736917,99.12));
#10133=CARTESIAN_POINT('',(11.836589955,252.733510928,99.92));
#10134=CARTESIAN_POINT('',(11.836589955,252.733510928,99.12));
#10135=CARTESIAN_POINT('',(12.002550407,252.878284939,99.92));
#10136=CARTESIAN_POINT('',(12.002550407,252.878284939,99.12));
#10137=CARTESIAN_POINT('',(12.246194475,252.955968555,99.92));
#10138=CARTESIAN_POINT('',(12.246194475,252.955968555,99.12));
#10139=CARTESIAN_POINT('',(12.489838543,253.033652171,99.92));
#10140=CARTESIAN_POINT('',(12.489838543,253.033652171,99.12));
#10141=CARTESIAN_POINT('',(12.775855492,253.061900758,99.92));
#10142=CARTESIAN_POINT('',(12.775855492,253.061900758,99.12));
#10143=CARTESIAN_POINT('',(13.061872441,253.090149346,99.92));
#10144=CARTESIAN_POINT('',(13.061872441,253.090149346,99.12));
#10145=CARTESIAN_POINT('',(13.301985435,253.090149346,99.92));
#10146=CARTESIAN_POINT('',(13.301985435,253.090149346,99.12));
#10147=CARTESIAN_POINT('',(13.535036283,253.090149346,99.92));
#10148=CARTESIAN_POINT('',(13.535036283,253.090149346,99.12));
#10149=CARTESIAN_POINT('',(13.817522159,253.061900758,99.92));
#10150=CARTESIAN_POINT('',(13.817522159,253.061900758,99.12));
#10151=CARTESIAN_POINT('',(14.100008034,253.033652171,99.92));
#10152=CARTESIAN_POINT('',(14.100008034,253.033652171,99.12));
#10153=CARTESIAN_POINT('',(14.343652102,252.955968555,99.92));
#10154=CARTESIAN_POINT('',(14.343652102,252.955968555,99.12));
#10155=B_SPLINE_SURFACE_WITH_KNOTS('',2,1,((#10121,#10122),(#10123,#10124),(#10125,#10126),(#10127,#10128),(#10129,#10130),(#10131,#10132),(#10133,#10134),(#10135,#10136),(#10137,#10138),(#10139,#10140),(#10141,#10142),(#10143,#10144),(#10145,#10146),(#10147,#10148),(#10149,#10150),(#10151,#10152),(#10153,#10154)),.UNSPECIFIED.,.F.,.F.,.U.,(3,2,2,2,2,2,2,2,3),(2,2),(0.496268657,0.559701493,0.623134328,0.686567164,0.75,0.813432836,0.876865672,0.938432836,1.),(0.,1.),.UNSPECIFIED.);
#10156=CARTESIAN_POINT('',(12.246194475,251.744810363,99.12));
#10157=CARTESIAN_POINT('',(12.002550407,251.826025052,99.12));
#10158=CARTESIAN_POINT('',(11.836589955,251.974330137,99.12));
#10159=CARTESIAN_POINT('',(11.670629503,252.122635222,99.12));
#10160=CARTESIAN_POINT('',(11.670629503,252.355686069,99.12));
#10161=CARTESIAN_POINT('',(11.670629503,252.588736917,99.12));
#10162=CARTESIAN_POINT('',(11.836589955,252.733510928,99.12));
#10163=CARTESIAN_POINT('',(12.002550407,252.878284939,99.12));
#10164=CARTESIAN_POINT('',(12.246194475,252.955968555,99.12));
#10165=CARTESIAN_POINT('',(12.489838543,253.033652171,99.12));
#10166=CARTESIAN_POINT('',(12.775855492,253.061900758,99.12));
#10167=CARTESIAN_POINT('',(13.061872441,253.090149346,99.12));
#10168=CARTESIAN_POINT('',(13.301985435,253.090149346,99.12));
#10169=CARTESIAN_POINT('',(13.535036283,253.090149346,99.12));
#10170=CARTESIAN_POINT('',(13.817522159,253.061900758,99.12));
#10171=CARTESIAN_POINT('',(14.100008034,253.033652171,99.12));
#10172=CARTESIAN_POINT('',(14.343652102,252.955968555,99.12));
#10173=B_SPLINE_CURVE_WITH_KNOTS('',2,(#10156,#10157,#10158,#10159,#10160,#10161,#10162,#10163,#10164,#10165,#10166,#10167,#10168,#10169,#10170,#10171,#10172),.UNSPECIFIED.,.F.,.F.,(3,2,2,2,2,2,2,2,3),(0.496268657,0.559701493,0.623134328,0.686567164,0.75,0.813432836,0.876865672,0.938432836,1.),.UNSPECIFIED.);
#10174=EDGE_CURVE('',#10061,#10059,#10173,.T.);
#10175=ORIENTED_EDGE('',*,*,#10174,.F.);
#10176=ORIENTED_EDGE('',*,*,#10116,.F.);
#10177=CARTESIAN_POINT('',(12.246194475,251.744810363,99.92));
#10178=CARTESIAN_POINT('',(12.002550407,251.826025052,99.92));
#10179=CARTESIAN_POINT('',(11.836589955,251.974330137,99.92));
#10180=CARTESIAN_POINT('',(11.670629503,252.122635222,99.92));
#10181=CARTESIAN_POINT('',(11.670629503,252.355686069,99.92));
#10182=CARTESIAN_POINT('',(11.670629503,252.588736917,99.92));
#10183=CARTESIAN_POINT('',(11.836589955,252.733510928,99.92));
#10184=CARTESIAN_POINT('',(12.002550407,252.878284939,99.92));
#10185=CARTESIAN_POINT('',(12.246194475,252.955968555,99.92));
#10186=CARTESIAN_POINT('',(12.489838543,253.033652171,99.92));
#10187=CARTESIAN_POINT('',(12.775855492,253.061900758,99.92));
#10188=CARTESIAN_POINT('',(13.061872441,253.090149346,99.92));
#10189=CARTESIAN_POINT('',(13.301985435,253.090149346,99.92));
#10190=CARTESIAN_POINT('',(13.535036283,253.090149346,99.92));
#10191=CARTESIAN_POINT('',(13.817522159,253.061900758,99.92));
#10192=CARTESIAN_POINT('',(14.100008034,253.033652171,99.92));
#10193=CARTESIAN_POINT('',(14.343652102,252.955968555,99.92));
#10194=B_SPLINE_CURVE_WITH_KNOTS('',2,(#10177,#10178,#10179,#10180,#10181,#10182,#10183,#10184,#10185,#10186,#10187,#10188,#10189,#10190,#10191,#10192,#10193),.UNSPECIFIED.,.F.,.F.,(3,2,2,2,2,2,2,2,3),(0.496268657,0.559701493,0.623134328,0.686567164,0.75,0.813432836,0.876865672,0.938432836,1.),.UNSPECIFIED.);
#10195=EDGE_CURVE('',#10091,#10083,#10194,.T.);
#10196=ORIENTED_EDGE('',*,*,#10195,.T.);
#10197=ORIENTED_EDGE('',*,*,#10088,.T.);
#10198=EDGE_LOOP('',(#10175,#10176,#10196,#10197));
#10199=FACE_BOUND('',#10198,.T.);
#10200=ADVANCED_FACE('',(#10199),#10155,.T.);
#10201=CARTESIAN_POINT('',(15.141674701,250.840855561,99.92));
#10202=CARTESIAN_POINT('',(15.141674701,250.840855561,99.12));
#10203=CARTESIAN_POINT('',(15.498313119,251.077437482,99.92));
#10204=CARTESIAN_POINT('',(15.498313119,251.077437482,99.12));
#10205=CARTESIAN_POINT('',(15.710177526,251.451731267,99.92));
#10206=CARTESIAN_POINT('',(15.710177526,251.451731267,99.12));
#10207=CARTESIAN_POINT('',(15.922041933,251.826025052,99.92));
#10208=CARTESIAN_POINT('',(15.922041933,251.826025052,99.12));
#10209=CARTESIAN_POINT('',(15.922041933,252.355686069,99.92));
#10210=CARTESIAN_POINT('',(15.922041933,252.355686069,99.12));
#10211=CARTESIAN_POINT('',(15.922041933,252.885347086,99.92));
#10212=CARTESIAN_POINT('',(15.922041933,252.885347086,99.12));
#10213=CARTESIAN_POINT('',(15.710177526,253.256109798,99.92));
#10214=CARTESIAN_POINT('',(15.710177526,253.256109798,99.12));
#10215=CARTESIAN_POINT('',(15.498313119,253.62687251,99.92));
#10216=CARTESIAN_POINT('',(15.498313119,253.62687251,99.12));
#10217=CARTESIAN_POINT('',(15.141674701,253.859923357,99.92));
#10218=CARTESIAN_POINT('',(15.141674701,253.859923357,99.12));
#10219=CARTESIAN_POINT('',(14.785036283,254.092974205,99.92));
#10220=CARTESIAN_POINT('',(14.785036283,254.092974205,99.12));
#10221=CARTESIAN_POINT('',(14.308341368,254.198906408,99.92));
#10222=CARTESIAN_POINT('',(14.308341368,254.198906408,99.12));
#10223=CARTESIAN_POINT('',(13.831646452,254.304838612,99.92));
#10224=CARTESIAN_POINT('',(13.831646452,254.304838612,99.12));
#10225=CARTESIAN_POINT('',(13.301985435,254.304838612,99.92));
#10226=CARTESIAN_POINT('',(13.301985435,254.304838612,99.12));
#10227=CARTESIAN_POINT('',(12.772324418,254.304838612,99.92));
#10228=CARTESIAN_POINT('',(12.772324418,254.304838612,99.12));
#10229=CARTESIAN_POINT('',(12.29209843,254.198906408,99.92));
#10230=CARTESIAN_POINT('',(12.29209843,254.198906408,99.12));
#10231=CARTESIAN_POINT('',(11.811872441,254.092974205,99.92));
#10232=CARTESIAN_POINT('',(11.811872441,254.092974205,99.12));
#10233=CARTESIAN_POINT('',(11.448171876,253.859923357,99.92));
#10234=CARTESIAN_POINT('',(11.448171876,253.859923357,99.12));
#10235=B_SPLINE_SURFACE_WITH_KNOTS('',2,1,((#10201,#10202),(#10203,#10204),(#10205,#10206),(#10207,#10208),(#10209,#10210),(#10211,#10212),(#10213,#10214),(#10215,#10216),(#10217,#10218),(#10219,#10220),(#10221,#10222),(#10223,#10224),(#10225,#10226),(#10227,#10228),(#10229,#10230),(#10231,#10232),(#10233,#10234)),.UNSPECIFIED.,.F.,.F.,.U.,(3,2,2,2,2,2,2,2,3),(2,2),(0.5,0.5625,0.625,0.6875,0.75,0.8125,0.875,0.9375,1.),(0.,1.),.UNSPECIFIED.);
#10236=ORIENTED_EDGE('',*,*,#130,.F.);
#10237=ORIENTED_EDGE('',*,*,#10018,.F.);
#10238=CARTESIAN_POINT('',(15.141674701,250.840855561,99.92));
#10239=CARTESIAN_POINT('',(15.498313119,251.077437482,99.92));
#10240=CARTESIAN_POINT('',(15.710177526,251.451731267,99.92));
#10241=CARTESIAN_POINT('',(15.922041933,251.826025052,99.92));
#10242=CARTESIAN_POINT('',(15.922041933,252.355686069,99.92));
#10243=CARTESIAN_POINT('',(15.922041933,252.885347086,99.92));
#10244=CARTESIAN_POINT('',(15.710177526,253.256109798,99.92));
#10245=CARTESIAN_POINT('',(15.498313119,253.62687251,99.92));
#10246=CARTESIAN_POINT('',(15.141674701,253.859923357,99.92));
#10247=CARTESIAN_POINT('',(14.785036283,254.092974205,99.92));
#10248=CARTESIAN_POINT('',(14.308341368,254.198906408,99.92));
#10249=CARTESIAN_POINT('',(13.831646452,254.304838612,99.92));
#10250=CARTESIAN_POINT('',(13.301985435,254.304838612,99.92));
#10251=CARTESIAN_POINT('',(12.772324418,254.304838612,99.92));
#10252=CARTESIAN_POINT('',(12.29209843,254.198906408,99.92));
#10253=CARTESIAN_POINT('',(11.811872441,254.092974205,99.92));
#10254=CARTESIAN_POINT('',(11.448171876,253.859923357,99.92));
#10255=B_SPLINE_CURVE_WITH_KNOTS('',2,(#10238,#10239,#10240,#10241,#10242,#10243,#10244,#10245,#10246,#10247,#10248,#10249,#10250,#10251,#10252,#10253,#10254),.UNSPECIFIED.,.F.,.F.,(3,2,2,2,2,2,2,2,3),(0.5,0.5625,0.625,0.6875,0.75,0.8125,0.875,0.9375,1.),.UNSPECIFIED.);
#10256=EDGE_CURVE('',#9993,#9985,#10255,.T.);
#10257=ORIENTED_EDGE('',*,*,#10256,.T.);
#10258=ORIENTED_EDGE('',*,*,#9990,.T.);
#10259=EDGE_LOOP('',(#10236,#10237,#10257,#10258));
#10260=FACE_BOUND('',#10259,.T.);
#10261=ADVANCED_FACE('',(#10260),#10235,.T.);
#10262=CARTESIAN_POINT('',(13.287861142,250.09226799,99.92));
#10263=DIRECTION('',(0.,0.,-1.));
#10264=DIRECTION('',(0.,1.,0.));
#10265=AXIS2_PLACEMENT_3D('',#10262,#10263,#10264);
#10266=PLANE('',#10265);
#10267=ORIENTED_EDGE('',*,*,#10110,.F.);
#10268=ORIENTED_EDGE('',*,*,#10195,.F.);
#10269=EDGE_LOOP('',(#10267,#10268));
#10270=FACE_BOUND('',#10269,.T.);
#10271=ORIENTED_EDGE('',*,*,#10012,.F.);
#10272=ORIENTED_EDGE('',*,*,#10256,.F.);
#10273=EDGE_LOOP('',(#10271,#10272));
#10274=FACE_BOUND('',#10273,.T.);
#10275=ADVANCED_FACE('',(#10270,#10274),#10266,.T.);
#10276=CARTESIAN_POINT('',(148.054169167,267.038539072,99.12));
#10277=DIRECTION('',(0.,0.,1.));
#10278=DIRECTION('',(-0.64278761,-0.766044443,0.));
#10279=AXIS2_PLACEMENT_3D('',#10276,#10277,#10278);
#10280=PLANE('',#10279);
#10281=ORIENTED_EDGE('',*,*,#10080,.T.);
#10282=ORIENTED_EDGE('',*,*,#10174,.T.);
#10283=EDGE_LOOP('',(#10281,#10282));
#10284=FACE_BOUND('',#10283,.T.);
#10285=ADVANCED_FACE('',(#10284),#10280,.F.);
#10286=CARTESIAN_POINT('',(10.787861142,247.793539177,99.92));
#10287=DIRECTION('',(1.,0.,0.));
#10288=DIRECTION('',(0.,0.,-1.));
#10289=AXIS2_PLACEMENT_3D('',#10286,#10287,#10288);
#10290=PLANE('',#10289);
#10291=ORIENTED_EDGE('',*,*,#262,.F.);
#10292=CARTESIAN_POINT('',(10.787861142,249.601448781,99.92));
#10293=VERTEX_POINT('',#10292);
#10294=CARTESIAN_POINT('',(10.787861142,249.601448781,99.92));
#10295=DIRECTION('',(0.,0.,-1.));
#10296=VECTOR('',#10295,0.8);
#10297=LINE('',#10294,#10296);
#10298=EDGE_CURVE('',#10293,#255,#10297,.T.);
#10299=ORIENTED_EDGE('',*,*,#10298,.F.);
#10300=CARTESIAN_POINT('',(10.787861142,245.985629572,99.92));
#10301=VERTEX_POINT('',#10300);
#10302=CARTESIAN_POINT('',(10.787861142,249.601448781,99.92));
#10303=DIRECTION('',(0.,-1.,0.));
#10304=VECTOR('',#10303,3.615819209);
#10305=LINE('',#10302,#10304);
#10306=EDGE_CURVE('',#10293,#10301,#10305,.T.);
#10307=ORIENTED_EDGE('',*,*,#10306,.T.);
#10308=CARTESIAN_POINT('',(10.787861142,245.985629572,99.92));
#10309=DIRECTION('',(0.,0.,-1.));
#10310=VECTOR('',#10309,0.8);
#10311=LINE('',#10308,#10310);
#10312=EDGE_CURVE('',#10301,#257,#10311,.T.);
#10313=ORIENTED_EDGE('',*,*,#10312,.T.);
#10314=EDGE_LOOP('',(#10291,#10299,#10307,#10313));
#10315=FACE_BOUND('',#10314,.T.);
#10316=ADVANCED_FACE('',(#10315),#10290,.T.);
#10317=CARTESIAN_POINT('',(11.303397865,249.601448781,99.92));
#10318=DIRECTION('',(0.,-1.,0.));
#10319=DIRECTION('',(0.,0.,-1.));
#10320=AXIS2_PLACEMENT_3D('',#10317,#10318,#10319);
#10321=PLANE('',#10320);
#10322=ORIENTED_EDGE('',*,*,#356,.F.);
#10323=CARTESIAN_POINT('',(11.818934588,249.601448781,99.92));
#10324=VERTEX_POINT('',#10323);
#10325=CARTESIAN_POINT('',(11.818934588,249.601448781,99.92));
#10326=DIRECTION('',(0.,0.,-1.));
#10327=VECTOR('',#10326,0.8);
#10328=LINE('',#10325,#10327);
#10329=EDGE_CURVE('',#10324,#345,#10328,.T.);
#10330=ORIENTED_EDGE('',*,*,#10329,.F.);
#10331=CARTESIAN_POINT('',(11.818934588,249.601448781,99.92));
#10332=DIRECTION('',(-1.,0.,0.));
#10333=VECTOR('',#10332,1.031073446);
#10334=LINE('',#10331,#10333);
#10335=EDGE_CURVE('',#10324,#10293,#10334,.T.);
#10336=ORIENTED_EDGE('',*,*,#10335,.T.);
#10337=ORIENTED_EDGE('',*,*,#10298,.T.);
#10338=EDGE_LOOP('',(#10322,#10330,#10336,#10337));
#10339=FACE_BOUND('',#10338,.T.);
#10340=ADVANCED_FACE('',(#10339),#10321,.T.);
#10341=CARTESIAN_POINT('',(11.818934588,248.580968555,99.92));
#10342=DIRECTION('',(-1.,0.,0.));
#10343=DIRECTION('',(0.,0.,1.));
#10344=AXIS2_PLACEMENT_3D('',#10341,#10342,#10343);
#10345=PLANE('',#10344);
#10346=ORIENTED_EDGE('',*,*,#350,.F.);
#10347=CARTESIAN_POINT('',(11.818934588,247.560488329,99.92));
#10348=VERTEX_POINT('',#10347);
#10349=CARTESIAN_POINT('',(11.818934588,247.560488329,99.92));
#10350=DIRECTION('',(0.,0.,-1.));
#10351=VECTOR('',#10350,0.8);
#10352=LINE('',#10349,#10351);
#10353=EDGE_CURVE('',#10348,#337,#10352,.T.);
#10354=ORIENTED_EDGE('',*,*,#10353,.F.);
#10355=CARTESIAN_POINT('',(11.818934588,247.560488329,99.92));
#10356=DIRECTION('',(0.,1.,0.));
#10357=VECTOR('',#10356,2.040960452);
#10358=LINE('',#10355,#10357);
#10359=EDGE_CURVE('',#10348,#10324,#10358,.T.);
#10360=ORIENTED_EDGE('',*,*,#10359,.T.);
#10361=ORIENTED_EDGE('',*,*,#10329,.T.);
#10362=EDGE_LOOP('',(#10346,#10354,#10360,#10361));
#10363=FACE_BOUND('',#10362,.T.);
#10364=ADVANCED_FACE('',(#10363),#10345,.T.);
#10365=CARTESIAN_POINT('',(12.334471311,248.139584374,99.92));
#10366=DIRECTION('',(0.74690656,-0.664929011,0.));
#10367=DIRECTION('',(0.664929011,0.74690656,0.));
#10368=AXIS2_PLACEMENT_3D('',#10365,#10366,#10367);
#10369=PLANE('',#10368);
#10370=ORIENTED_EDGE('',*,*,#342,.F.);
#10371=CARTESIAN_POINT('',(12.850008034,248.718680419,99.92));
#10372=VERTEX_POINT('',#10371);
#10373=CARTESIAN_POINT('',(12.850008034,248.718680419,99.92));
#10374=DIRECTION('',(0.,0.,-1.));
#10375=VECTOR('',#10374,0.8);
#10376=LINE('',#10373,#10375);
#10377=EDGE_CURVE('',#10372,#307,#10376,.T.);
#10378=ORIENTED_EDGE('',*,*,#10377,.F.);
#10379=CARTESIAN_POINT('',(12.850008034,248.718680419,99.92));
#10380=DIRECTION('',(-0.664929011,-0.74690656,0.));
#10381=VECTOR('',#10380,1.550651918);
#10382=LINE('',#10379,#10381);
#10383=EDGE_CURVE('',#10372,#10348,#10382,.T.);
#10384=ORIENTED_EDGE('',*,*,#10383,.T.);
#10385=ORIENTED_EDGE('',*,*,#10353,.T.);
#10386=EDGE_LOOP('',(#10370,#10378,#10384,#10385));
#10387=FACE_BOUND('',#10386,.T.);
#10388=ADVANCED_FACE('',(#10387),#10369,.T.);
#10389=CARTESIAN_POINT('',(14.311872441,245.879697369,99.92));
#10390=CARTESIAN_POINT('',(14.311872441,245.879697369,99.12));
#10391=CARTESIAN_POINT('',(14.693228373,245.92207025,99.92));
#10392=CARTESIAN_POINT('',(14.693228373,245.92207025,99.12));
#10393=CARTESIAN_POINT('',(14.989838543,246.088030702,99.92));
#10394=CARTESIAN_POINT('',(14.989838543,246.088030702,99.12));
#10395=CARTESIAN_POINT('',(15.286448712,246.253991154,99.92));
#10396=CARTESIAN_POINT('',(15.286448712,246.253991154,99.12));
#10397=CARTESIAN_POINT('',(15.494782046,246.508228442,99.92));
#10398=CARTESIAN_POINT('',(15.494782046,246.508228442,99.12));
#10399=CARTESIAN_POINT('',(15.703115379,246.76246573,99.92));
#10400=CARTESIAN_POINT('',(15.703115379,246.76246573,99.12));
#10401=CARTESIAN_POINT('',(15.812578656,247.090855561,99.92));
#10402=CARTESIAN_POINT('',(15.812578656,247.090855561,99.12));
#10403=CARTESIAN_POINT('',(15.922041933,247.419245391,99.92));
#10404=CARTESIAN_POINT('',(15.922041933,247.419245391,99.12));
#10405=CARTESIAN_POINT('',(15.922041933,247.78647703,99.92));
#10406=CARTESIAN_POINT('',(15.922041933,247.78647703,99.12));
#10407=CARTESIAN_POINT('',(15.922041933,248.132522227,99.92));
#10408=CARTESIAN_POINT('',(15.922041933,248.132522227,99.12));
#10409=CARTESIAN_POINT('',(15.830234023,248.457380984,99.92));
#10410=CARTESIAN_POINT('',(15.830234023,248.457380984,99.12));
#10411=CARTESIAN_POINT('',(15.738426113,248.782239742,99.92));
#10412=CARTESIAN_POINT('',(15.738426113,248.782239742,99.12));
#10413=CARTESIAN_POINT('',(15.547748147,249.03647703,99.92));
#10414=CARTESIAN_POINT('',(15.547748147,249.03647703,99.12));
#10415=CARTESIAN_POINT('',(15.357070181,249.290714318,99.92));
#10416=CARTESIAN_POINT('',(15.357070181,249.290714318,99.12));
#10417=CARTESIAN_POINT('',(15.067522159,249.442550476,99.92));
#10418=CARTESIAN_POINT('',(15.067522159,249.442550476,99.12));
#10419=CARTESIAN_POINT('',(14.777974136,249.594386634,99.92));
#10420=CARTESIAN_POINT('',(14.777974136,249.594386634,99.12));
#10421=CARTESIAN_POINT('',(14.389556057,249.594386634,99.92));
#10422=CARTESIAN_POINT('',(14.389556057,249.594386634,99.12));
#10423=CARTESIAN_POINT('',(14.121194475,249.594386634,99.92));
#10424=CARTESIAN_POINT('',(14.121194475,249.594386634,99.12));
#10425=CARTESIAN_POINT('',(13.905798995,249.523765165,99.92));
#10426=CARTESIAN_POINT('',(13.905798995,249.523765165,99.12));
#10427=CARTESIAN_POINT('',(13.690403514,249.453143696,99.92));
#10428=CARTESIAN_POINT('',(13.690403514,249.453143696,99.12));
#10429=CARTESIAN_POINT('',(13.506787695,249.329556126,99.92));
#10430=CARTESIAN_POINT('',(13.506787695,249.329556126,99.12));
#10431=CARTESIAN_POINT('',(13.323171876,249.205968555,99.92));
#10432=CARTESIAN_POINT('',(13.323171876,249.205968555,99.12));
#10433=CARTESIAN_POINT('',(13.164273571,249.04707025,99.92));
#10434=CARTESIAN_POINT('',(13.164273571,249.04707025,99.12));
#10435=CARTESIAN_POINT('',(13.005375266,248.888171945,99.92));
#10436=CARTESIAN_POINT('',(13.005375266,248.888171945,99.12));
#10437=CARTESIAN_POINT('',(12.850008034,248.718680419,99.92));
#10438=CARTESIAN_POINT('',(12.850008034,248.718680419,99.12));
#10439=B_SPLINE_SURFACE_WITH_KNOTS('',2,1,((#10389,#10390),(#10391,#10392),(#10393,#10394),(#10395,#10396),(#10397,#10398),(#10399,#10400),(#10401,#10402),(#10403,#10404),(#10405,#10406),(#10407,#10408),(#10409,#10410),(#10411,#10412),(#10413,#10414),(#10415,#10416),(#10417,#10418),(#10419,#10420),(#10421,#10422),(#10423,#10424),(#10425,#10426),(#10427,#10428),(#10429,#10430),(#10431,#10432),(#10433,#10434),(#10435,#10436),(#10437,#10438)),.UNSPECIFIED.,.F.,.F.,.U.,(3,2,2,2,2,2,2,2,2,2,2,2,3),(2,2),(0.,0.096400162,0.192800324,0.289200485,0.385600647,0.476439261,0.567277875,0.658116489,0.748955103,0.811716327,0.874477552,0.937238776,1.),(0.,1.),.UNSPECIFIED.);
#10440=ORIENTED_EDGE('',*,*,#334,.F.);
#10441=CARTESIAN_POINT('',(14.311872441,245.879697369,99.92));
#10442=VERTEX_POINT('',#10441);
#10443=CARTESIAN_POINT('',(14.311872441,245.879697369,99.92));
#10444=DIRECTION('',(0.,0.,-1.));
#10445=VECTOR('',#10444,0.8);
#10446=LINE('',#10443,#10445);
#10447=EDGE_CURVE('',#10442,#299,#10446,.T.);
#10448=ORIENTED_EDGE('',*,*,#10447,.F.);
#10449=CARTESIAN_POINT('',(14.311872441,245.879697369,99.92));
#10450=CARTESIAN_POINT('',(14.693228373,245.92207025,99.92));
#10451=CARTESIAN_POINT('',(14.989838543,246.088030702,99.92));
#10452=CARTESIAN_POINT('',(15.286448712,246.253991154,99.92));
#10453=CARTESIAN_POINT('',(15.494782046,246.508228442,99.92));
#10454=CARTESIAN_POINT('',(15.703115379,246.76246573,99.92));
#10455=CARTESIAN_POINT('',(15.812578656,247.090855561,99.92));
#10456=CARTESIAN_POINT('',(15.922041933,247.419245391,99.92));
#10457=CARTESIAN_POINT('',(15.922041933,247.78647703,99.92));
#10458=CARTESIAN_POINT('',(15.922041933,248.132522227,99.92));
#10459=CARTESIAN_POINT('',(15.830234023,248.457380984,99.92));
#10460=CARTESIAN_POINT('',(15.738426113,248.782239742,99.92));
#10461=CARTESIAN_POINT('',(15.547748147,249.03647703,99.92));
#10462=CARTESIAN_POINT('',(15.357070181,249.290714318,99.92));
#10463=CARTESIAN_POINT('',(15.067522159,249.442550476,99.92));
#10464=CARTESIAN_POINT('',(14.777974136,249.594386634,99.92));
#10465=CARTESIAN_POINT('',(14.389556057,249.594386634,99.92));
#10466=CARTESIAN_POINT('',(14.121194475,249.594386634,99.92));
#10467=CARTESIAN_POINT('',(13.905798995,249.523765165,99.92));
#10468=CARTESIAN_POINT('',(13.690403514,249.453143696,99.92));
#10469=CARTESIAN_POINT('',(13.506787695,249.329556126,99.92));
#10470=CARTESIAN_POINT('',(13.323171876,249.205968555,99.92));
#10471=CARTESIAN_POINT('',(13.164273571,249.04707025,99.92));
#10472=CARTESIAN_POINT('',(13.005375266,248.888171945,99.92));
#10473=CARTESIAN_POINT('',(12.850008034,248.718680419,99.92));
#10474=B_SPLINE_CURVE_WITH_KNOTS('',2,(#10449,#10450,#10451,#10452,#10453,#10454,#10455,#10456,#10457,#10458,#10459,#10460,#10461,#10462,#10463,#10464,#10465,#10466,#10467,#10468,#10469,#10470,#10471,#10472,#10473),.UNSPECIFIED.,.F.,.F.,(3,2,2,2,2,2,2,2,2,2,2,2,3),(0.,0.096400162,0.192800324,0.289200485,0.385600647,0.476439261,0.567277875,0.658116489,0.748955103,0.811716327,0.874477552,0.937238776,1.),.UNSPECIFIED.);
#10475=EDGE_CURVE('',#10442,#10372,#10474,.T.);
#10476=ORIENTED_EDGE('',*,*,#10475,.T.);
#10477=ORIENTED_EDGE('',*,*,#10377,.T.);
#10478=EDGE_LOOP('',(#10440,#10448,#10476,#10477));
#10479=FACE_BOUND('',#10478,.T.);
#10480=ADVANCED_FACE('',(#10479),#10439,.T.);
#10481=CARTESIAN_POINT('',(14.234188825,246.448200194,99.92));
#10482=DIRECTION('',(0.990792682,0.13538782,0.));
#10483=DIRECTION('',(-0.13538782,0.990792682,0.));
#10484=AXIS2_PLACEMENT_3D('',#10481,#10482,#10483);
#10485=PLANE('',#10484);
#10486=ORIENTED_EDGE('',*,*,#304,.F.);
#10487=CARTESIAN_POINT('',(14.156505209,247.016703018,99.92));
#10488=VERTEX_POINT('',#10487);
#10489=CARTESIAN_POINT('',(14.156505209,247.016703018,99.92));
#10490=DIRECTION('',(0.,0.,-1.));
#10491=VECTOR('',#10490,0.8);
#10492=LINE('',#10489,#10491);
#10493=EDGE_CURVE('',#10488,#281,#10492,.T.);
#10494=ORIENTED_EDGE('',*,*,#10493,.F.);
#10495=CARTESIAN_POINT('',(14.156505209,247.016703018,99.92));
#10496=DIRECTION('',(0.13538782,-0.990792682,0.));
#10497=VECTOR('',#10496,1.147571708);
#10498=LINE('',#10495,#10497);
#10499=EDGE_CURVE('',#10488,#10442,#10498,.T.);
#10500=ORIENTED_EDGE('',*,*,#10499,.T.);
#10501=ORIENTED_EDGE('',*,*,#10447,.T.);
#10502=EDGE_LOOP('',(#10486,#10494,#10500,#10501));
#10503=FACE_BOUND('',#10502,.T.);
#10504=ADVANCED_FACE('',(#10503),#10485,.T.);
#10505=CARTESIAN_POINT('',(13.54209843,247.934782114,99.92));
#10506=CARTESIAN_POINT('',(13.54209843,247.934782114,99.12));
#10507=CARTESIAN_POINT('',(13.718652102,248.118397934,99.92));
#10508=CARTESIAN_POINT('',(13.718652102,248.118397934,99.12));
#10509=CARTESIAN_POINT('',(13.902267921,248.231392284,99.92));
#10510=CARTESIAN_POINT('',(13.902267921,248.231392284,99.12));
#10511=CARTESIAN_POINT('',(14.08588374,248.344386634,99.92));
#10512=CARTESIAN_POINT('',(14.08588374,248.344386634,99.12));
#10513=CARTESIAN_POINT('',(14.311872441,248.344386634,99.92));
#10514=CARTESIAN_POINT('',(14.311872441,248.344386634,99.12));
#10515=CARTESIAN_POINT('',(14.580234023,248.344386634,99.92));
#10516=CARTESIAN_POINT('',(14.580234023,248.344386634,99.12));
#10517=CARTESIAN_POINT('',(14.746194475,248.174895109,99.92));
#10518=CARTESIAN_POINT('',(14.746194475,248.174895109,99.12));
#10519=CARTESIAN_POINT('',(14.912154927,248.005403583,99.92));
#10520=CARTESIAN_POINT('',(14.912154927,248.005403583,99.12));
#10521=CARTESIAN_POINT('',(14.912154927,247.722917708,99.92));
#10522=CARTESIAN_POINT('',(14.912154927,247.722917708,99.12));
#10523=CARTESIAN_POINT('',(14.912154927,247.426307538,99.92));
#10524=CARTESIAN_POINT('',(14.912154927,247.426307538,99.12));
#10525=CARTESIAN_POINT('',(14.703821594,247.239160645,99.92));
#10526=CARTESIAN_POINT('',(14.703821594,247.239160645,99.12));
#10527=CARTESIAN_POINT('',(14.49548826,247.052013753,99.92));
#10528=CARTESIAN_POINT('',(14.49548826,247.052013753,99.12));
#10529=CARTESIAN_POINT('',(14.156505209,247.016703018,99.92));
#10530=CARTESIAN_POINT('',(14.156505209,247.016703018,99.12));
#10531=B_SPLINE_SURFACE_WITH_KNOTS('',2,1,((#10505,#10506),(#10507,#10508),(#10509,#10510),(#10511,#10512),(#10513,#10514),(#10515,#10516),(#10517,#10518),(#10519,#10520),(#10521,#10522),(#10523,#10524),(#10525,#10526),(#10527,#10528),(#10529,#10530)),.UNSPECIFIED.,.F.,.F.,.U.,(3,2,2,2,2,2,3),(2,2),(0.,0.145586897,0.291173794,0.464058235,0.636942675,0.818471338,1.),(0.,1.),.UNSPECIFIED.);
#10532=ORIENTED_EDGE('',*,*,#296,.F.);
#10533=CARTESIAN_POINT('',(13.54209843,247.934782114,99.92));
#10534=VERTEX_POINT('',#10533);
#10535=CARTESIAN_POINT('',(13.54209843,247.934782114,99.92));
#10536=DIRECTION('',(0.,0.,-1.));
#10537=VECTOR('',#10536,0.8);
#10538=LINE('',#10535,#10537);
#10539=EDGE_CURVE('',#10534,#273,#10538,.T.);
#10540=ORIENTED_EDGE('',*,*,#10539,.F.);
#10541=CARTESIAN_POINT('',(13.54209843,247.934782114,99.92));
#10542=CARTESIAN_POINT('',(13.718652102,248.118397934,99.92));
#10543=CARTESIAN_POINT('',(13.902267921,248.231392284,99.92));
#10544=CARTESIAN_POINT('',(14.08588374,248.344386634,99.92));
#10545=CARTESIAN_POINT('',(14.311872441,248.344386634,99.92));
#10546=CARTESIAN_POINT('',(14.580234023,248.344386634,99.92));
#10547=CARTESIAN_POINT('',(14.746194475,248.174895109,99.92));
#10548=CARTESIAN_POINT('',(14.912154927,248.005403583,99.92));
#10549=CARTESIAN_POINT('',(14.912154927,247.722917708,99.92));
#10550=CARTESIAN_POINT('',(14.912154927,247.426307538,99.92));
#10551=CARTESIAN_POINT('',(14.703821594,247.239160645,99.92));
#10552=CARTESIAN_POINT('',(14.49548826,247.052013753,99.92));
#10553=CARTESIAN_POINT('',(14.156505209,247.016703018,99.92));
#10554=B_SPLINE_CURVE_WITH_KNOTS('',2,(#10541,#10542,#10543,#10544,#10545,#10546,#10547,#10548,#10549,#10550,#10551,#10552,#10553),.UNSPECIFIED.,.F.,.F.,(3,2,2,2,2,2,3),(0.,0.145586897,0.291173794,0.464058235,0.636942675,0.818471338,1.),.UNSPECIFIED.);
#10555=EDGE_CURVE('',#10534,#10488,#10554,.T.);
#10556=ORIENTED_EDGE('',*,*,#10555,.T.);
#10557=ORIENTED_EDGE('',*,*,#10493,.T.);
#10558=EDGE_LOOP('',(#10532,#10540,#10556,#10557));
#10559=FACE_BOUND('',#10558,.T.);
#10560=ADVANCED_FACE('',(#10559),#10531,.T.);
#10561=CARTESIAN_POINT('',(12.659330068,246.960205843,99.92));
#10562=DIRECTION('',(-0.741153952,0.671335102,0.));
#10563=DIRECTION('',(-0.671335102,-0.741153952,0.));
#10564=AXIS2_PLACEMENT_3D('',#10561,#10562,#10563);
#10565=PLANE('',#10564);
#10566=ORIENTED_EDGE('',*,*,#278,.F.);
#10567=CARTESIAN_POINT('',(11.776561707,245.985629572,99.92));
#10568=VERTEX_POINT('',#10567);
#10569=CARTESIAN_POINT('',(11.776561707,245.985629572,99.92));
#10570=DIRECTION('',(0.,0.,-1.));
#10571=VECTOR('',#10570,0.8);
#10572=LINE('',#10569,#10571);
#10573=EDGE_CURVE('',#10568,#265,#10572,.T.);
#10574=ORIENTED_EDGE('',*,*,#10573,.F.);
#10575=CARTESIAN_POINT('',(11.776561707,245.985629572,99.92));
#10576=DIRECTION('',(0.671335102,0.741153952,0.));
#10577=VECTOR('',#10576,2.629888886);
#10578=LINE('',#10575,#10577);
#10579=EDGE_CURVE('',#10568,#10534,#10578,.T.);
#10580=ORIENTED_EDGE('',*,*,#10579,.T.);
#10581=ORIENTED_EDGE('',*,*,#10539,.T.);
#10582=EDGE_LOOP('',(#10566,#10574,#10580,#10581));
#10583=FACE_BOUND('',#10582,.T.);
#10584=ADVANCED_FACE('',(#10583),#10565,.T.);
#10585=CARTESIAN_POINT('',(11.282211424,245.985629572,99.92));
#10586=DIRECTION('',(0.,1.,0.));
#10587=DIRECTION('',(0.,0.,1.));
#10588=AXIS2_PLACEMENT_3D('',#10585,#10586,#10587);
#10589=PLANE('',#10588);
#10590=ORIENTED_EDGE('',*,*,#270,.F.);
#10591=ORIENTED_EDGE('',*,*,#10312,.F.);
#10592=CARTESIAN_POINT('',(10.787861142,245.985629572,99.92));
#10593=DIRECTION('',(1.,0.,-0.));
#10594=VECTOR('',#10593,0.988700565);
#10595=LINE('',#10592,#10594);
#10596=EDGE_CURVE('',#10301,#10568,#10595,.T.);
#10597=ORIENTED_EDGE('',*,*,#10596,.T.);
#10598=ORIENTED_EDGE('',*,*,#10573,.T.);
#10599=EDGE_LOOP('',(#10590,#10591,#10597,#10598));
#10600=FACE_BOUND('',#10599,.T.);
#10601=ADVANCED_FACE('',(#10600),#10589,.T.);
#10602=CARTESIAN_POINT('',(13.287861142,250.09226799,99.92));
#10603=DIRECTION('',(0.,0.,-1.));
#10604=DIRECTION('',(0.,1.,0.));
#10605=AXIS2_PLACEMENT_3D('',#10602,#10603,#10604);
#10606=PLANE('',#10605);
#10607=ORIENTED_EDGE('',*,*,#10306,.F.);
#10608=ORIENTED_EDGE('',*,*,#10335,.F.);
#10609=ORIENTED_EDGE('',*,*,#10359,.F.);
#10610=ORIENTED_EDGE('',*,*,#10383,.F.);
#10611=ORIENTED_EDGE('',*,*,#10475,.F.);
#10612=ORIENTED_EDGE('',*,*,#10499,.F.);
#10613=ORIENTED_EDGE('',*,*,#10555,.F.);
#10614=ORIENTED_EDGE('',*,*,#10579,.F.);
#10615=ORIENTED_EDGE('',*,*,#10596,.F.);
#10616=EDGE_LOOP('',(#10607,#10608,#10609,#10610,#10611,#10612,#10613,#10614,#10615));
#10617=FACE_BOUND('',#10616,.T.);
#10618=ADVANCED_FACE('',(#10617),#10606,.T.);
#10619=CARTESIAN_POINT('',(-0.015089493,250.094908733,129.17));
#10620=DIRECTION('',(0.,0.,-1.));
#10621=DIRECTION('',(-0.766044443,0.64278761,0.));
#10622=AXIS2_PLACEMENT_3D('',#10619,#10620,#10621);
#10623=CYLINDRICAL_SURFACE('',#10622,17.);
#10624=ORIENTED_EDGE('',*,*,#2104,.F.);
#10625=ORIENTED_EDGE('',*,*,#5936,.F.);
#10626=ORIENTED_EDGE('',*,*,#3607,.T.);
#10627=ORIENTED_EDGE('',*,*,#8456,.T.);
#10628=ORIENTED_EDGE('',*,*,#6472,.T.);
#10629=ORIENTED_EDGE('',*,*,#1926,.T.);
#10630=ORIENTED_EDGE('',*,*,#1732,.T.);
#10631=ORIENTED_EDGE('',*,*,#5984,.F.);
#10632=ORIENTED_EDGE('',*,*,#1751,.T.);
#10633=ORIENTED_EDGE('',*,*,#6362,.T.);
#10634=ORIENTED_EDGE('',*,*,#1637,.T.);
#10635=ORIENTED_EDGE('',*,*,#5957,.F.);
#10636=ORIENTED_EDGE('',*,*,#1695,.F.);
#10637=ORIENTED_EDGE('',*,*,#4925,.F.);
#10638=EDGE_LOOP('',(#10624,#10625,#10626,#10627,#10628,#10629,#10630,#10631,#10632,#10633,#10634,#10635,#10636,#10637));
#10639=FACE_BOUND('',#10638,.T.);
#10640=ADVANCED_FACE('',(#10639),#10623,.T.);
#10641=CARTESIAN_POINT('',(-5.405243612,265.159643665,129.17));
#10642=DIRECTION('',(0.,-0.,1.));
#10643=DIRECTION('',(0.,1.,0.));
#10644=AXIS2_PLACEMENT_3D('',#10641,#10642,#10643);
#10645=CYLINDRICAL_SURFACE('',#10644,1.);
#10646=ORIENTED_EDGE('',*,*,#4328,.F.);
#10647=ORIENTED_EDGE('',*,*,#4957,.F.);
#10648=ORIENTED_EDGE('',*,*,#3774,.T.);
#10649=ORIENTED_EDGE('',*,*,#4595,.T.);
#10650=EDGE_LOOP('',(#10646,#10647,#10648,#10649));
#10651=FACE_BOUND('',#10650,.T.);
#10652=ADVANCED_FACE('',(#10651),#10645,.T.);
#10653=CARTESIAN_POINT('',(-0.015089493,250.094908733,108.12));
#10654=DIRECTION('',(0.,-0.,1.));
#10655=DIRECTION('',(0.,1.,0.));
#10656=AXIS2_PLACEMENT_3D('',#10653,#10654,#10655);
#10657=TOROIDAL_SURFACE('',#10656,16.,1.);
#10658=ORIENTED_EDGE('',*,*,#4643,.F.);
#10659=ORIENTED_EDGE('',*,*,#2883,.T.);
#10660=ORIENTED_EDGE('',*,*,#4908,.T.);
#10661=ORIENTED_EDGE('',*,*,#2169,.T.);
#10662=EDGE_LOOP('',(#10658,#10659,#10660,#10661));
#10663=FACE_BOUND('',#10662,.T.);
#10664=ADVANCED_FACE('',(#10663),#10657,.T.);
#10665=CARTESIAN_POINT('',(-5.405243612,265.159643665,128.12));
#10666=DIRECTION('',(0.,0.,1.));
#10667=DIRECTION('',(1.,0.,-0.));
#10668=AXIS2_PLACEMENT_3D('',#10665,#10666,#10667);
#10669=SPHERICAL_SURFACE('',#10668,1.);
#10670=ORIENTED_EDGE('',*,*,#4949,.F.);
#10671=ORIENTED_EDGE('',*,*,#1485,.F.);
#10672=ORIENTED_EDGE('',*,*,#1468,.T.);
#10673=EDGE_LOOP('',(#10670,#10671,#10672));
#10674=FACE_BOUND('',#10673,.T.);
#10675=ADVANCED_FACE('',(#10674),#10669,.T.);
#10676=CARTESIAN_POINT('',(-0.015089493,250.094908733,99.42));
#10677=DIRECTION('',(0.,0.,1.));
#10678=DIRECTION('',(1.,0.,-0.));
#10679=AXIS2_PLACEMENT_3D('',#10676,#10677,#10678);
#10680=CONICAL_SURFACE('',#10679,17.,44.999999949);
#10681=ORIENTED_EDGE('',*,*,#5927,.F.);
#10682=ORIENTED_EDGE('',*,*,#2561,.T.);
#10683=ORIENTED_EDGE('',*,*,#8472,.T.);
#10684=ORIENTED_EDGE('',*,*,#220,.T.);
#10685=EDGE_LOOP('',(#10681,#10682,#10683,#10684));
#10686=FACE_BOUND('',#10685,.T.);
#10687=ADVANCED_FACE('',(#10686),#10680,.T.);
#10688=CARTESIAN_POINT('',(-13.709198088,232.205831046,122.711371046));
#10689=DIRECTION('',(-0.766044443,0.64278761,0.));
#10690=DIRECTION('',(-0.64278761,-0.766044443,0.));
#10691=AXIS2_PLACEMENT_3D('',#10688,#10689,#10690);
#10692=CONICAL_SURFACE('',#10691,2.15,44.999999999);
#10693=ORIENTED_EDGE('',*,*,#8248,.T.);
#10694=ORIENTED_EDGE('',*,*,#8173,.F.);
#10695=ORIENTED_EDGE('',*,*,#8234,.F.);
#10696=ORIENTED_EDGE('',*,*,#8290,.F.);
#10697=ORIENTED_EDGE('',*,*,#2767,.F.);
#10698=EDGE_LOOP('',(#10693,#10694,#10695,#10696,#10697));
#10699=FACE_BOUND('',#10698,.T.);
#10700=ADVANCED_FACE('',(#10699),#10692,.F.);
#10701=CARTESIAN_POINT('',(-15.247860935,233.496922474,122.711371046));
#10702=DIRECTION('',(0.766044443,-0.64278761,0.));
#10703=DIRECTION('',(0.64278761,0.766044443,0.));
#10704=AXIS2_PLACEMENT_3D('',#10701,#10702,#10703);
#10705=CONICAL_SURFACE('',#10704,2.15,44.999999999);
#10706=ORIENTED_EDGE('',*,*,#8377,.T.);
#10707=ORIENTED_EDGE('',*,*,#828,.F.);
#10708=ORIENTED_EDGE('',*,*,#8419,.F.);
#10709=ORIENTED_EDGE('',*,*,#914,.F.);
#10710=EDGE_LOOP('',(#10706,#10707,#10708,#10709));
#10711=FACE_BOUND('',#10710,.T.);
#10712=ADVANCED_FACE('',(#10711),#10705,.F.);
#10713=CARTESIAN_POINT('',(0.,250.,142.82));
#10714=DIRECTION('',(0.,0.,-1.));
#10715=DIRECTION('',(-1.,0.,0.));
#10716=AXIS2_PLACEMENT_3D('',#10713,#10714,#10715);
#10717=CYLINDRICAL_SURFACE('',#10716,10.);
#10718=ORIENTED_EDGE('',*,*,#8900,.T.);
#10719=ORIENTED_EDGE('',*,*,#9546,.T.);
#10720=ORIENTED_EDGE('',*,*,#9830,.T.);
#10721=ORIENTED_EDGE('',*,*,#9921,.T.);
#10722=ORIENTED_EDGE('',*,*,#9942,.T.);
#10723=ORIENTED_EDGE('',*,*,#8640,.T.);
#10724=ORIENTED_EDGE('',*,*,#161,.F.);
#10725=ORIENTED_EDGE('',*,*,#8916,.T.);
#10726=ORIENTED_EDGE('',*,*,#1286,.F.);
#10727=ORIENTED_EDGE('',*,*,#8908,.T.);
#10728=ORIENTED_EDGE('',*,*,#3229,.F.);
#10729=EDGE_LOOP('',(#10718,#10719,#10720,#10721,#10722,#10723,#10724,#10725,#10726,#10727,#10728));
#10730=FACE_BOUND('',#10729,.T.);
#10731=ADVANCED_FACE('',(#10730),#10717,.F.);
#10732=CARTESIAN_POINT('',(-8.210701341,243.295942759,129.17));
#10733=DIRECTION('',(0.,0.,1.));
#10734=DIRECTION('',(1.,0.,-0.));
#10735=AXIS2_PLACEMENT_3D('',#10732,#10733,#10734);
#10736=CYLINDRICAL_SURFACE('',#10735,0.6);
#10737=ORIENTED_EDGE('',*,*,#9935,.F.);
#10738=ORIENTED_EDGE('',*,*,#9905,.T.);
#10739=ORIENTED_EDGE('',*,*,#6645,.F.);
#10740=ORIENTED_EDGE('',*,*,#8668,.F.);
#10741=EDGE_LOOP('',(#10737,#10738,#10739,#10740));
#10742=FACE_BOUND('',#10741,.T.);
#10743=ADVANCED_FACE('',(#10742),#10736,.T.);
#10744=CLOSED_SHELL('',(#360,#411,#753,#849,#932,#1020,#1422,#1472,#1500,#1534,#1574,#1614,#1647,#1705,#1736,#1769,#1820,#1930,#1981,#2090,#2694,#2777,#2811,#2851,#2894,#2943,
#2963,#3365,#3385,#3425,#3467,#3507,#3557,#3625,#3675,#3762,#3793,#3832,#3865,#3914,#4121,#4263,#4281,#4314,#4347,#4608,#4632,#4650,#4913,#4938,#4963,
#5004,#5054,#5096,#5129,#5169,#5206,#5246,#5277,#5330,#5388,#5409,#5430,#5490,#5568,#5646,#5679,#5899,#5917,#5941,#5969,#5997,#6015,#6032,#6050,#6374,
#6392,#6410,#6421,#6503,#6624,#6657,#6708,#6767,#6829,#6925,#7041,#7079,#7141,#7165,#7445,#7668,#7695,#7719,#7737,#7762,#7780,#7814,#7826,#7844,#7882,
#7900,#7917,#7949,#7968,#7987,#8005,#8023,#8054,#8085,#8109,#8133,#8238,#8261,#8295,#8314,#8347,#8367,#8390,#8424,#8460,#8485,#8502,#8519,#8536,#8553,
#8570,#8587,#8605,#8627,#8675,#8710,#8722,#8739,#8756,#8773,#8790,#8807,#8824,#8841,#8853,#8870,#8888,#9020,#9038,#9056,#9150,#9224,#9438,#9512,#9524,
#9551,#9834,#9925,#9947,#10022,#10120,#10200,#10261,#10275,#10285,#10316,#10340,#10364,#10388,#10480,#10504,#10560,#10584,#10601,#10618,#10640,#10652,#10664,#10675,#10687,
#10700,#10712,#10731,#10743));
#10745=MANIFOLD_SOLID_BREP('soldering_iron_mount_generic_ID20_x1_r1s',#10744);
#10746=COLOUR_RGB('',0.278431386,0.278431386,0.278431386);
#10747=FILL_AREA_STYLE_COLOUR('',#10746);
#10748=FILL_AREA_STYLE('',(#10747));
#10749=SURFACE_STYLE_FILL_AREA(#10748);
#10750=SURFACE_SIDE_STYLE('',(#10749));
#10751=SURFACE_STYLE_USAGE(.BOTH.,#10750);
#10752=PRESENTATION_STYLE_ASSIGNMENT((#10751));
#82=STYLED_ITEM('',(#10752),#10745);
#63=SHAPE_REPRESENTATION('Iron Mounts',(#15),#61);
#64=ADVANCED_BREP_SHAPE_REPRESENTATION('Iron Mounts',(#10745),#61);
#10760=SHAPE_REPRESENTATION_RELATIONSHIP('','',#63,#64);
#10761=CARTESIAN_POINT('',(0.,0.,0.));
#10762=DIRECTION('',(0.,0.,1.));
#10763=DIRECTION('',(1.,0.,0.));
#10764=AXIS2_PLACEMENT_3D('',#10761,#10762,#10763);
#10766=MAPPED_ITEM('',#10765,#10764);
#10765=REPRESENTATION_MAP(#10764,#63);
#10767=APPLICATION_CONTEXT('Managed model based 3d engineering');
#10768=APPLICATION_PROTOCOL_DEFINITION('international standard','ap242_managed_model_based_3d_engineering',2014,#10767);
#10769=PRODUCT_CONTEXT('',#10767,'mechanical');
#10770=PRODUCT_DEFINITION_CONTEXT('part definition',#10767,'design');
#71=PRODUCT('Iron Mounts','Iron Mounts','',(#10769));
#10771=PRODUCT_RELATED_PRODUCT_CATEGORY('part','',(#71));
#10772=PRODUCT_DEFINITION_FORMATION_WITH_SPECIFIED_SOURCE('','',#71,.NOT_KNOWN.);
#72=PRODUCT_DEFINITION('design','',#10772,#10770);
#70=PRODUCT_DEFINITION_SHAPE('','',#72);
#10773=SHAPE_DEFINITION_REPRESENTATION(#70,#63);
#62=DRAUGHTING_MODEL('',(#10766),#61);
#35=SHAPE_REPRESENTATION('Stealth_Press_Rev1S',(#15,#76),#33);
#10774=CARTESIAN_POINT('',(0.,0.,0.));
#10775=DIRECTION('',(0.,0.,1.));
#10776=DIRECTION('',(1.,0.,0.));
#10777=AXIS2_PLACEMENT_3D('',#10774,#10775,#10776);
#10779=MAPPED_ITEM('',#10778,#10777);
#10778=REPRESENTATION_MAP(#10777,#35);
#43=PRODUCT('Stealth_Press_Rev1S','Stealth_Press_Rev1S','',(#10769));
#10780=PRODUCT_RELATED_PRODUCT_CATEGORY('part','',(#43));
#10781=PRODUCT_DEFINITION_FORMATION_WITH_SPECIFIED_SOURCE('','',#43,.NOT_KNOWN.);
#44=PRODUCT_DEFINITION('design','',#10781,#10770);
#42=PRODUCT_DEFINITION_SHAPE('','',#44);
#10782=SHAPE_DEFINITION_REPRESENTATION(#42,#35);
#34=DRAUGHTING_MODEL('',(#10779),#33);
#16=SHAPE_REPRESENTATION('root',(#15,#48),#10);
#10783=CARTESIAN_POINT('',(0.,0.,0.));
#10784=DIRECTION('',(0.,0.,1.));
#10785=DIRECTION('',(1.,0.,0.));
#10786=AXIS2_PLACEMENT_3D('',#10783,#10784,#10785);
#10788=MAPPED_ITEM('',#10787,#10786);
#10787=REPRESENTATION_MAP(#10786,#16);
#24=PRODUCT('root','root','',(#10769));
#10789=PRODUCT_RELATED_PRODUCT_CATEGORY('part','',(#24));
#10790=PRODUCT_DEFINITION_FORMATION_WITH_SPECIFIED_SOURCE('','',#24,.NOT_KNOWN.);
#25=PRODUCT_DEFINITION('design','',#10790,#10770);
#23=PRODUCT_DEFINITION_SHAPE('','',#25);
#10791=SHAPE_DEFINITION_REPRESENTATION(#23,#16);
#11=DRAUGHTING_MODEL('',(#10788),#10);
#10792=DESCRIPTIVE_REPRESENTATION_ITEM('KEY','/Users/mairisskuja/Library/Containers/com.shapr3d.shapr/Data/tmp/45A91B15-C72C-4541-A4E1-962AF495104F.tmp');
#10793=PROPERTY_DEFINITION('KEY','',#25);
#10794=REPRESENTATION('',(#10792),#10);
#10795=PROPERTY_DEFINITION_REPRESENTATION(#10793,#10794);
#10796=GENERAL_PROPERTY('','KEY','');
#10797=GENERAL_PROPERTY_ASSOCIATION('','',#10796,#10793);
#1=MECHANICAL_DESIGN_GEOMETRIC_PRESENTATION_REPRESENTATION('',(#5012,#5055,#5097,#5130,#5170,#5207,#5247,#82),#10);
ENDSEC;
END-ISO-10303-21;
